ISO-10303-21;
HEADER;
/* Generated by software containing ST-Developer
 * from STEP Tools, Inc. (www.steptools.com) 
 */

FILE_DESCRIPTION(
/* description */ (''),
/* implementation_level */ '2;1');

FILE_NAME(
/* name */ 'JST-XH SMD 10p.step',
/* time_stamp */ '2026-05-15T22:55:46+02:00',
/* author */ (''),
/* organization */ (''),
/* preprocessor_version */ 'ST-DEVELOPER v20.1',
/* originating_system */ 'Autodesk Translation Framework v15.8.0.0',
/* authorisation */ '');

FILE_SCHEMA (('AUTOMOTIVE_DESIGN { 1 0 10303 214 3 1 1 }'));
ENDSEC;

DATA;
#10=MECHANICAL_DESIGN_GEOMETRIC_PRESENTATION_REPRESENTATION('',(#79,#80,
#81,#82,#83,#84,#85,#86,#87,#88,#89,#90,#91),#9537);
#11=SHAPE_REPRESENTATION_RELATIONSHIP('SRR','None',#9544,#12);
#12=ADVANCED_BREP_SHAPE_REPRESENTATION('',(#92,#93,#94,#95,#96,#97,#98,
#99,#100,#101,#102,#103,#104),#9536);
#13=CYLINDRICAL_SURFACE('',#6153,0.1);
#14=CYLINDRICAL_SURFACE('',#6156,0.2);
#15=CYLINDRICAL_SURFACE('',#6172,0.1);
#16=CYLINDRICAL_SURFACE('',#6175,0.2);
#17=CYLINDRICAL_SURFACE('',#6191,0.1);
#18=CYLINDRICAL_SURFACE('',#6194,0.2);
#19=CYLINDRICAL_SURFACE('',#6210,0.1);
#20=CYLINDRICAL_SURFACE('',#6213,0.2);
#21=CYLINDRICAL_SURFACE('',#6229,0.1);
#22=CYLINDRICAL_SURFACE('',#6232,0.2);
#23=CYLINDRICAL_SURFACE('',#6248,0.1);
#24=CYLINDRICAL_SURFACE('',#6251,0.2);
#25=CYLINDRICAL_SURFACE('',#6267,0.1);
#26=CYLINDRICAL_SURFACE('',#6270,0.2);
#27=CYLINDRICAL_SURFACE('',#6286,0.1);
#28=CYLINDRICAL_SURFACE('',#6289,0.2);
#29=CYLINDRICAL_SURFACE('',#6305,0.1);
#30=CYLINDRICAL_SURFACE('',#6308,0.2);
#31=CYLINDRICAL_SURFACE('',#6324,0.1);
#32=CYLINDRICAL_SURFACE('',#6327,0.2);
#33=CYLINDRICAL_SURFACE('',#6331,0.25);
#34=CYLINDRICAL_SURFACE('',#6341,0.25);
#35=CIRCLE('',#6142,0.1);
#36=CIRCLE('',#6143,0.2);
#37=CIRCLE('',#6154,0.1);
#38=CIRCLE('',#6157,0.2);
#39=CIRCLE('',#6161,0.1);
#40=CIRCLE('',#6162,0.2);
#41=CIRCLE('',#6173,0.1);
#42=CIRCLE('',#6176,0.2);
#43=CIRCLE('',#6180,0.1);
#44=CIRCLE('',#6181,0.2);
#45=CIRCLE('',#6192,0.1);
#46=CIRCLE('',#6195,0.2);
#47=CIRCLE('',#6199,0.1);
#48=CIRCLE('',#6200,0.2);
#49=CIRCLE('',#6211,0.1);
#50=CIRCLE('',#6214,0.2);
#51=CIRCLE('',#6218,0.1);
#52=CIRCLE('',#6219,0.2);
#53=CIRCLE('',#6230,0.1);
#54=CIRCLE('',#6233,0.2);
#55=CIRCLE('',#6237,0.1);
#56=CIRCLE('',#6238,0.2);
#57=CIRCLE('',#6249,0.1);
#58=CIRCLE('',#6252,0.2);
#59=CIRCLE('',#6256,0.1);
#60=CIRCLE('',#6257,0.2);
#61=CIRCLE('',#6268,0.1);
#62=CIRCLE('',#6271,0.2);
#63=CIRCLE('',#6275,0.1);
#64=CIRCLE('',#6276,0.2);
#65=CIRCLE('',#6287,0.1);
#66=CIRCLE('',#6290,0.2);
#67=CIRCLE('',#6294,0.1);
#68=CIRCLE('',#6295,0.2);
#69=CIRCLE('',#6306,0.1);
#70=CIRCLE('',#6309,0.2);
#71=CIRCLE('',#6313,0.1);
#72=CIRCLE('',#6314,0.2);
#73=CIRCLE('',#6325,0.1);
#74=CIRCLE('',#6328,0.2);
#75=CIRCLE('',#6332,0.25);
#76=CIRCLE('',#6333,0.25);
#77=CIRCLE('',#6342,0.25);
#78=CIRCLE('',#6343,0.25);
#79=STYLED_ITEM('',(#9554),#92);
#80=STYLED_ITEM('',(#9555),#93);
#81=STYLED_ITEM('',(#9555),#94);
#82=STYLED_ITEM('',(#9555),#95);
#83=STYLED_ITEM('',(#9555),#96);
#84=STYLED_ITEM('',(#9555),#97);
#85=STYLED_ITEM('',(#9555),#98);
#86=STYLED_ITEM('',(#9555),#99);
#87=STYLED_ITEM('',(#9555),#100);
#88=STYLED_ITEM('',(#9555),#101);
#89=STYLED_ITEM('',(#9555),#102);
#90=STYLED_ITEM('',(#9555),#103);
#91=STYLED_ITEM('',(#9555),#104);
#92=MANIFOLD_SOLID_BREP('Connector body',#5977);
#93=MANIFOLD_SOLID_BREP('Pin',#5978);
#94=MANIFOLD_SOLID_BREP('Pin (1)',#5979);
#95=MANIFOLD_SOLID_BREP('Pin (2)',#5980);
#96=MANIFOLD_SOLID_BREP('Pin (3)',#5981);
#97=MANIFOLD_SOLID_BREP('Pin (4)',#5982);
#98=MANIFOLD_SOLID_BREP('Pin (5)',#5983);
#99=MANIFOLD_SOLID_BREP('Pin (6)',#5984);
#100=MANIFOLD_SOLID_BREP('Pin (7)',#5985);
#101=MANIFOLD_SOLID_BREP('Pin (8)',#5986);
#102=MANIFOLD_SOLID_BREP('Pin (9)',#5987);
#103=MANIFOLD_SOLID_BREP('Anchor Plate',#5988);
#104=MANIFOLD_SOLID_BREP('Anchor Plate (1)',#5989);
#105=FACE_BOUND('',#552,.T.);
#106=FACE_BOUND('',#553,.T.);
#107=FACE_BOUND('',#554,.T.);
#108=FACE_BOUND('',#555,.T.);
#109=FACE_BOUND('',#556,.T.);
#110=FACE_BOUND('',#557,.T.);
#111=FACE_BOUND('',#558,.T.);
#112=FACE_BOUND('',#559,.T.);
#113=FACE_BOUND('',#560,.T.);
#114=FACE_BOUND('',#561,.T.);
#115=FACE_BOUND('',#567,.T.);
#116=FACE_BOUND('',#568,.T.);
#117=FACE_BOUND('',#569,.T.);
#118=FACE_BOUND('',#570,.T.);
#119=FACE_BOUND('',#571,.T.);
#120=FACE_BOUND('',#572,.T.);
#121=FACE_BOUND('',#573,.T.);
#122=FACE_BOUND('',#574,.T.);
#123=FACE_BOUND('',#575,.T.);
#124=FACE_BOUND('',#576,.T.);
#125=FACE_OUTER_BOUND('',#429,.T.);
#126=FACE_OUTER_BOUND('',#430,.T.);
#127=FACE_OUTER_BOUND('',#431,.T.);
#128=FACE_OUTER_BOUND('',#432,.T.);
#129=FACE_OUTER_BOUND('',#433,.T.);
#130=FACE_OUTER_BOUND('',#434,.T.);
#131=FACE_OUTER_BOUND('',#435,.T.);
#132=FACE_OUTER_BOUND('',#436,.T.);
#133=FACE_OUTER_BOUND('',#437,.T.);
#134=FACE_OUTER_BOUND('',#438,.T.);
#135=FACE_OUTER_BOUND('',#439,.T.);
#136=FACE_OUTER_BOUND('',#440,.T.);
#137=FACE_OUTER_BOUND('',#441,.T.);
#138=FACE_OUTER_BOUND('',#442,.T.);
#139=FACE_OUTER_BOUND('',#443,.T.);
#140=FACE_OUTER_BOUND('',#444,.T.);
#141=FACE_OUTER_BOUND('',#445,.T.);
#142=FACE_OUTER_BOUND('',#446,.T.);
#143=FACE_OUTER_BOUND('',#447,.T.);
#144=FACE_OUTER_BOUND('',#448,.T.);
#145=FACE_OUTER_BOUND('',#449,.T.);
#146=FACE_OUTER_BOUND('',#450,.T.);
#147=FACE_OUTER_BOUND('',#451,.T.);
#148=FACE_OUTER_BOUND('',#452,.T.);
#149=FACE_OUTER_BOUND('',#453,.T.);
#150=FACE_OUTER_BOUND('',#454,.T.);
#151=FACE_OUTER_BOUND('',#455,.T.);
#152=FACE_OUTER_BOUND('',#456,.T.);
#153=FACE_OUTER_BOUND('',#457,.T.);
#154=FACE_OUTER_BOUND('',#458,.T.);
#155=FACE_OUTER_BOUND('',#459,.T.);
#156=FACE_OUTER_BOUND('',#460,.T.);
#157=FACE_OUTER_BOUND('',#461,.T.);
#158=FACE_OUTER_BOUND('',#462,.T.);
#159=FACE_OUTER_BOUND('',#463,.T.);
#160=FACE_OUTER_BOUND('',#464,.T.);
#161=FACE_OUTER_BOUND('',#465,.T.);
#162=FACE_OUTER_BOUND('',#466,.T.);
#163=FACE_OUTER_BOUND('',#467,.T.);
#164=FACE_OUTER_BOUND('',#468,.T.);
#165=FACE_OUTER_BOUND('',#469,.T.);
#166=FACE_OUTER_BOUND('',#470,.T.);
#167=FACE_OUTER_BOUND('',#471,.T.);
#168=FACE_OUTER_BOUND('',#472,.T.);
#169=FACE_OUTER_BOUND('',#473,.T.);
#170=FACE_OUTER_BOUND('',#474,.T.);
#171=FACE_OUTER_BOUND('',#475,.T.);
#172=FACE_OUTER_BOUND('',#476,.T.);
#173=FACE_OUTER_BOUND('',#477,.T.);
#174=FACE_OUTER_BOUND('',#478,.T.);
#175=FACE_OUTER_BOUND('',#479,.T.);
#176=FACE_OUTER_BOUND('',#480,.T.);
#177=FACE_OUTER_BOUND('',#481,.T.);
#178=FACE_OUTER_BOUND('',#482,.T.);
#179=FACE_OUTER_BOUND('',#483,.T.);
#180=FACE_OUTER_BOUND('',#484,.T.);
#181=FACE_OUTER_BOUND('',#485,.T.);
#182=FACE_OUTER_BOUND('',#486,.T.);
#183=FACE_OUTER_BOUND('',#487,.T.);
#184=FACE_OUTER_BOUND('',#488,.T.);
#185=FACE_OUTER_BOUND('',#489,.T.);
#186=FACE_OUTER_BOUND('',#490,.T.);
#187=FACE_OUTER_BOUND('',#491,.T.);
#188=FACE_OUTER_BOUND('',#492,.T.);
#189=FACE_OUTER_BOUND('',#493,.T.);
#190=FACE_OUTER_BOUND('',#494,.T.);
#191=FACE_OUTER_BOUND('',#495,.T.);
#192=FACE_OUTER_BOUND('',#496,.T.);
#193=FACE_OUTER_BOUND('',#497,.T.);
#194=FACE_OUTER_BOUND('',#498,.T.);
#195=FACE_OUTER_BOUND('',#499,.T.);
#196=FACE_OUTER_BOUND('',#500,.T.);
#197=FACE_OUTER_BOUND('',#501,.T.);
#198=FACE_OUTER_BOUND('',#502,.T.);
#199=FACE_OUTER_BOUND('',#503,.T.);
#200=FACE_OUTER_BOUND('',#504,.T.);
#201=FACE_OUTER_BOUND('',#505,.T.);
#202=FACE_OUTER_BOUND('',#506,.T.);
#203=FACE_OUTER_BOUND('',#507,.T.);
#204=FACE_OUTER_BOUND('',#508,.T.);
#205=FACE_OUTER_BOUND('',#509,.T.);
#206=FACE_OUTER_BOUND('',#510,.T.);
#207=FACE_OUTER_BOUND('',#511,.T.);
#208=FACE_OUTER_BOUND('',#512,.T.);
#209=FACE_OUTER_BOUND('',#513,.T.);
#210=FACE_OUTER_BOUND('',#514,.T.);
#211=FACE_OUTER_BOUND('',#515,.T.);
#212=FACE_OUTER_BOUND('',#516,.T.);
#213=FACE_OUTER_BOUND('',#517,.T.);
#214=FACE_OUTER_BOUND('',#518,.T.);
#215=FACE_OUTER_BOUND('',#519,.T.);
#216=FACE_OUTER_BOUND('',#520,.T.);
#217=FACE_OUTER_BOUND('',#521,.T.);
#218=FACE_OUTER_BOUND('',#522,.T.);
#219=FACE_OUTER_BOUND('',#523,.T.);
#220=FACE_OUTER_BOUND('',#524,.T.);
#221=FACE_OUTER_BOUND('',#525,.T.);
#222=FACE_OUTER_BOUND('',#526,.T.);
#223=FACE_OUTER_BOUND('',#527,.T.);
#224=FACE_OUTER_BOUND('',#528,.T.);
#225=FACE_OUTER_BOUND('',#529,.T.);
#226=FACE_OUTER_BOUND('',#530,.T.);
#227=FACE_OUTER_BOUND('',#531,.T.);
#228=FACE_OUTER_BOUND('',#532,.T.);
#229=FACE_OUTER_BOUND('',#533,.T.);
#230=FACE_OUTER_BOUND('',#534,.T.);
#231=FACE_OUTER_BOUND('',#535,.T.);
#232=FACE_OUTER_BOUND('',#536,.T.);
#233=FACE_OUTER_BOUND('',#537,.T.);
#234=FACE_OUTER_BOUND('',#538,.T.);
#235=FACE_OUTER_BOUND('',#539,.T.);
#236=FACE_OUTER_BOUND('',#540,.T.);
#237=FACE_OUTER_BOUND('',#541,.T.);
#238=FACE_OUTER_BOUND('',#542,.T.);
#239=FACE_OUTER_BOUND('',#543,.T.);
#240=FACE_OUTER_BOUND('',#544,.T.);
#241=FACE_OUTER_BOUND('',#545,.T.);
#242=FACE_OUTER_BOUND('',#546,.T.);
#243=FACE_OUTER_BOUND('',#547,.T.);
#244=FACE_OUTER_BOUND('',#548,.T.);
#245=FACE_OUTER_BOUND('',#549,.T.);
#246=FACE_OUTER_BOUND('',#550,.T.);
#247=FACE_OUTER_BOUND('',#551,.T.);
#248=FACE_OUTER_BOUND('',#562,.T.);
#249=FACE_OUTER_BOUND('',#563,.T.);
#250=FACE_OUTER_BOUND('',#564,.T.);
#251=FACE_OUTER_BOUND('',#565,.T.);
#252=FACE_OUTER_BOUND('',#566,.T.);
#253=FACE_OUTER_BOUND('',#577,.T.);
#254=FACE_OUTER_BOUND('',#578,.T.);
#255=FACE_OUTER_BOUND('',#579,.T.);
#256=FACE_OUTER_BOUND('',#580,.T.);
#257=FACE_OUTER_BOUND('',#581,.T.);
#258=FACE_OUTER_BOUND('',#582,.T.);
#259=FACE_OUTER_BOUND('',#583,.T.);
#260=FACE_OUTER_BOUND('',#584,.T.);
#261=FACE_OUTER_BOUND('',#585,.T.);
#262=FACE_OUTER_BOUND('',#586,.T.);
#263=FACE_OUTER_BOUND('',#587,.T.);
#264=FACE_OUTER_BOUND('',#588,.T.);
#265=FACE_OUTER_BOUND('',#589,.T.);
#266=FACE_OUTER_BOUND('',#590,.T.);
#267=FACE_OUTER_BOUND('',#591,.T.);
#268=FACE_OUTER_BOUND('',#592,.T.);
#269=FACE_OUTER_BOUND('',#593,.T.);
#270=FACE_OUTER_BOUND('',#594,.T.);
#271=FACE_OUTER_BOUND('',#595,.T.);
#272=FACE_OUTER_BOUND('',#596,.T.);
#273=FACE_OUTER_BOUND('',#597,.T.);
#274=FACE_OUTER_BOUND('',#598,.T.);
#275=FACE_OUTER_BOUND('',#599,.T.);
#276=FACE_OUTER_BOUND('',#600,.T.);
#277=FACE_OUTER_BOUND('',#601,.T.);
#278=FACE_OUTER_BOUND('',#602,.T.);
#279=FACE_OUTER_BOUND('',#603,.T.);
#280=FACE_OUTER_BOUND('',#604,.T.);
#281=FACE_OUTER_BOUND('',#605,.T.);
#282=FACE_OUTER_BOUND('',#606,.T.);
#283=FACE_OUTER_BOUND('',#607,.T.);
#284=FACE_OUTER_BOUND('',#608,.T.);
#285=FACE_OUTER_BOUND('',#609,.T.);
#286=FACE_OUTER_BOUND('',#610,.T.);
#287=FACE_OUTER_BOUND('',#611,.T.);
#288=FACE_OUTER_BOUND('',#612,.T.);
#289=FACE_OUTER_BOUND('',#613,.T.);
#290=FACE_OUTER_BOUND('',#614,.T.);
#291=FACE_OUTER_BOUND('',#615,.T.);
#292=FACE_OUTER_BOUND('',#616,.T.);
#293=FACE_OUTER_BOUND('',#617,.T.);
#294=FACE_OUTER_BOUND('',#618,.T.);
#295=FACE_OUTER_BOUND('',#619,.T.);
#296=FACE_OUTER_BOUND('',#620,.T.);
#297=FACE_OUTER_BOUND('',#621,.T.);
#298=FACE_OUTER_BOUND('',#622,.T.);
#299=FACE_OUTER_BOUND('',#623,.T.);
#300=FACE_OUTER_BOUND('',#624,.T.);
#301=FACE_OUTER_BOUND('',#625,.T.);
#302=FACE_OUTER_BOUND('',#626,.T.);
#303=FACE_OUTER_BOUND('',#627,.T.);
#304=FACE_OUTER_BOUND('',#628,.T.);
#305=FACE_OUTER_BOUND('',#629,.T.);
#306=FACE_OUTER_BOUND('',#630,.T.);
#307=FACE_OUTER_BOUND('',#631,.T.);
#308=FACE_OUTER_BOUND('',#632,.T.);
#309=FACE_OUTER_BOUND('',#633,.T.);
#310=FACE_OUTER_BOUND('',#634,.T.);
#311=FACE_OUTER_BOUND('',#635,.T.);
#312=FACE_OUTER_BOUND('',#636,.T.);
#313=FACE_OUTER_BOUND('',#637,.T.);
#314=FACE_OUTER_BOUND('',#638,.T.);
#315=FACE_OUTER_BOUND('',#639,.T.);
#316=FACE_OUTER_BOUND('',#640,.T.);
#317=FACE_OUTER_BOUND('',#641,.T.);
#318=FACE_OUTER_BOUND('',#642,.T.);
#319=FACE_OUTER_BOUND('',#643,.T.);
#320=FACE_OUTER_BOUND('',#644,.T.);
#321=FACE_OUTER_BOUND('',#645,.T.);
#322=FACE_OUTER_BOUND('',#646,.T.);
#323=FACE_OUTER_BOUND('',#647,.T.);
#324=FACE_OUTER_BOUND('',#648,.T.);
#325=FACE_OUTER_BOUND('',#649,.T.);
#326=FACE_OUTER_BOUND('',#650,.T.);
#327=FACE_OUTER_BOUND('',#651,.T.);
#328=FACE_OUTER_BOUND('',#652,.T.);
#329=FACE_OUTER_BOUND('',#653,.T.);
#330=FACE_OUTER_BOUND('',#654,.T.);
#331=FACE_OUTER_BOUND('',#655,.T.);
#332=FACE_OUTER_BOUND('',#656,.T.);
#333=FACE_OUTER_BOUND('',#657,.T.);
#334=FACE_OUTER_BOUND('',#658,.T.);
#335=FACE_OUTER_BOUND('',#659,.T.);
#336=FACE_OUTER_BOUND('',#660,.T.);
#337=FACE_OUTER_BOUND('',#661,.T.);
#338=FACE_OUTER_BOUND('',#662,.T.);
#339=FACE_OUTER_BOUND('',#663,.T.);
#340=FACE_OUTER_BOUND('',#664,.T.);
#341=FACE_OUTER_BOUND('',#665,.T.);
#342=FACE_OUTER_BOUND('',#666,.T.);
#343=FACE_OUTER_BOUND('',#667,.T.);
#344=FACE_OUTER_BOUND('',#668,.T.);
#345=FACE_OUTER_BOUND('',#669,.T.);
#346=FACE_OUTER_BOUND('',#670,.T.);
#347=FACE_OUTER_BOUND('',#671,.T.);
#348=FACE_OUTER_BOUND('',#672,.T.);
#349=FACE_OUTER_BOUND('',#673,.T.);
#350=FACE_OUTER_BOUND('',#674,.T.);
#351=FACE_OUTER_BOUND('',#675,.T.);
#352=FACE_OUTER_BOUND('',#676,.T.);
#353=FACE_OUTER_BOUND('',#677,.T.);
#354=FACE_OUTER_BOUND('',#678,.T.);
#355=FACE_OUTER_BOUND('',#679,.T.);
#356=FACE_OUTER_BOUND('',#680,.T.);
#357=FACE_OUTER_BOUND('',#681,.T.);
#358=FACE_OUTER_BOUND('',#682,.T.);
#359=FACE_OUTER_BOUND('',#683,.T.);
#360=FACE_OUTER_BOUND('',#684,.T.);
#361=FACE_OUTER_BOUND('',#685,.T.);
#362=FACE_OUTER_BOUND('',#686,.T.);
#363=FACE_OUTER_BOUND('',#687,.T.);
#364=FACE_OUTER_BOUND('',#688,.T.);
#365=FACE_OUTER_BOUND('',#689,.T.);
#366=FACE_OUTER_BOUND('',#690,.T.);
#367=FACE_OUTER_BOUND('',#691,.T.);
#368=FACE_OUTER_BOUND('',#692,.T.);
#369=FACE_OUTER_BOUND('',#693,.T.);
#370=FACE_OUTER_BOUND('',#694,.T.);
#371=FACE_OUTER_BOUND('',#695,.T.);
#372=FACE_OUTER_BOUND('',#696,.T.);
#373=FACE_OUTER_BOUND('',#697,.T.);
#374=FACE_OUTER_BOUND('',#698,.T.);
#375=FACE_OUTER_BOUND('',#699,.T.);
#376=FACE_OUTER_BOUND('',#700,.T.);
#377=FACE_OUTER_BOUND('',#701,.T.);
#378=FACE_OUTER_BOUND('',#702,.T.);
#379=FACE_OUTER_BOUND('',#703,.T.);
#380=FACE_OUTER_BOUND('',#704,.T.);
#381=FACE_OUTER_BOUND('',#705,.T.);
#382=FACE_OUTER_BOUND('',#706,.T.);
#383=FACE_OUTER_BOUND('',#707,.T.);
#384=FACE_OUTER_BOUND('',#708,.T.);
#385=FACE_OUTER_BOUND('',#709,.T.);
#386=FACE_OUTER_BOUND('',#710,.T.);
#387=FACE_OUTER_BOUND('',#711,.T.);
#388=FACE_OUTER_BOUND('',#712,.T.);
#389=FACE_OUTER_BOUND('',#713,.T.);
#390=FACE_OUTER_BOUND('',#714,.T.);
#391=FACE_OUTER_BOUND('',#715,.T.);
#392=FACE_OUTER_BOUND('',#716,.T.);
#393=FACE_OUTER_BOUND('',#717,.T.);
#394=FACE_OUTER_BOUND('',#718,.T.);
#395=FACE_OUTER_BOUND('',#719,.T.);
#396=FACE_OUTER_BOUND('',#720,.T.);
#397=FACE_OUTER_BOUND('',#721,.T.);
#398=FACE_OUTER_BOUND('',#722,.T.);
#399=FACE_OUTER_BOUND('',#723,.T.);
#400=FACE_OUTER_BOUND('',#724,.T.);
#401=FACE_OUTER_BOUND('',#725,.T.);
#402=FACE_OUTER_BOUND('',#726,.T.);
#403=FACE_OUTER_BOUND('',#727,.T.);
#404=FACE_OUTER_BOUND('',#728,.T.);
#405=FACE_OUTER_BOUND('',#729,.T.);
#406=FACE_OUTER_BOUND('',#730,.T.);
#407=FACE_OUTER_BOUND('',#731,.T.);
#408=FACE_OUTER_BOUND('',#732,.T.);
#409=FACE_OUTER_BOUND('',#733,.T.);
#410=FACE_OUTER_BOUND('',#734,.T.);
#411=FACE_OUTER_BOUND('',#735,.T.);
#412=FACE_OUTER_BOUND('',#736,.T.);
#413=FACE_OUTER_BOUND('',#737,.T.);
#414=FACE_OUTER_BOUND('',#738,.T.);
#415=FACE_OUTER_BOUND('',#739,.T.);
#416=FACE_OUTER_BOUND('',#740,.T.);
#417=FACE_OUTER_BOUND('',#741,.T.);
#418=FACE_OUTER_BOUND('',#742,.T.);
#419=FACE_OUTER_BOUND('',#743,.T.);
#420=FACE_OUTER_BOUND('',#744,.T.);
#421=FACE_OUTER_BOUND('',#745,.T.);
#422=FACE_OUTER_BOUND('',#746,.T.);
#423=FACE_OUTER_BOUND('',#747,.T.);
#424=FACE_OUTER_BOUND('',#748,.T.);
#425=FACE_OUTER_BOUND('',#749,.T.);
#426=FACE_OUTER_BOUND('',#750,.T.);
#427=FACE_OUTER_BOUND('',#751,.T.);
#428=FACE_OUTER_BOUND('',#752,.T.);
#429=EDGE_LOOP('',(#3723,#3724,#3725,#3726));
#430=EDGE_LOOP('',(#3727,#3728,#3729,#3730));
#431=EDGE_LOOP('',(#3731,#3732,#3733,#3734,#3735,#3736,#3737,#3738,#3739,
#3740,#3741,#3742,#3743,#3744,#3745,#3746,#3747));
#432=EDGE_LOOP('',(#3748,#3749,#3750,#3751));
#433=EDGE_LOOP('',(#3752,#3753,#3754,#3755,#3756,#3757));
#434=EDGE_LOOP('',(#3758,#3759,#3760,#3761));
#435=EDGE_LOOP('',(#3762,#3763,#3764,#3765,#3766,#3767));
#436=EDGE_LOOP('',(#3768,#3769,#3770,#3771));
#437=EDGE_LOOP('',(#3772,#3773,#3774,#3775,#3776,#3777));
#438=EDGE_LOOP('',(#3778,#3779,#3780,#3781));
#439=EDGE_LOOP('',(#3782,#3783,#3784,#3785));
#440=EDGE_LOOP('',(#3786,#3787,#3788,#3789,#3790,#3791,#3792,#3793,#3794,
#3795,#3796,#3797,#3798,#3799,#3800,#3801,#3802));
#441=EDGE_LOOP('',(#3803,#3804,#3805,#3806,#3807,#3808));
#442=EDGE_LOOP('',(#3809,#3810,#3811,#3812));
#443=EDGE_LOOP('',(#3813,#3814,#3815,#3816));
#444=EDGE_LOOP('',(#3817,#3818,#3819,#3820,#3821,#3822));
#445=EDGE_LOOP('',(#3823,#3824,#3825,#3826));
#446=EDGE_LOOP('',(#3827,#3828,#3829,#3830,#3831,#3832));
#447=EDGE_LOOP('',(#3833,#3834,#3835,#3836));
#448=EDGE_LOOP('',(#3837,#3838,#3839,#3840));
#449=EDGE_LOOP('',(#3841,#3842,#3843,#3844));
#450=EDGE_LOOP('',(#3845,#3846,#3847,#3848));
#451=EDGE_LOOP('',(#3849,#3850,#3851,#3852));
#452=EDGE_LOOP('',(#3853,#3854,#3855,#3856));
#453=EDGE_LOOP('',(#3857,#3858,#3859,#3860));
#454=EDGE_LOOP('',(#3861,#3862,#3863,#3864,#3865,#3866));
#455=EDGE_LOOP('',(#3867,#3868,#3869,#3870));
#456=EDGE_LOOP('',(#3871,#3872,#3873,#3874,#3875,#3876,#3877,#3878,#3879,
#3880,#3881,#3882,#3883,#3884,#3885,#3886,#3887,#3888,#3889,#3890,#3891,
#3892,#3893,#3894,#3895,#3896,#3897,#3898,#3899,#3900,#3901,#3902,#3903,
#3904,#3905,#3906,#3907,#3908,#3909,#3910,#3911,#3912,#3913,#3914,#3915,
#3916,#3917,#3918,#3919,#3920,#3921,#3922));
#457=EDGE_LOOP('',(#3923,#3924,#3925,#3926));
#458=EDGE_LOOP('',(#3927,#3928,#3929,#3930));
#459=EDGE_LOOP('',(#3931,#3932,#3933,#3934));
#460=EDGE_LOOP('',(#3935,#3936,#3937,#3938));
#461=EDGE_LOOP('',(#3939,#3940,#3941,#3942));
#462=EDGE_LOOP('',(#3943,#3944,#3945,#3946));
#463=EDGE_LOOP('',(#3947,#3948,#3949,#3950));
#464=EDGE_LOOP('',(#3951,#3952,#3953,#3954));
#465=EDGE_LOOP('',(#3955,#3956,#3957,#3958));
#466=EDGE_LOOP('',(#3959,#3960,#3961,#3962));
#467=EDGE_LOOP('',(#3963,#3964,#3965,#3966));
#468=EDGE_LOOP('',(#3967,#3968,#3969,#3970));
#469=EDGE_LOOP('',(#3971,#3972,#3973,#3974));
#470=EDGE_LOOP('',(#3975,#3976,#3977,#3978));
#471=EDGE_LOOP('',(#3979,#3980,#3981,#3982));
#472=EDGE_LOOP('',(#3983,#3984,#3985,#3986));
#473=EDGE_LOOP('',(#3987,#3988,#3989,#3990));
#474=EDGE_LOOP('',(#3991,#3992,#3993,#3994));
#475=EDGE_LOOP('',(#3995,#3996,#3997,#3998));
#476=EDGE_LOOP('',(#3999,#4000,#4001,#4002));
#477=EDGE_LOOP('',(#4003,#4004,#4005,#4006));
#478=EDGE_LOOP('',(#4007,#4008,#4009,#4010));
#479=EDGE_LOOP('',(#4011,#4012,#4013,#4014));
#480=EDGE_LOOP('',(#4015,#4016,#4017,#4018));
#481=EDGE_LOOP('',(#4019,#4020,#4021,#4022));
#482=EDGE_LOOP('',(#4023,#4024,#4025,#4026));
#483=EDGE_LOOP('',(#4027,#4028,#4029,#4030));
#484=EDGE_LOOP('',(#4031,#4032,#4033,#4034));
#485=EDGE_LOOP('',(#4035,#4036,#4037,#4038));
#486=EDGE_LOOP('',(#4039,#4040,#4041,#4042));
#487=EDGE_LOOP('',(#4043,#4044,#4045,#4046));
#488=EDGE_LOOP('',(#4047,#4048,#4049,#4050));
#489=EDGE_LOOP('',(#4051,#4052,#4053,#4054));
#490=EDGE_LOOP('',(#4055,#4056,#4057,#4058));
#491=EDGE_LOOP('',(#4059,#4060,#4061,#4062));
#492=EDGE_LOOP('',(#4063,#4064,#4065,#4066));
#493=EDGE_LOOP('',(#4067,#4068,#4069,#4070));
#494=EDGE_LOOP('',(#4071,#4072,#4073,#4074));
#495=EDGE_LOOP('',(#4075,#4076,#4077,#4078));
#496=EDGE_LOOP('',(#4079,#4080,#4081,#4082));
#497=EDGE_LOOP('',(#4083,#4084,#4085,#4086));
#498=EDGE_LOOP('',(#4087,#4088,#4089,#4090));
#499=EDGE_LOOP('',(#4091,#4092,#4093,#4094));
#500=EDGE_LOOP('',(#4095,#4096,#4097,#4098));
#501=EDGE_LOOP('',(#4099,#4100,#4101,#4102));
#502=EDGE_LOOP('',(#4103,#4104,#4105,#4106));
#503=EDGE_LOOP('',(#4107,#4108,#4109,#4110));
#504=EDGE_LOOP('',(#4111,#4112,#4113,#4114));
#505=EDGE_LOOP('',(#4115,#4116,#4117,#4118));
#506=EDGE_LOOP('',(#4119,#4120,#4121,#4122));
#507=EDGE_LOOP('',(#4123,#4124,#4125,#4126));
#508=EDGE_LOOP('',(#4127,#4128,#4129,#4130));
#509=EDGE_LOOP('',(#4131,#4132,#4133,#4134));
#510=EDGE_LOOP('',(#4135,#4136,#4137,#4138));
#511=EDGE_LOOP('',(#4139,#4140,#4141,#4142));
#512=EDGE_LOOP('',(#4143,#4144,#4145,#4146));
#513=EDGE_LOOP('',(#4147,#4148,#4149,#4150));
#514=EDGE_LOOP('',(#4151,#4152,#4153,#4154));
#515=EDGE_LOOP('',(#4155,#4156,#4157,#4158));
#516=EDGE_LOOP('',(#4159,#4160,#4161,#4162));
#517=EDGE_LOOP('',(#4163,#4164,#4165,#4166));
#518=EDGE_LOOP('',(#4167,#4168,#4169,#4170));
#519=EDGE_LOOP('',(#4171,#4172,#4173,#4174));
#520=EDGE_LOOP('',(#4175,#4176,#4177,#4178));
#521=EDGE_LOOP('',(#4179,#4180,#4181,#4182));
#522=EDGE_LOOP('',(#4183,#4184,#4185,#4186));
#523=EDGE_LOOP('',(#4187,#4188,#4189,#4190));
#524=EDGE_LOOP('',(#4191,#4192,#4193,#4194));
#525=EDGE_LOOP('',(#4195,#4196,#4197,#4198));
#526=EDGE_LOOP('',(#4199,#4200,#4201,#4202));
#527=EDGE_LOOP('',(#4203,#4204,#4205,#4206));
#528=EDGE_LOOP('',(#4207,#4208,#4209,#4210));
#529=EDGE_LOOP('',(#4211,#4212,#4213,#4214));
#530=EDGE_LOOP('',(#4215,#4216,#4217,#4218));
#531=EDGE_LOOP('',(#4219,#4220,#4221,#4222));
#532=EDGE_LOOP('',(#4223,#4224,#4225,#4226));
#533=EDGE_LOOP('',(#4227,#4228,#4229,#4230));
#534=EDGE_LOOP('',(#4231,#4232,#4233,#4234));
#535=EDGE_LOOP('',(#4235,#4236,#4237,#4238));
#536=EDGE_LOOP('',(#4239,#4240,#4241,#4242));
#537=EDGE_LOOP('',(#4243,#4244,#4245,#4246));
#538=EDGE_LOOP('',(#4247,#4248,#4249,#4250,#4251,#4252,#4253,#4254,#4255,
#4256,#4257,#4258,#4259,#4260,#4261,#4262));
#539=EDGE_LOOP('',(#4263,#4264,#4265,#4266));
#540=EDGE_LOOP('',(#4267,#4268,#4269,#4270));
#541=EDGE_LOOP('',(#4271,#4272,#4273,#4274));
#542=EDGE_LOOP('',(#4275,#4276,#4277,#4278));
#543=EDGE_LOOP('',(#4279,#4280,#4281,#4282));
#544=EDGE_LOOP('',(#4283,#4284,#4285,#4286));
#545=EDGE_LOOP('',(#4287,#4288,#4289,#4290));
#546=EDGE_LOOP('',(#4291,#4292,#4293,#4294));
#547=EDGE_LOOP('',(#4295,#4296,#4297,#4298));
#548=EDGE_LOOP('',(#4299,#4300,#4301,#4302,#4303,#4304,#4305));
#549=EDGE_LOOP('',(#4306,#4307,#4308,#4309,#4310,#4311,#4312));
#550=EDGE_LOOP('',(#4313,#4314,#4315,#4316,#4317,#4318,#4319,#4320,#4321,
#4322,#4323,#4324,#4325,#4326,#4327,#4328,#4329,#4330,#4331,#4332));
#551=EDGE_LOOP('',(#4333,#4334,#4335,#4336));
#552=EDGE_LOOP('',(#4337,#4338,#4339,#4340));
#553=EDGE_LOOP('',(#4341,#4342,#4343,#4344));
#554=EDGE_LOOP('',(#4345,#4346,#4347,#4348));
#555=EDGE_LOOP('',(#4349,#4350,#4351,#4352));
#556=EDGE_LOOP('',(#4353,#4354,#4355,#4356));
#557=EDGE_LOOP('',(#4357,#4358,#4359,#4360));
#558=EDGE_LOOP('',(#4361,#4362,#4363,#4364));
#559=EDGE_LOOP('',(#4365,#4366,#4367,#4368));
#560=EDGE_LOOP('',(#4369,#4370,#4371,#4372));
#561=EDGE_LOOP('',(#4373,#4374,#4375,#4376));
#562=EDGE_LOOP('',(#4377,#4378,#4379,#4380));
#563=EDGE_LOOP('',(#4381,#4382,#4383,#4384));
#564=EDGE_LOOP('',(#4385,#4386,#4387,#4388,#4389,#4390,#4391,#4392,#4393,
#4394));
#565=EDGE_LOOP('',(#4395,#4396,#4397,#4398));
#566=EDGE_LOOP('',(#4399,#4400,#4401,#4402));
#567=EDGE_LOOP('',(#4403,#4404,#4405,#4406));
#568=EDGE_LOOP('',(#4407,#4408,#4409,#4410));
#569=EDGE_LOOP('',(#4411,#4412,#4413,#4414));
#570=EDGE_LOOP('',(#4415,#4416,#4417,#4418));
#571=EDGE_LOOP('',(#4419,#4420,#4421,#4422));
#572=EDGE_LOOP('',(#4423,#4424,#4425,#4426));
#573=EDGE_LOOP('',(#4427,#4428,#4429,#4430));
#574=EDGE_LOOP('',(#4431,#4432,#4433,#4434));
#575=EDGE_LOOP('',(#4435,#4436,#4437,#4438));
#576=EDGE_LOOP('',(#4439,#4440,#4441,#4442));
#577=EDGE_LOOP('',(#4443,#4444,#4445,#4446));
#578=EDGE_LOOP('',(#4447,#4448,#4449,#4450));
#579=EDGE_LOOP('',(#4451,#4452,#4453,#4454));
#580=EDGE_LOOP('',(#4455,#4456,#4457,#4458,#4459,#4460,#4461,#4462));
#581=EDGE_LOOP('',(#4463,#4464,#4465,#4466,#4467,#4468,#4469,#4470,#4471,
#4472));
#582=EDGE_LOOP('',(#4473,#4474,#4475,#4476));
#583=EDGE_LOOP('',(#4477,#4478,#4479,#4480,#4481,#4482,#4483,#4484,#4485,
#4486,#4487,#4488,#4489,#4490,#4491,#4492,#4493,#4494,#4495,#4496,#4497,
#4498,#4499,#4500,#4501,#4502,#4503,#4504,#4505,#4506,#4507,#4508,#4509,
#4510,#4511,#4512,#4513,#4514,#4515,#4516,#4517,#4518,#4519,#4520));
#584=EDGE_LOOP('',(#4521,#4522,#4523,#4524,#4525,#4526));
#585=EDGE_LOOP('',(#4527,#4528,#4529,#4530,#4531,#4532,#4533,#4534));
#586=EDGE_LOOP('',(#4535,#4536,#4537,#4538));
#587=EDGE_LOOP('',(#4539,#4540,#4541,#4542,#4543,#4544,#4545,#4546,#4547,
#4548,#4549,#4550,#4551));
#588=EDGE_LOOP('',(#4552,#4553,#4554,#4555));
#589=EDGE_LOOP('',(#4556,#4557,#4558,#4559));
#590=EDGE_LOOP('',(#4560,#4561,#4562,#4563));
#591=EDGE_LOOP('',(#4564,#4565,#4566,#4567));
#592=EDGE_LOOP('',(#4568,#4569,#4570,#4571));
#593=EDGE_LOOP('',(#4572,#4573,#4574,#4575));
#594=EDGE_LOOP('',(#4576,#4577,#4578,#4579));
#595=EDGE_LOOP('',(#4580,#4581,#4582,#4583));
#596=EDGE_LOOP('',(#4584,#4585,#4586,#4587));
#597=EDGE_LOOP('',(#4588,#4589,#4590,#4591));
#598=EDGE_LOOP('',(#4592,#4593,#4594,#4595));
#599=EDGE_LOOP('',(#4596,#4597,#4598,#4599));
#600=EDGE_LOOP('',(#4600,#4601,#4602,#4603));
#601=EDGE_LOOP('',(#4604,#4605,#4606,#4607,#4608,#4609,#4610,#4611,#4612,
#4613,#4614,#4615,#4616));
#602=EDGE_LOOP('',(#4617,#4618,#4619,#4620,#4621,#4622,#4623,#4624,#4625,
#4626,#4627,#4628,#4629));
#603=EDGE_LOOP('',(#4630,#4631,#4632,#4633));
#604=EDGE_LOOP('',(#4634,#4635,#4636,#4637));
#605=EDGE_LOOP('',(#4638,#4639,#4640,#4641));
#606=EDGE_LOOP('',(#4642,#4643,#4644,#4645));
#607=EDGE_LOOP('',(#4646,#4647,#4648,#4649));
#608=EDGE_LOOP('',(#4650,#4651,#4652,#4653));
#609=EDGE_LOOP('',(#4654,#4655,#4656,#4657));
#610=EDGE_LOOP('',(#4658,#4659,#4660,#4661));
#611=EDGE_LOOP('',(#4662,#4663,#4664,#4665));
#612=EDGE_LOOP('',(#4666,#4667,#4668,#4669));
#613=EDGE_LOOP('',(#4670,#4671,#4672,#4673));
#614=EDGE_LOOP('',(#4674,#4675,#4676,#4677));
#615=EDGE_LOOP('',(#4678,#4679,#4680,#4681));
#616=EDGE_LOOP('',(#4682,#4683,#4684,#4685,#4686,#4687,#4688,#4689,#4690,
#4691,#4692,#4693,#4694));
#617=EDGE_LOOP('',(#4695,#4696,#4697,#4698,#4699,#4700,#4701,#4702,#4703,
#4704,#4705,#4706,#4707));
#618=EDGE_LOOP('',(#4708,#4709,#4710,#4711));
#619=EDGE_LOOP('',(#4712,#4713,#4714,#4715));
#620=EDGE_LOOP('',(#4716,#4717,#4718,#4719));
#621=EDGE_LOOP('',(#4720,#4721,#4722,#4723));
#622=EDGE_LOOP('',(#4724,#4725,#4726,#4727));
#623=EDGE_LOOP('',(#4728,#4729,#4730,#4731));
#624=EDGE_LOOP('',(#4732,#4733,#4734,#4735));
#625=EDGE_LOOP('',(#4736,#4737,#4738,#4739));
#626=EDGE_LOOP('',(#4740,#4741,#4742,#4743));
#627=EDGE_LOOP('',(#4744,#4745,#4746,#4747));
#628=EDGE_LOOP('',(#4748,#4749,#4750,#4751));
#629=EDGE_LOOP('',(#4752,#4753,#4754,#4755));
#630=EDGE_LOOP('',(#4756,#4757,#4758,#4759));
#631=EDGE_LOOP('',(#4760,#4761,#4762,#4763,#4764,#4765,#4766,#4767,#4768,
#4769,#4770,#4771,#4772));
#632=EDGE_LOOP('',(#4773,#4774,#4775,#4776,#4777,#4778,#4779,#4780,#4781,
#4782,#4783,#4784,#4785));
#633=EDGE_LOOP('',(#4786,#4787,#4788,#4789));
#634=EDGE_LOOP('',(#4790,#4791,#4792,#4793));
#635=EDGE_LOOP('',(#4794,#4795,#4796,#4797));
#636=EDGE_LOOP('',(#4798,#4799,#4800,#4801));
#637=EDGE_LOOP('',(#4802,#4803,#4804,#4805));
#638=EDGE_LOOP('',(#4806,#4807,#4808,#4809));
#639=EDGE_LOOP('',(#4810,#4811,#4812,#4813));
#640=EDGE_LOOP('',(#4814,#4815,#4816,#4817));
#641=EDGE_LOOP('',(#4818,#4819,#4820,#4821));
#642=EDGE_LOOP('',(#4822,#4823,#4824,#4825));
#643=EDGE_LOOP('',(#4826,#4827,#4828,#4829));
#644=EDGE_LOOP('',(#4830,#4831,#4832,#4833));
#645=EDGE_LOOP('',(#4834,#4835,#4836,#4837));
#646=EDGE_LOOP('',(#4838,#4839,#4840,#4841,#4842,#4843,#4844,#4845,#4846,
#4847,#4848,#4849,#4850));
#647=EDGE_LOOP('',(#4851,#4852,#4853,#4854,#4855,#4856,#4857,#4858,#4859,
#4860,#4861,#4862,#4863));
#648=EDGE_LOOP('',(#4864,#4865,#4866,#4867));
#649=EDGE_LOOP('',(#4868,#4869,#4870,#4871));
#650=EDGE_LOOP('',(#4872,#4873,#4874,#4875));
#651=EDGE_LOOP('',(#4876,#4877,#4878,#4879));
#652=EDGE_LOOP('',(#4880,#4881,#4882,#4883));
#653=EDGE_LOOP('',(#4884,#4885,#4886,#4887));
#654=EDGE_LOOP('',(#4888,#4889,#4890,#4891));
#655=EDGE_LOOP('',(#4892,#4893,#4894,#4895));
#656=EDGE_LOOP('',(#4896,#4897,#4898,#4899));
#657=EDGE_LOOP('',(#4900,#4901,#4902,#4903));
#658=EDGE_LOOP('',(#4904,#4905,#4906,#4907));
#659=EDGE_LOOP('',(#4908,#4909,#4910,#4911));
#660=EDGE_LOOP('',(#4912,#4913,#4914,#4915));
#661=EDGE_LOOP('',(#4916,#4917,#4918,#4919,#4920,#4921,#4922,#4923,#4924,
#4925,#4926,#4927,#4928));
#662=EDGE_LOOP('',(#4929,#4930,#4931,#4932,#4933,#4934,#4935,#4936,#4937,
#4938,#4939,#4940,#4941));
#663=EDGE_LOOP('',(#4942,#4943,#4944,#4945));
#664=EDGE_LOOP('',(#4946,#4947,#4948,#4949));
#665=EDGE_LOOP('',(#4950,#4951,#4952,#4953));
#666=EDGE_LOOP('',(#4954,#4955,#4956,#4957));
#667=EDGE_LOOP('',(#4958,#4959,#4960,#4961));
#668=EDGE_LOOP('',(#4962,#4963,#4964,#4965));
#669=EDGE_LOOP('',(#4966,#4967,#4968,#4969));
#670=EDGE_LOOP('',(#4970,#4971,#4972,#4973));
#671=EDGE_LOOP('',(#4974,#4975,#4976,#4977));
#672=EDGE_LOOP('',(#4978,#4979,#4980,#4981));
#673=EDGE_LOOP('',(#4982,#4983,#4984,#4985));
#674=EDGE_LOOP('',(#4986,#4987,#4988,#4989));
#675=EDGE_LOOP('',(#4990,#4991,#4992,#4993));
#676=EDGE_LOOP('',(#4994,#4995,#4996,#4997,#4998,#4999,#5000,#5001,#5002,
#5003,#5004,#5005,#5006));
#677=EDGE_LOOP('',(#5007,#5008,#5009,#5010,#5011,#5012,#5013,#5014,#5015,
#5016,#5017,#5018,#5019));
#678=EDGE_LOOP('',(#5020,#5021,#5022,#5023));
#679=EDGE_LOOP('',(#5024,#5025,#5026,#5027));
#680=EDGE_LOOP('',(#5028,#5029,#5030,#5031));
#681=EDGE_LOOP('',(#5032,#5033,#5034,#5035));
#682=EDGE_LOOP('',(#5036,#5037,#5038,#5039));
#683=EDGE_LOOP('',(#5040,#5041,#5042,#5043));
#684=EDGE_LOOP('',(#5044,#5045,#5046,#5047));
#685=EDGE_LOOP('',(#5048,#5049,#5050,#5051));
#686=EDGE_LOOP('',(#5052,#5053,#5054,#5055));
#687=EDGE_LOOP('',(#5056,#5057,#5058,#5059));
#688=EDGE_LOOP('',(#5060,#5061,#5062,#5063));
#689=EDGE_LOOP('',(#5064,#5065,#5066,#5067));
#690=EDGE_LOOP('',(#5068,#5069,#5070,#5071));
#691=EDGE_LOOP('',(#5072,#5073,#5074,#5075,#5076,#5077,#5078,#5079,#5080,
#5081,#5082,#5083,#5084));
#692=EDGE_LOOP('',(#5085,#5086,#5087,#5088,#5089,#5090,#5091,#5092,#5093,
#5094,#5095,#5096,#5097));
#693=EDGE_LOOP('',(#5098,#5099,#5100,#5101));
#694=EDGE_LOOP('',(#5102,#5103,#5104,#5105));
#695=EDGE_LOOP('',(#5106,#5107,#5108,#5109));
#696=EDGE_LOOP('',(#5110,#5111,#5112,#5113));
#697=EDGE_LOOP('',(#5114,#5115,#5116,#5117));
#698=EDGE_LOOP('',(#5118,#5119,#5120,#5121));
#699=EDGE_LOOP('',(#5122,#5123,#5124,#5125));
#700=EDGE_LOOP('',(#5126,#5127,#5128,#5129));
#701=EDGE_LOOP('',(#5130,#5131,#5132,#5133));
#702=EDGE_LOOP('',(#5134,#5135,#5136,#5137));
#703=EDGE_LOOP('',(#5138,#5139,#5140,#5141));
#704=EDGE_LOOP('',(#5142,#5143,#5144,#5145));
#705=EDGE_LOOP('',(#5146,#5147,#5148,#5149));
#706=EDGE_LOOP('',(#5150,#5151,#5152,#5153,#5154,#5155,#5156,#5157,#5158,
#5159,#5160,#5161,#5162));
#707=EDGE_LOOP('',(#5163,#5164,#5165,#5166,#5167,#5168,#5169,#5170,#5171,
#5172,#5173,#5174,#5175));
#708=EDGE_LOOP('',(#5176,#5177,#5178,#5179));
#709=EDGE_LOOP('',(#5180,#5181,#5182,#5183));
#710=EDGE_LOOP('',(#5184,#5185,#5186,#5187));
#711=EDGE_LOOP('',(#5188,#5189,#5190,#5191));
#712=EDGE_LOOP('',(#5192,#5193,#5194,#5195));
#713=EDGE_LOOP('',(#5196,#5197,#5198,#5199));
#714=EDGE_LOOP('',(#5200,#5201,#5202,#5203));
#715=EDGE_LOOP('',(#5204,#5205,#5206,#5207));
#716=EDGE_LOOP('',(#5208,#5209,#5210,#5211));
#717=EDGE_LOOP('',(#5212,#5213,#5214,#5215));
#718=EDGE_LOOP('',(#5216,#5217,#5218,#5219));
#719=EDGE_LOOP('',(#5220,#5221,#5222,#5223));
#720=EDGE_LOOP('',(#5224,#5225,#5226,#5227));
#721=EDGE_LOOP('',(#5228,#5229,#5230,#5231,#5232,#5233,#5234,#5235,#5236,
#5237,#5238,#5239,#5240));
#722=EDGE_LOOP('',(#5241,#5242,#5243,#5244,#5245,#5246,#5247,#5248,#5249,
#5250,#5251,#5252,#5253));
#723=EDGE_LOOP('',(#5254,#5255,#5256,#5257));
#724=EDGE_LOOP('',(#5258,#5259,#5260,#5261));
#725=EDGE_LOOP('',(#5262,#5263,#5264,#5265));
#726=EDGE_LOOP('',(#5266,#5267,#5268,#5269));
#727=EDGE_LOOP('',(#5270,#5271,#5272,#5273));
#728=EDGE_LOOP('',(#5274,#5275,#5276,#5277));
#729=EDGE_LOOP('',(#5278,#5279,#5280,#5281));
#730=EDGE_LOOP('',(#5282,#5283,#5284,#5285));
#731=EDGE_LOOP('',(#5286,#5287,#5288,#5289));
#732=EDGE_LOOP('',(#5290,#5291,#5292,#5293));
#733=EDGE_LOOP('',(#5294,#5295,#5296,#5297));
#734=EDGE_LOOP('',(#5298,#5299,#5300,#5301));
#735=EDGE_LOOP('',(#5302,#5303,#5304,#5305));
#736=EDGE_LOOP('',(#5306,#5307,#5308,#5309,#5310,#5311,#5312,#5313,#5314,
#5315,#5316,#5317,#5318));
#737=EDGE_LOOP('',(#5319,#5320,#5321,#5322));
#738=EDGE_LOOP('',(#5323,#5324,#5325,#5326));
#739=EDGE_LOOP('',(#5327,#5328,#5329,#5330));
#740=EDGE_LOOP('',(#5331,#5332,#5333,#5334));
#741=EDGE_LOOP('',(#5335,#5336,#5337,#5338));
#742=EDGE_LOOP('',(#5339,#5340,#5341,#5342));
#743=EDGE_LOOP('',(#5343,#5344,#5345,#5346,#5347,#5348));
#744=EDGE_LOOP('',(#5349,#5350,#5351,#5352,#5353,#5354));
#745=EDGE_LOOP('',(#5355,#5356,#5357,#5358));
#746=EDGE_LOOP('',(#5359,#5360,#5361,#5362));
#747=EDGE_LOOP('',(#5363,#5364,#5365,#5366));
#748=EDGE_LOOP('',(#5367,#5368,#5369,#5370));
#749=EDGE_LOOP('',(#5371,#5372,#5373,#5374));
#750=EDGE_LOOP('',(#5375,#5376,#5377,#5378));
#751=EDGE_LOOP('',(#5379,#5380,#5381,#5382,#5383,#5384));
#752=EDGE_LOOP('',(#5385,#5386,#5387,#5388,#5389,#5390));
#753=LINE('',#7843,#1543);
#754=LINE('',#7845,#1544);
#755=LINE('',#7847,#1545);
#756=LINE('',#7848,#1546);
#757=LINE('',#7851,#1547);
#758=LINE('',#7853,#1548);
#759=LINE('',#7854,#1549);
#760=LINE('',#7858,#1550);
#761=LINE('',#7860,#1551);
#762=LINE('',#7862,#1552);
#763=LINE('',#7864,#1553);
#764=LINE('',#7866,#1554);
#765=LINE('',#7868,#1555);
#766=LINE('',#7870,#1556);
#767=LINE('',#7872,#1557);
#768=LINE('',#7874,#1558);
#769=LINE('',#7876,#1559);
#770=LINE('',#7878,#1560);
#771=LINE('',#7880,#1561);
#772=LINE('',#7882,#1562);
#773=LINE('',#7883,#1563);
#774=LINE('',#7885,#1564);
#775=LINE('',#7886,#1565);
#776=LINE('',#7889,#1566);
#777=LINE('',#7891,#1567);
#778=LINE('',#7892,#1568);
#779=LINE('',#7895,#1569);
#780=LINE('',#7897,#1570);
#781=LINE('',#7898,#1571);
#782=LINE('',#7901,#1572);
#783=LINE('',#7902,#1573);
#784=LINE('',#7905,#1574);
#785=LINE('',#7906,#1575);
#786=LINE('',#7908,#1576);
#787=LINE('',#7910,#1577);
#788=LINE('',#7914,#1578);
#789=LINE('',#7916,#1579);
#790=LINE('',#7918,#1580);
#791=LINE('',#7919,#1581);
#792=LINE('',#7922,#1582);
#793=LINE('',#7924,#1583);
#794=LINE('',#7925,#1584);
#795=LINE('',#7928,#1585);
#796=LINE('',#7930,#1586);
#797=LINE('',#7932,#1587);
#798=LINE('',#7934,#1588);
#799=LINE('',#7936,#1589);
#800=LINE('',#7938,#1590);
#801=LINE('',#7940,#1591);
#802=LINE('',#7942,#1592);
#803=LINE('',#7944,#1593);
#804=LINE('',#7946,#1594);
#805=LINE('',#7948,#1595);
#806=LINE('',#7950,#1596);
#807=LINE('',#7952,#1597);
#808=LINE('',#7954,#1598);
#809=LINE('',#7956,#1599);
#810=LINE('',#7957,#1600);
#811=LINE('',#7960,#1601);
#812=LINE('',#7962,#1602);
#813=LINE('',#7963,#1603);
#814=LINE('',#7966,#1604);
#815=LINE('',#7967,#1605);
#816=LINE('',#7970,#1606);
#817=LINE('',#7972,#1607);
#818=LINE('',#7973,#1608);
#819=LINE('',#7976,#1609);
#820=LINE('',#7977,#1610);
#821=LINE('',#7979,#1611);
#822=LINE('',#7981,#1612);
#823=LINE('',#7985,#1613);
#824=LINE('',#7987,#1614);
#825=LINE('',#7989,#1615);
#826=LINE('',#7990,#1616);
#827=LINE('',#7994,#1617);
#828=LINE('',#7996,#1618);
#829=LINE('',#7998,#1619);
#830=LINE('',#7999,#1620);
#831=LINE('',#8002,#1621);
#832=LINE('',#8004,#1622);
#833=LINE('',#8005,#1623);
#834=LINE('',#8008,#1624);
#835=LINE('',#8010,#1625);
#836=LINE('',#8011,#1626);
#837=LINE('',#8015,#1627);
#838=LINE('',#8017,#1628);
#839=LINE('',#8019,#1629);
#840=LINE('',#8020,#1630);
#841=LINE('',#8022,#1631);
#842=LINE('',#8023,#1632);
#843=LINE('',#8025,#1633);
#844=LINE('',#8026,#1634);
#845=LINE('',#8029,#1635);
#846=LINE('',#8031,#1636);
#847=LINE('',#8032,#1637);
#848=LINE('',#8033,#1638);
#849=LINE('',#8036,#1639);
#850=LINE('',#8038,#1640);
#851=LINE('',#8039,#1641);
#852=LINE('',#8041,#1642);
#853=LINE('',#8043,#1643);
#854=LINE('',#8045,#1644);
#855=LINE('',#8047,#1645);
#856=LINE('',#8049,#1646);
#857=LINE('',#8051,#1647);
#858=LINE('',#8053,#1648);
#859=LINE('',#8055,#1649);
#860=LINE('',#8057,#1650);
#861=LINE('',#8059,#1651);
#862=LINE('',#8061,#1652);
#863=LINE('',#8063,#1653);
#864=LINE('',#8065,#1654);
#865=LINE('',#8067,#1655);
#866=LINE('',#8069,#1656);
#867=LINE('',#8071,#1657);
#868=LINE('',#8073,#1658);
#869=LINE('',#8075,#1659);
#870=LINE('',#8077,#1660);
#871=LINE('',#8079,#1661);
#872=LINE('',#8081,#1662);
#873=LINE('',#8083,#1663);
#874=LINE('',#8085,#1664);
#875=LINE('',#8087,#1665);
#876=LINE('',#8089,#1666);
#877=LINE('',#8091,#1667);
#878=LINE('',#8093,#1668);
#879=LINE('',#8095,#1669);
#880=LINE('',#8097,#1670);
#881=LINE('',#8099,#1671);
#882=LINE('',#8101,#1672);
#883=LINE('',#8103,#1673);
#884=LINE('',#8105,#1674);
#885=LINE('',#8107,#1675);
#886=LINE('',#8109,#1676);
#887=LINE('',#8111,#1677);
#888=LINE('',#8112,#1678);
#889=LINE('',#8116,#1679);
#890=LINE('',#8118,#1680);
#891=LINE('',#8120,#1681);
#892=LINE('',#8121,#1682);
#893=LINE('',#8125,#1683);
#894=LINE('',#8126,#1684);
#895=LINE('',#8127,#1685);
#896=LINE('',#8130,#1686);
#897=LINE('',#8132,#1687);
#898=LINE('',#8133,#1688);
#899=LINE('',#8136,#1689);
#900=LINE('',#8138,#1690);
#901=LINE('',#8139,#1691);
#902=LINE('',#8142,#1692);
#903=LINE('',#8143,#1693);
#904=LINE('',#8145,#1694);
#905=LINE('',#8146,#1695);
#906=LINE('',#8148,#1696);
#907=LINE('',#8152,#1697);
#908=LINE('',#8154,#1698);
#909=LINE('',#8156,#1699);
#910=LINE('',#8157,#1700);
#911=LINE('',#8161,#1701);
#912=LINE('',#8162,#1702);
#913=LINE('',#8163,#1703);
#914=LINE('',#8166,#1704);
#915=LINE('',#8168,#1705);
#916=LINE('',#8169,#1706);
#917=LINE('',#8172,#1707);
#918=LINE('',#8174,#1708);
#919=LINE('',#8175,#1709);
#920=LINE('',#8179,#1710);
#921=LINE('',#8180,#1711);
#922=LINE('',#8181,#1712);
#923=LINE('',#8183,#1713);
#924=LINE('',#8184,#1714);
#925=LINE('',#8186,#1715);
#926=LINE('',#8188,#1716);
#927=LINE('',#8191,#1717);
#928=LINE('',#8192,#1718);
#929=LINE('',#8196,#1719);
#930=LINE('',#8198,#1720);
#931=LINE('',#8200,#1721);
#932=LINE('',#8201,#1722);
#933=LINE('',#8205,#1723);
#934=LINE('',#8206,#1724);
#935=LINE('',#8207,#1725);
#936=LINE('',#8210,#1726);
#937=LINE('',#8212,#1727);
#938=LINE('',#8213,#1728);
#939=LINE('',#8216,#1729);
#940=LINE('',#8218,#1730);
#941=LINE('',#8219,#1731);
#942=LINE('',#8222,#1732);
#943=LINE('',#8223,#1733);
#944=LINE('',#8225,#1734);
#945=LINE('',#8226,#1735);
#946=LINE('',#8228,#1736);
#947=LINE('',#8232,#1737);
#948=LINE('',#8234,#1738);
#949=LINE('',#8236,#1739);
#950=LINE('',#8237,#1740);
#951=LINE('',#8241,#1741);
#952=LINE('',#8242,#1742);
#953=LINE('',#8243,#1743);
#954=LINE('',#8246,#1744);
#955=LINE('',#8248,#1745);
#956=LINE('',#8249,#1746);
#957=LINE('',#8252,#1747);
#958=LINE('',#8254,#1748);
#959=LINE('',#8255,#1749);
#960=LINE('',#8259,#1750);
#961=LINE('',#8260,#1751);
#962=LINE('',#8261,#1752);
#963=LINE('',#8263,#1753);
#964=LINE('',#8264,#1754);
#965=LINE('',#8266,#1755);
#966=LINE('',#8268,#1756);
#967=LINE('',#8271,#1757);
#968=LINE('',#8272,#1758);
#969=LINE('',#8276,#1759);
#970=LINE('',#8278,#1760);
#971=LINE('',#8280,#1761);
#972=LINE('',#8281,#1762);
#973=LINE('',#8285,#1763);
#974=LINE('',#8286,#1764);
#975=LINE('',#8287,#1765);
#976=LINE('',#8290,#1766);
#977=LINE('',#8292,#1767);
#978=LINE('',#8293,#1768);
#979=LINE('',#8296,#1769);
#980=LINE('',#8298,#1770);
#981=LINE('',#8299,#1771);
#982=LINE('',#8302,#1772);
#983=LINE('',#8303,#1773);
#984=LINE('',#8305,#1774);
#985=LINE('',#8306,#1775);
#986=LINE('',#8308,#1776);
#987=LINE('',#8312,#1777);
#988=LINE('',#8314,#1778);
#989=LINE('',#8316,#1779);
#990=LINE('',#8317,#1780);
#991=LINE('',#8321,#1781);
#992=LINE('',#8322,#1782);
#993=LINE('',#8323,#1783);
#994=LINE('',#8326,#1784);
#995=LINE('',#8328,#1785);
#996=LINE('',#8329,#1786);
#997=LINE('',#8332,#1787);
#998=LINE('',#8334,#1788);
#999=LINE('',#8335,#1789);
#1000=LINE('',#8339,#1790);
#1001=LINE('',#8340,#1791);
#1002=LINE('',#8341,#1792);
#1003=LINE('',#8343,#1793);
#1004=LINE('',#8344,#1794);
#1005=LINE('',#8346,#1795);
#1006=LINE('',#8348,#1796);
#1007=LINE('',#8351,#1797);
#1008=LINE('',#8352,#1798);
#1009=LINE('',#8356,#1799);
#1010=LINE('',#8358,#1800);
#1011=LINE('',#8360,#1801);
#1012=LINE('',#8361,#1802);
#1013=LINE('',#8365,#1803);
#1014=LINE('',#8366,#1804);
#1015=LINE('',#8367,#1805);
#1016=LINE('',#8370,#1806);
#1017=LINE('',#8372,#1807);
#1018=LINE('',#8373,#1808);
#1019=LINE('',#8376,#1809);
#1020=LINE('',#8378,#1810);
#1021=LINE('',#8379,#1811);
#1022=LINE('',#8382,#1812);
#1023=LINE('',#8383,#1813);
#1024=LINE('',#8385,#1814);
#1025=LINE('',#8386,#1815);
#1026=LINE('',#8388,#1816);
#1027=LINE('',#8392,#1817);
#1028=LINE('',#8394,#1818);
#1029=LINE('',#8396,#1819);
#1030=LINE('',#8397,#1820);
#1031=LINE('',#8401,#1821);
#1032=LINE('',#8402,#1822);
#1033=LINE('',#8403,#1823);
#1034=LINE('',#8406,#1824);
#1035=LINE('',#8408,#1825);
#1036=LINE('',#8409,#1826);
#1037=LINE('',#8412,#1827);
#1038=LINE('',#8414,#1828);
#1039=LINE('',#8415,#1829);
#1040=LINE('',#8419,#1830);
#1041=LINE('',#8420,#1831);
#1042=LINE('',#8421,#1832);
#1043=LINE('',#8423,#1833);
#1044=LINE('',#8424,#1834);
#1045=LINE('',#8426,#1835);
#1046=LINE('',#8428,#1836);
#1047=LINE('',#8431,#1837);
#1048=LINE('',#8432,#1838);
#1049=LINE('',#8436,#1839);
#1050=LINE('',#8438,#1840);
#1051=LINE('',#8440,#1841);
#1052=LINE('',#8441,#1842);
#1053=LINE('',#8445,#1843);
#1054=LINE('',#8446,#1844);
#1055=LINE('',#8447,#1845);
#1056=LINE('',#8450,#1846);
#1057=LINE('',#8452,#1847);
#1058=LINE('',#8453,#1848);
#1059=LINE('',#8456,#1849);
#1060=LINE('',#8457,#1850);
#1061=LINE('',#8460,#1851);
#1062=LINE('',#8462,#1852);
#1063=LINE('',#8463,#1853);
#1064=LINE('',#8465,#1854);
#1065=LINE('',#8466,#1855);
#1066=LINE('',#8468,#1856);
#1067=LINE('',#8472,#1857);
#1068=LINE('',#8474,#1858);
#1069=LINE('',#8476,#1859);
#1070=LINE('',#8477,#1860);
#1071=LINE('',#8480,#1861);
#1072=LINE('',#8482,#1862);
#1073=LINE('',#8483,#1863);
#1074=LINE('',#8486,#1864);
#1075=LINE('',#8488,#1865);
#1076=LINE('',#8489,#1866);
#1077=LINE('',#8492,#1867);
#1078=LINE('',#8494,#1868);
#1079=LINE('',#8495,#1869);
#1080=LINE('',#8498,#1870);
#1081=LINE('',#8500,#1871);
#1082=LINE('',#8501,#1872);
#1083=LINE('',#8505,#1873);
#1084=LINE('',#8507,#1874);
#1085=LINE('',#8509,#1875);
#1086=LINE('',#8510,#1876);
#1087=LINE('',#8513,#1877);
#1088=LINE('',#8515,#1878);
#1089=LINE('',#8516,#1879);
#1090=LINE('',#8519,#1880);
#1091=LINE('',#8521,#1881);
#1092=LINE('',#8522,#1882);
#1093=LINE('',#8525,#1883);
#1094=LINE('',#8527,#1884);
#1095=LINE('',#8528,#1885);
#1096=LINE('',#8531,#1886);
#1097=LINE('',#8533,#1887);
#1098=LINE('',#8534,#1888);
#1099=LINE('',#8536,#1889);
#1100=LINE('',#8537,#1890);
#1101=LINE('',#8538,#1891);
#1102=LINE('',#8539,#1892);
#1103=LINE('',#8541,#1893);
#1104=LINE('',#8543,#1894);
#1105=LINE('',#8547,#1895);
#1106=LINE('',#8548,#1896);
#1107=LINE('',#8549,#1897);
#1108=LINE('',#8552,#1898);
#1109=LINE('',#8553,#1899);
#1110=LINE('',#8557,#1900);
#1111=LINE('',#8558,#1901);
#1112=LINE('',#8559,#1902);
#1113=LINE('',#8562,#1903);
#1114=LINE('',#8563,#1904);
#1115=LINE('',#8567,#1905);
#1116=LINE('',#8568,#1906);
#1117=LINE('',#8569,#1907);
#1118=LINE('',#8571,#1908);
#1119=LINE('',#8573,#1909);
#1120=LINE('',#8576,#1910);
#1121=LINE('',#8578,#1911);
#1122=LINE('',#8580,#1912);
#1123=LINE('',#8581,#1913);
#1124=LINE('',#8584,#1914);
#1125=LINE('',#8586,#1915);
#1126=LINE('',#8588,#1916);
#1127=LINE('',#8589,#1917);
#1128=LINE('',#8591,#1918);
#1129=LINE('',#8593,#1919);
#1130=LINE('',#8595,#1920);
#1131=LINE('',#8598,#1921);
#1132=LINE('',#8600,#1922);
#1133=LINE('',#8601,#1923);
#1134=LINE('',#8605,#1924);
#1135=LINE('',#8606,#1925);
#1136=LINE('',#8608,#1926);
#1137=LINE('',#8610,#1927);
#1138=LINE('',#8612,#1928);
#1139=LINE('',#8614,#1929);
#1140=LINE('',#8616,#1930);
#1141=LINE('',#8618,#1931);
#1142=LINE('',#8619,#1932);
#1143=LINE('',#8622,#1933);
#1144=LINE('',#8624,#1934);
#1145=LINE('',#8625,#1935);
#1146=LINE('',#8628,#1936);
#1147=LINE('',#8629,#1937);
#1148=LINE('',#8632,#1938);
#1149=LINE('',#8633,#1939);
#1150=LINE('',#8636,#1940);
#1151=LINE('',#8637,#1941);
#1152=LINE('',#8640,#1942);
#1153=LINE('',#8641,#1943);
#1154=LINE('',#8644,#1944);
#1155=LINE('',#8645,#1945);
#1156=LINE('',#8648,#1946);
#1157=LINE('',#8649,#1947);
#1158=LINE('',#8650,#1948);
#1159=LINE('',#8653,#1949);
#1160=LINE('',#8654,#1950);
#1161=LINE('',#8661,#1951);
#1162=LINE('',#8663,#1952);
#1163=LINE('',#8665,#1953);
#1164=LINE('',#8667,#1954);
#1165=LINE('',#8669,#1955);
#1166=LINE('',#8671,#1956);
#1167=LINE('',#8673,#1957);
#1168=LINE('',#8675,#1958);
#1169=LINE('',#8677,#1959);
#1170=LINE('',#8679,#1960);
#1171=LINE('',#8683,#1961);
#1172=LINE('',#8687,#1962);
#1173=LINE('',#8689,#1963);
#1174=LINE('',#8690,#1964);
#1175=LINE('',#8693,#1965);
#1176=LINE('',#8694,#1966);
#1177=LINE('',#8697,#1967);
#1178=LINE('',#8698,#1968);
#1179=LINE('',#8701,#1969);
#1180=LINE('',#8702,#1970);
#1181=LINE('',#8705,#1971);
#1182=LINE('',#8706,#1972);
#1183=LINE('',#8709,#1973);
#1184=LINE('',#8710,#1974);
#1185=LINE('',#8713,#1975);
#1186=LINE('',#8714,#1976);
#1187=LINE('',#8717,#1977);
#1188=LINE('',#8718,#1978);
#1189=LINE('',#8721,#1979);
#1190=LINE('',#8722,#1980);
#1191=LINE('',#8726,#1981);
#1192=LINE('',#8729,#1982);
#1193=LINE('',#8730,#1983);
#1194=LINE('',#8734,#1984);
#1195=LINE('',#8736,#1985);
#1196=LINE('',#8741,#1986);
#1197=LINE('',#8743,#1987);
#1198=LINE('',#8745,#1988);
#1199=LINE('',#8747,#1989);
#1200=LINE('',#8749,#1990);
#1201=LINE('',#8751,#1991);
#1202=LINE('',#8753,#1992);
#1203=LINE('',#8755,#1993);
#1204=LINE('',#8757,#1994);
#1205=LINE('',#8759,#1995);
#1206=LINE('',#8763,#1996);
#1207=LINE('',#8767,#1997);
#1208=LINE('',#8769,#1998);
#1209=LINE('',#8770,#1999);
#1210=LINE('',#8773,#2000);
#1211=LINE('',#8774,#2001);
#1212=LINE('',#8777,#2002);
#1213=LINE('',#8778,#2003);
#1214=LINE('',#8781,#2004);
#1215=LINE('',#8782,#2005);
#1216=LINE('',#8785,#2006);
#1217=LINE('',#8786,#2007);
#1218=LINE('',#8789,#2008);
#1219=LINE('',#8790,#2009);
#1220=LINE('',#8793,#2010);
#1221=LINE('',#8794,#2011);
#1222=LINE('',#8797,#2012);
#1223=LINE('',#8798,#2013);
#1224=LINE('',#8801,#2014);
#1225=LINE('',#8802,#2015);
#1226=LINE('',#8806,#2016);
#1227=LINE('',#8809,#2017);
#1228=LINE('',#8810,#2018);
#1229=LINE('',#8814,#2019);
#1230=LINE('',#8816,#2020);
#1231=LINE('',#8821,#2021);
#1232=LINE('',#8823,#2022);
#1233=LINE('',#8825,#2023);
#1234=LINE('',#8827,#2024);
#1235=LINE('',#8829,#2025);
#1236=LINE('',#8831,#2026);
#1237=LINE('',#8833,#2027);
#1238=LINE('',#8835,#2028);
#1239=LINE('',#8837,#2029);
#1240=LINE('',#8839,#2030);
#1241=LINE('',#8843,#2031);
#1242=LINE('',#8847,#2032);
#1243=LINE('',#8849,#2033);
#1244=LINE('',#8850,#2034);
#1245=LINE('',#8853,#2035);
#1246=LINE('',#8854,#2036);
#1247=LINE('',#8857,#2037);
#1248=LINE('',#8858,#2038);
#1249=LINE('',#8861,#2039);
#1250=LINE('',#8862,#2040);
#1251=LINE('',#8865,#2041);
#1252=LINE('',#8866,#2042);
#1253=LINE('',#8869,#2043);
#1254=LINE('',#8870,#2044);
#1255=LINE('',#8873,#2045);
#1256=LINE('',#8874,#2046);
#1257=LINE('',#8877,#2047);
#1258=LINE('',#8878,#2048);
#1259=LINE('',#8881,#2049);
#1260=LINE('',#8882,#2050);
#1261=LINE('',#8886,#2051);
#1262=LINE('',#8889,#2052);
#1263=LINE('',#8890,#2053);
#1264=LINE('',#8894,#2054);
#1265=LINE('',#8896,#2055);
#1266=LINE('',#8901,#2056);
#1267=LINE('',#8903,#2057);
#1268=LINE('',#8905,#2058);
#1269=LINE('',#8907,#2059);
#1270=LINE('',#8909,#2060);
#1271=LINE('',#8911,#2061);
#1272=LINE('',#8913,#2062);
#1273=LINE('',#8915,#2063);
#1274=LINE('',#8917,#2064);
#1275=LINE('',#8919,#2065);
#1276=LINE('',#8923,#2066);
#1277=LINE('',#8927,#2067);
#1278=LINE('',#8929,#2068);
#1279=LINE('',#8930,#2069);
#1280=LINE('',#8933,#2070);
#1281=LINE('',#8934,#2071);
#1282=LINE('',#8937,#2072);
#1283=LINE('',#8938,#2073);
#1284=LINE('',#8941,#2074);
#1285=LINE('',#8942,#2075);
#1286=LINE('',#8945,#2076);
#1287=LINE('',#8946,#2077);
#1288=LINE('',#8949,#2078);
#1289=LINE('',#8950,#2079);
#1290=LINE('',#8953,#2080);
#1291=LINE('',#8954,#2081);
#1292=LINE('',#8957,#2082);
#1293=LINE('',#8958,#2083);
#1294=LINE('',#8961,#2084);
#1295=LINE('',#8962,#2085);
#1296=LINE('',#8966,#2086);
#1297=LINE('',#8969,#2087);
#1298=LINE('',#8970,#2088);
#1299=LINE('',#8974,#2089);
#1300=LINE('',#8976,#2090);
#1301=LINE('',#8981,#2091);
#1302=LINE('',#8983,#2092);
#1303=LINE('',#8985,#2093);
#1304=LINE('',#8987,#2094);
#1305=LINE('',#8989,#2095);
#1306=LINE('',#8991,#2096);
#1307=LINE('',#8993,#2097);
#1308=LINE('',#8995,#2098);
#1309=LINE('',#8997,#2099);
#1310=LINE('',#8999,#2100);
#1311=LINE('',#9003,#2101);
#1312=LINE('',#9007,#2102);
#1313=LINE('',#9009,#2103);
#1314=LINE('',#9010,#2104);
#1315=LINE('',#9013,#2105);
#1316=LINE('',#9014,#2106);
#1317=LINE('',#9017,#2107);
#1318=LINE('',#9018,#2108);
#1319=LINE('',#9021,#2109);
#1320=LINE('',#9022,#2110);
#1321=LINE('',#9025,#2111);
#1322=LINE('',#9026,#2112);
#1323=LINE('',#9029,#2113);
#1324=LINE('',#9030,#2114);
#1325=LINE('',#9033,#2115);
#1326=LINE('',#9034,#2116);
#1327=LINE('',#9037,#2117);
#1328=LINE('',#9038,#2118);
#1329=LINE('',#9041,#2119);
#1330=LINE('',#9042,#2120);
#1331=LINE('',#9046,#2121);
#1332=LINE('',#9049,#2122);
#1333=LINE('',#9050,#2123);
#1334=LINE('',#9054,#2124);
#1335=LINE('',#9056,#2125);
#1336=LINE('',#9061,#2126);
#1337=LINE('',#9063,#2127);
#1338=LINE('',#9065,#2128);
#1339=LINE('',#9067,#2129);
#1340=LINE('',#9069,#2130);
#1341=LINE('',#9071,#2131);
#1342=LINE('',#9073,#2132);
#1343=LINE('',#9075,#2133);
#1344=LINE('',#9077,#2134);
#1345=LINE('',#9079,#2135);
#1346=LINE('',#9083,#2136);
#1347=LINE('',#9087,#2137);
#1348=LINE('',#9089,#2138);
#1349=LINE('',#9090,#2139);
#1350=LINE('',#9093,#2140);
#1351=LINE('',#9094,#2141);
#1352=LINE('',#9097,#2142);
#1353=LINE('',#9098,#2143);
#1354=LINE('',#9101,#2144);
#1355=LINE('',#9102,#2145);
#1356=LINE('',#9105,#2146);
#1357=LINE('',#9106,#2147);
#1358=LINE('',#9109,#2148);
#1359=LINE('',#9110,#2149);
#1360=LINE('',#9113,#2150);
#1361=LINE('',#9114,#2151);
#1362=LINE('',#9117,#2152);
#1363=LINE('',#9118,#2153);
#1364=LINE('',#9121,#2154);
#1365=LINE('',#9122,#2155);
#1366=LINE('',#9126,#2156);
#1367=LINE('',#9129,#2157);
#1368=LINE('',#9130,#2158);
#1369=LINE('',#9134,#2159);
#1370=LINE('',#9136,#2160);
#1371=LINE('',#9141,#2161);
#1372=LINE('',#9143,#2162);
#1373=LINE('',#9145,#2163);
#1374=LINE('',#9147,#2164);
#1375=LINE('',#9149,#2165);
#1376=LINE('',#9151,#2166);
#1377=LINE('',#9153,#2167);
#1378=LINE('',#9155,#2168);
#1379=LINE('',#9157,#2169);
#1380=LINE('',#9159,#2170);
#1381=LINE('',#9163,#2171);
#1382=LINE('',#9167,#2172);
#1383=LINE('',#9169,#2173);
#1384=LINE('',#9170,#2174);
#1385=LINE('',#9173,#2175);
#1386=LINE('',#9174,#2176);
#1387=LINE('',#9177,#2177);
#1388=LINE('',#9178,#2178);
#1389=LINE('',#9181,#2179);
#1390=LINE('',#9182,#2180);
#1391=LINE('',#9185,#2181);
#1392=LINE('',#9186,#2182);
#1393=LINE('',#9189,#2183);
#1394=LINE('',#9190,#2184);
#1395=LINE('',#9193,#2185);
#1396=LINE('',#9194,#2186);
#1397=LINE('',#9197,#2187);
#1398=LINE('',#9198,#2188);
#1399=LINE('',#9201,#2189);
#1400=LINE('',#9202,#2190);
#1401=LINE('',#9206,#2191);
#1402=LINE('',#9209,#2192);
#1403=LINE('',#9210,#2193);
#1404=LINE('',#9214,#2194);
#1405=LINE('',#9216,#2195);
#1406=LINE('',#9221,#2196);
#1407=LINE('',#9223,#2197);
#1408=LINE('',#9225,#2198);
#1409=LINE('',#9227,#2199);
#1410=LINE('',#9229,#2200);
#1411=LINE('',#9231,#2201);
#1412=LINE('',#9233,#2202);
#1413=LINE('',#9235,#2203);
#1414=LINE('',#9237,#2204);
#1415=LINE('',#9239,#2205);
#1416=LINE('',#9243,#2206);
#1417=LINE('',#9247,#2207);
#1418=LINE('',#9249,#2208);
#1419=LINE('',#9250,#2209);
#1420=LINE('',#9253,#2210);
#1421=LINE('',#9254,#2211);
#1422=LINE('',#9257,#2212);
#1423=LINE('',#9258,#2213);
#1424=LINE('',#9261,#2214);
#1425=LINE('',#9262,#2215);
#1426=LINE('',#9265,#2216);
#1427=LINE('',#9266,#2217);
#1428=LINE('',#9269,#2218);
#1429=LINE('',#9270,#2219);
#1430=LINE('',#9273,#2220);
#1431=LINE('',#9274,#2221);
#1432=LINE('',#9277,#2222);
#1433=LINE('',#9278,#2223);
#1434=LINE('',#9281,#2224);
#1435=LINE('',#9282,#2225);
#1436=LINE('',#9286,#2226);
#1437=LINE('',#9289,#2227);
#1438=LINE('',#9290,#2228);
#1439=LINE('',#9294,#2229);
#1440=LINE('',#9296,#2230);
#1441=LINE('',#9301,#2231);
#1442=LINE('',#9303,#2232);
#1443=LINE('',#9305,#2233);
#1444=LINE('',#9307,#2234);
#1445=LINE('',#9309,#2235);
#1446=LINE('',#9311,#2236);
#1447=LINE('',#9313,#2237);
#1448=LINE('',#9315,#2238);
#1449=LINE('',#9317,#2239);
#1450=LINE('',#9319,#2240);
#1451=LINE('',#9323,#2241);
#1452=LINE('',#9327,#2242);
#1453=LINE('',#9329,#2243);
#1454=LINE('',#9330,#2244);
#1455=LINE('',#9333,#2245);
#1456=LINE('',#9334,#2246);
#1457=LINE('',#9337,#2247);
#1458=LINE('',#9338,#2248);
#1459=LINE('',#9341,#2249);
#1460=LINE('',#9342,#2250);
#1461=LINE('',#9345,#2251);
#1462=LINE('',#9346,#2252);
#1463=LINE('',#9349,#2253);
#1464=LINE('',#9350,#2254);
#1465=LINE('',#9353,#2255);
#1466=LINE('',#9354,#2256);
#1467=LINE('',#9357,#2257);
#1468=LINE('',#9358,#2258);
#1469=LINE('',#9361,#2259);
#1470=LINE('',#9362,#2260);
#1471=LINE('',#9366,#2261);
#1472=LINE('',#9369,#2262);
#1473=LINE('',#9370,#2263);
#1474=LINE('',#9374,#2264);
#1475=LINE('',#9376,#2265);
#1476=LINE('',#9381,#2266);
#1477=LINE('',#9383,#2267);
#1478=LINE('',#9385,#2268);
#1479=LINE('',#9387,#2269);
#1480=LINE('',#9389,#2270);
#1481=LINE('',#9391,#2271);
#1482=LINE('',#9393,#2272);
#1483=LINE('',#9395,#2273);
#1484=LINE('',#9397,#2274);
#1485=LINE('',#9399,#2275);
#1486=LINE('',#9403,#2276);
#1487=LINE('',#9407,#2277);
#1488=LINE('',#9409,#2278);
#1489=LINE('',#9410,#2279);
#1490=LINE('',#9413,#2280);
#1491=LINE('',#9414,#2281);
#1492=LINE('',#9417,#2282);
#1493=LINE('',#9418,#2283);
#1494=LINE('',#9421,#2284);
#1495=LINE('',#9422,#2285);
#1496=LINE('',#9425,#2286);
#1497=LINE('',#9426,#2287);
#1498=LINE('',#9429,#2288);
#1499=LINE('',#9430,#2289);
#1500=LINE('',#9433,#2290);
#1501=LINE('',#9434,#2291);
#1502=LINE('',#9437,#2292);
#1503=LINE('',#9438,#2293);
#1504=LINE('',#9441,#2294);
#1505=LINE('',#9442,#2295);
#1506=LINE('',#9446,#2296);
#1507=LINE('',#9449,#2297);
#1508=LINE('',#9450,#2298);
#1509=LINE('',#9454,#2299);
#1510=LINE('',#9456,#2300);
#1511=LINE('',#9463,#2301);
#1512=LINE('',#9466,#2302);
#1513=LINE('',#9469,#2303);
#1514=LINE('',#9471,#2304);
#1515=LINE('',#9472,#2305);
#1516=LINE('',#9475,#2306);
#1517=LINE('',#9477,#2307);
#1518=LINE('',#9478,#2308);
#1519=LINE('',#9481,#2309);
#1520=LINE('',#9483,#2310);
#1521=LINE('',#9484,#2311);
#1522=LINE('',#9487,#2312);
#1523=LINE('',#9489,#2313);
#1524=LINE('',#9490,#2314);
#1525=LINE('',#9492,#2315);
#1526=LINE('',#9493,#2316);
#1527=LINE('',#9501,#2317);
#1528=LINE('',#9504,#2318);
#1529=LINE('',#9507,#2319);
#1530=LINE('',#9509,#2320);
#1531=LINE('',#9510,#2321);
#1532=LINE('',#9513,#2322);
#1533=LINE('',#9515,#2323);
#1534=LINE('',#9516,#2324);
#1535=LINE('',#9519,#2325);
#1536=LINE('',#9521,#2326);
#1537=LINE('',#9522,#2327);
#1538=LINE('',#9525,#2328);
#1539=LINE('',#9527,#2329);
#1540=LINE('',#9528,#2330);
#1541=LINE('',#9530,#2331);
#1542=LINE('',#9531,#2332);
#1543=VECTOR('',#6355,10.);
#1544=VECTOR('',#6356,10.);
#1545=VECTOR('',#6357,10.);
#1546=VECTOR('',#6358,10.);
#1547=VECTOR('',#6361,10.);
#1548=VECTOR('',#6362,10.);
#1549=VECTOR('',#6363,10.);
#1550=VECTOR('',#6366,10.);
#1551=VECTOR('',#6367,10.);
#1552=VECTOR('',#6368,10.);
#1553=VECTOR('',#6369,10.);
#1554=VECTOR('',#6370,10.);
#1555=VECTOR('',#6371,10.);
#1556=VECTOR('',#6372,10.);
#1557=VECTOR('',#6373,10.);
#1558=VECTOR('',#6374,10.);
#1559=VECTOR('',#6375,10.);
#1560=VECTOR('',#6376,10.);
#1561=VECTOR('',#6377,10.);
#1562=VECTOR('',#6378,10.);
#1563=VECTOR('',#6379,10.);
#1564=VECTOR('',#6380,10.);
#1565=VECTOR('',#6381,10.);
#1566=VECTOR('',#6384,10.);
#1567=VECTOR('',#6385,10.);
#1568=VECTOR('',#6386,10.);
#1569=VECTOR('',#6389,10.);
#1570=VECTOR('',#6390,10.);
#1571=VECTOR('',#6391,10.);
#1572=VECTOR('',#6394,10.);
#1573=VECTOR('',#6395,10.);
#1574=VECTOR('',#6398,10.);
#1575=VECTOR('',#6399,10.);
#1576=VECTOR('',#6402,10.);
#1577=VECTOR('',#6405,10.);
#1578=VECTOR('',#6408,10.);
#1579=VECTOR('',#6409,10.);
#1580=VECTOR('',#6410,10.);
#1581=VECTOR('',#6411,10.);
#1582=VECTOR('',#6414,10.);
#1583=VECTOR('',#6415,10.);
#1584=VECTOR('',#6416,10.);
#1585=VECTOR('',#6419,10.);
#1586=VECTOR('',#6420,10.);
#1587=VECTOR('',#6421,10.);
#1588=VECTOR('',#6422,10.);
#1589=VECTOR('',#6423,10.);
#1590=VECTOR('',#6424,10.);
#1591=VECTOR('',#6425,10.);
#1592=VECTOR('',#6426,10.);
#1593=VECTOR('',#6427,10.);
#1594=VECTOR('',#6428,10.);
#1595=VECTOR('',#6429,10.);
#1596=VECTOR('',#6430,10.);
#1597=VECTOR('',#6431,10.);
#1598=VECTOR('',#6432,10.);
#1599=VECTOR('',#6433,10.);
#1600=VECTOR('',#6434,10.);
#1601=VECTOR('',#6437,10.);
#1602=VECTOR('',#6438,10.);
#1603=VECTOR('',#6439,10.);
#1604=VECTOR('',#6442,10.);
#1605=VECTOR('',#6443,10.);
#1606=VECTOR('',#6446,10.);
#1607=VECTOR('',#6447,10.);
#1608=VECTOR('',#6448,10.);
#1609=VECTOR('',#6451,10.);
#1610=VECTOR('',#6452,10.);
#1611=VECTOR('',#6455,10.);
#1612=VECTOR('',#6458,10.);
#1613=VECTOR('',#6461,10.);
#1614=VECTOR('',#6462,10.);
#1615=VECTOR('',#6463,10.);
#1616=VECTOR('',#6464,10.);
#1617=VECTOR('',#6467,10.);
#1618=VECTOR('',#6468,10.);
#1619=VECTOR('',#6469,10.);
#1620=VECTOR('',#6470,10.);
#1621=VECTOR('',#6473,10.);
#1622=VECTOR('',#6474,10.);
#1623=VECTOR('',#6475,10.);
#1624=VECTOR('',#6478,10.);
#1625=VECTOR('',#6479,10.);
#1626=VECTOR('',#6480,10.);
#1627=VECTOR('',#6483,10.);
#1628=VECTOR('',#6484,10.);
#1629=VECTOR('',#6485,10.);
#1630=VECTOR('',#6486,10.);
#1631=VECTOR('',#6489,10.);
#1632=VECTOR('',#6490,10.);
#1633=VECTOR('',#6493,10.);
#1634=VECTOR('',#6494,10.);
#1635=VECTOR('',#6497,10.);
#1636=VECTOR('',#6498,10.);
#1637=VECTOR('',#6499,10.);
#1638=VECTOR('',#6500,10.);
#1639=VECTOR('',#6503,10.);
#1640=VECTOR('',#6504,10.);
#1641=VECTOR('',#6505,10.);
#1642=VECTOR('',#6508,10.);
#1643=VECTOR('',#6509,10.);
#1644=VECTOR('',#6510,10.);
#1645=VECTOR('',#6511,10.);
#1646=VECTOR('',#6512,10.);
#1647=VECTOR('',#6513,10.);
#1648=VECTOR('',#6514,10.);
#1649=VECTOR('',#6515,10.);
#1650=VECTOR('',#6516,10.);
#1651=VECTOR('',#6517,10.);
#1652=VECTOR('',#6518,10.);
#1653=VECTOR('',#6519,10.);
#1654=VECTOR('',#6520,10.);
#1655=VECTOR('',#6521,10.);
#1656=VECTOR('',#6522,10.);
#1657=VECTOR('',#6523,10.);
#1658=VECTOR('',#6524,10.);
#1659=VECTOR('',#6525,10.);
#1660=VECTOR('',#6526,10.);
#1661=VECTOR('',#6527,10.);
#1662=VECTOR('',#6528,10.);
#1663=VECTOR('',#6529,10.);
#1664=VECTOR('',#6530,10.);
#1665=VECTOR('',#6531,10.);
#1666=VECTOR('',#6532,10.);
#1667=VECTOR('',#6533,10.);
#1668=VECTOR('',#6534,10.);
#1669=VECTOR('',#6535,10.);
#1670=VECTOR('',#6536,10.);
#1671=VECTOR('',#6537,10.);
#1672=VECTOR('',#6538,10.);
#1673=VECTOR('',#6539,10.);
#1674=VECTOR('',#6540,10.);
#1675=VECTOR('',#6541,10.);
#1676=VECTOR('',#6542,10.);
#1677=VECTOR('',#6543,10.);
#1678=VECTOR('',#6544,10.);
#1679=VECTOR('',#6547,10.);
#1680=VECTOR('',#6548,10.);
#1681=VECTOR('',#6549,10.);
#1682=VECTOR('',#6550,10.);
#1683=VECTOR('',#6553,10.);
#1684=VECTOR('',#6554,10.);
#1685=VECTOR('',#6555,10.);
#1686=VECTOR('',#6558,10.);
#1687=VECTOR('',#6559,10.);
#1688=VECTOR('',#6560,10.);
#1689=VECTOR('',#6563,10.);
#1690=VECTOR('',#6564,10.);
#1691=VECTOR('',#6565,10.);
#1692=VECTOR('',#6568,10.);
#1693=VECTOR('',#6569,10.);
#1694=VECTOR('',#6572,10.);
#1695=VECTOR('',#6573,10.);
#1696=VECTOR('',#6576,10.);
#1697=VECTOR('',#6579,10.);
#1698=VECTOR('',#6580,10.);
#1699=VECTOR('',#6581,10.);
#1700=VECTOR('',#6582,10.);
#1701=VECTOR('',#6585,10.);
#1702=VECTOR('',#6586,10.);
#1703=VECTOR('',#6587,10.);
#1704=VECTOR('',#6590,10.);
#1705=VECTOR('',#6591,10.);
#1706=VECTOR('',#6592,10.);
#1707=VECTOR('',#6595,10.);
#1708=VECTOR('',#6596,10.);
#1709=VECTOR('',#6597,10.);
#1710=VECTOR('',#6600,10.);
#1711=VECTOR('',#6601,10.);
#1712=VECTOR('',#6602,10.);
#1713=VECTOR('',#6605,10.);
#1714=VECTOR('',#6606,10.);
#1715=VECTOR('',#6609,10.);
#1716=VECTOR('',#6612,10.);
#1717=VECTOR('',#6615,10.);
#1718=VECTOR('',#6616,10.);
#1719=VECTOR('',#6619,10.);
#1720=VECTOR('',#6620,10.);
#1721=VECTOR('',#6621,10.);
#1722=VECTOR('',#6622,10.);
#1723=VECTOR('',#6625,10.);
#1724=VECTOR('',#6626,10.);
#1725=VECTOR('',#6627,10.);
#1726=VECTOR('',#6630,10.);
#1727=VECTOR('',#6631,10.);
#1728=VECTOR('',#6632,10.);
#1729=VECTOR('',#6635,10.);
#1730=VECTOR('',#6636,10.);
#1731=VECTOR('',#6637,10.);
#1732=VECTOR('',#6640,10.);
#1733=VECTOR('',#6641,10.);
#1734=VECTOR('',#6644,10.);
#1735=VECTOR('',#6645,10.);
#1736=VECTOR('',#6648,10.);
#1737=VECTOR('',#6651,10.);
#1738=VECTOR('',#6652,10.);
#1739=VECTOR('',#6653,10.);
#1740=VECTOR('',#6654,10.);
#1741=VECTOR('',#6657,10.);
#1742=VECTOR('',#6658,10.);
#1743=VECTOR('',#6659,10.);
#1744=VECTOR('',#6662,10.);
#1745=VECTOR('',#6663,10.);
#1746=VECTOR('',#6664,10.);
#1747=VECTOR('',#6667,10.);
#1748=VECTOR('',#6668,10.);
#1749=VECTOR('',#6669,10.);
#1750=VECTOR('',#6672,10.);
#1751=VECTOR('',#6673,10.);
#1752=VECTOR('',#6674,10.);
#1753=VECTOR('',#6677,10.);
#1754=VECTOR('',#6678,10.);
#1755=VECTOR('',#6681,10.);
#1756=VECTOR('',#6684,10.);
#1757=VECTOR('',#6687,10.);
#1758=VECTOR('',#6688,10.);
#1759=VECTOR('',#6691,10.);
#1760=VECTOR('',#6692,10.);
#1761=VECTOR('',#6693,10.);
#1762=VECTOR('',#6694,10.);
#1763=VECTOR('',#6697,10.);
#1764=VECTOR('',#6698,10.);
#1765=VECTOR('',#6699,10.);
#1766=VECTOR('',#6702,10.);
#1767=VECTOR('',#6703,10.);
#1768=VECTOR('',#6704,10.);
#1769=VECTOR('',#6707,10.);
#1770=VECTOR('',#6708,10.);
#1771=VECTOR('',#6709,10.);
#1772=VECTOR('',#6712,10.);
#1773=VECTOR('',#6713,10.);
#1774=VECTOR('',#6716,10.);
#1775=VECTOR('',#6717,10.);
#1776=VECTOR('',#6720,10.);
#1777=VECTOR('',#6723,10.);
#1778=VECTOR('',#6724,10.);
#1779=VECTOR('',#6725,10.);
#1780=VECTOR('',#6726,10.);
#1781=VECTOR('',#6729,10.);
#1782=VECTOR('',#6730,10.);
#1783=VECTOR('',#6731,10.);
#1784=VECTOR('',#6734,10.);
#1785=VECTOR('',#6735,10.);
#1786=VECTOR('',#6736,10.);
#1787=VECTOR('',#6739,10.);
#1788=VECTOR('',#6740,10.);
#1789=VECTOR('',#6741,10.);
#1790=VECTOR('',#6744,10.);
#1791=VECTOR('',#6745,10.);
#1792=VECTOR('',#6746,10.);
#1793=VECTOR('',#6749,10.);
#1794=VECTOR('',#6750,10.);
#1795=VECTOR('',#6753,10.);
#1796=VECTOR('',#6756,10.);
#1797=VECTOR('',#6759,10.);
#1798=VECTOR('',#6760,10.);
#1799=VECTOR('',#6763,10.);
#1800=VECTOR('',#6764,10.);
#1801=VECTOR('',#6765,10.);
#1802=VECTOR('',#6766,10.);
#1803=VECTOR('',#6769,10.);
#1804=VECTOR('',#6770,10.);
#1805=VECTOR('',#6771,10.);
#1806=VECTOR('',#6774,10.);
#1807=VECTOR('',#6775,10.);
#1808=VECTOR('',#6776,10.);
#1809=VECTOR('',#6779,10.);
#1810=VECTOR('',#6780,10.);
#1811=VECTOR('',#6781,10.);
#1812=VECTOR('',#6784,10.);
#1813=VECTOR('',#6785,10.);
#1814=VECTOR('',#6788,10.);
#1815=VECTOR('',#6789,10.);
#1816=VECTOR('',#6792,10.);
#1817=VECTOR('',#6795,10.);
#1818=VECTOR('',#6796,10.);
#1819=VECTOR('',#6797,10.);
#1820=VECTOR('',#6798,10.);
#1821=VECTOR('',#6801,10.);
#1822=VECTOR('',#6802,10.);
#1823=VECTOR('',#6803,10.);
#1824=VECTOR('',#6806,10.);
#1825=VECTOR('',#6807,10.);
#1826=VECTOR('',#6808,10.);
#1827=VECTOR('',#6811,10.);
#1828=VECTOR('',#6812,10.);
#1829=VECTOR('',#6813,10.);
#1830=VECTOR('',#6816,10.);
#1831=VECTOR('',#6817,10.);
#1832=VECTOR('',#6818,10.);
#1833=VECTOR('',#6821,10.);
#1834=VECTOR('',#6822,10.);
#1835=VECTOR('',#6825,10.);
#1836=VECTOR('',#6828,10.);
#1837=VECTOR('',#6831,10.);
#1838=VECTOR('',#6832,10.);
#1839=VECTOR('',#6835,10.);
#1840=VECTOR('',#6836,10.);
#1841=VECTOR('',#6837,10.);
#1842=VECTOR('',#6838,10.);
#1843=VECTOR('',#6841,10.);
#1844=VECTOR('',#6842,10.);
#1845=VECTOR('',#6843,10.);
#1846=VECTOR('',#6846,10.);
#1847=VECTOR('',#6847,10.);
#1848=VECTOR('',#6848,10.);
#1849=VECTOR('',#6851,10.);
#1850=VECTOR('',#6852,10.);
#1851=VECTOR('',#6855,10.);
#1852=VECTOR('',#6856,10.);
#1853=VECTOR('',#6857,10.);
#1854=VECTOR('',#6860,10.);
#1855=VECTOR('',#6861,10.);
#1856=VECTOR('',#6864,10.);
#1857=VECTOR('',#6867,10.);
#1858=VECTOR('',#6868,10.);
#1859=VECTOR('',#6869,10.);
#1860=VECTOR('',#6870,10.);
#1861=VECTOR('',#6873,10.);
#1862=VECTOR('',#6874,10.);
#1863=VECTOR('',#6875,10.);
#1864=VECTOR('',#6878,10.);
#1865=VECTOR('',#6879,10.);
#1866=VECTOR('',#6880,10.);
#1867=VECTOR('',#6883,10.);
#1868=VECTOR('',#6884,10.);
#1869=VECTOR('',#6885,10.);
#1870=VECTOR('',#6888,10.);
#1871=VECTOR('',#6889,10.);
#1872=VECTOR('',#6890,10.);
#1873=VECTOR('',#6893,10.);
#1874=VECTOR('',#6894,10.);
#1875=VECTOR('',#6895,10.);
#1876=VECTOR('',#6896,10.);
#1877=VECTOR('',#6899,10.);
#1878=VECTOR('',#6900,10.);
#1879=VECTOR('',#6901,10.);
#1880=VECTOR('',#6904,10.);
#1881=VECTOR('',#6905,10.);
#1882=VECTOR('',#6906,10.);
#1883=VECTOR('',#6909,10.);
#1884=VECTOR('',#6910,10.);
#1885=VECTOR('',#6911,10.);
#1886=VECTOR('',#6914,10.);
#1887=VECTOR('',#6915,10.);
#1888=VECTOR('',#6916,10.);
#1889=VECTOR('',#6919,10.);
#1890=VECTOR('',#6920,10.);
#1891=VECTOR('',#6921,10.);
#1892=VECTOR('',#6922,10.);
#1893=VECTOR('',#6925,10.);
#1894=VECTOR('',#6928,10.);
#1895=VECTOR('',#6931,10.);
#1896=VECTOR('',#6932,10.);
#1897=VECTOR('',#6933,10.);
#1898=VECTOR('',#6936,10.);
#1899=VECTOR('',#6937,10.);
#1900=VECTOR('',#6940,10.);
#1901=VECTOR('',#6941,10.);
#1902=VECTOR('',#6942,10.);
#1903=VECTOR('',#6945,10.);
#1904=VECTOR('',#6946,10.);
#1905=VECTOR('',#6949,10.);
#1906=VECTOR('',#6950,10.);
#1907=VECTOR('',#6951,10.);
#1908=VECTOR('',#6954,10.);
#1909=VECTOR('',#6957,10.);
#1910=VECTOR('',#6960,10.);
#1911=VECTOR('',#6961,10.);
#1912=VECTOR('',#6962,10.);
#1913=VECTOR('',#6963,10.);
#1914=VECTOR('',#6966,10.);
#1915=VECTOR('',#6967,10.);
#1916=VECTOR('',#6968,10.);
#1917=VECTOR('',#6969,10.);
#1918=VECTOR('',#6972,10.);
#1919=VECTOR('',#6975,10.);
#1920=VECTOR('',#6978,10.);
#1921=VECTOR('',#6981,10.);
#1922=VECTOR('',#6982,10.);
#1923=VECTOR('',#6983,10.);
#1924=VECTOR('',#6986,10.);
#1925=VECTOR('',#6987,10.);
#1926=VECTOR('',#6988,10.);
#1927=VECTOR('',#6989,10.);
#1928=VECTOR('',#6990,10.);
#1929=VECTOR('',#6991,10.);
#1930=VECTOR('',#6992,10.);
#1931=VECTOR('',#6993,10.);
#1932=VECTOR('',#6994,10.);
#1933=VECTOR('',#6997,10.);
#1934=VECTOR('',#6998,10.);
#1935=VECTOR('',#6999,10.);
#1936=VECTOR('',#7002,10.);
#1937=VECTOR('',#7003,10.);
#1938=VECTOR('',#7006,10.);
#1939=VECTOR('',#7007,10.);
#1940=VECTOR('',#7010,10.);
#1941=VECTOR('',#7011,10.);
#1942=VECTOR('',#7014,10.);
#1943=VECTOR('',#7015,10.);
#1944=VECTOR('',#7018,10.);
#1945=VECTOR('',#7019,10.);
#1946=VECTOR('',#7022,10.);
#1947=VECTOR('',#7023,10.);
#1948=VECTOR('',#7024,10.);
#1949=VECTOR('',#7029,10.);
#1950=VECTOR('',#7030,10.);
#1951=VECTOR('',#7039,10.);
#1952=VECTOR('',#7040,10.);
#1953=VECTOR('',#7041,10.);
#1954=VECTOR('',#7042,10.);
#1955=VECTOR('',#7043,10.);
#1956=VECTOR('',#7044,10.);
#1957=VECTOR('',#7045,10.);
#1958=VECTOR('',#7046,10.);
#1959=VECTOR('',#7047,10.);
#1960=VECTOR('',#7048,10.);
#1961=VECTOR('',#7051,10.);
#1962=VECTOR('',#7056,10.);
#1963=VECTOR('',#7057,10.);
#1964=VECTOR('',#7058,10.);
#1965=VECTOR('',#7061,10.);
#1966=VECTOR('',#7062,10.);
#1967=VECTOR('',#7065,10.);
#1968=VECTOR('',#7066,10.);
#1969=VECTOR('',#7069,10.);
#1970=VECTOR('',#7070,10.);
#1971=VECTOR('',#7073,10.);
#1972=VECTOR('',#7074,10.);
#1973=VECTOR('',#7077,10.);
#1974=VECTOR('',#7078,10.);
#1975=VECTOR('',#7081,10.);
#1976=VECTOR('',#7082,10.);
#1977=VECTOR('',#7085,10.);
#1978=VECTOR('',#7086,10.);
#1979=VECTOR('',#7089,10.);
#1980=VECTOR('',#7090,10.);
#1981=VECTOR('',#7095,10.);
#1982=VECTOR('',#7098,10.);
#1983=VECTOR('',#7099,10.);
#1984=VECTOR('',#7104,10.);
#1985=VECTOR('',#7107,10.);
#1986=VECTOR('',#7112,10.);
#1987=VECTOR('',#7113,10.);
#1988=VECTOR('',#7114,10.);
#1989=VECTOR('',#7115,10.);
#1990=VECTOR('',#7116,10.);
#1991=VECTOR('',#7117,10.);
#1992=VECTOR('',#7118,10.);
#1993=VECTOR('',#7119,10.);
#1994=VECTOR('',#7120,10.);
#1995=VECTOR('',#7121,10.);
#1996=VECTOR('',#7124,10.);
#1997=VECTOR('',#7129,10.);
#1998=VECTOR('',#7130,10.);
#1999=VECTOR('',#7131,10.);
#2000=VECTOR('',#7134,10.);
#2001=VECTOR('',#7135,10.);
#2002=VECTOR('',#7138,10.);
#2003=VECTOR('',#7139,10.);
#2004=VECTOR('',#7142,10.);
#2005=VECTOR('',#7143,10.);
#2006=VECTOR('',#7146,10.);
#2007=VECTOR('',#7147,10.);
#2008=VECTOR('',#7150,10.);
#2009=VECTOR('',#7151,10.);
#2010=VECTOR('',#7154,10.);
#2011=VECTOR('',#7155,10.);
#2012=VECTOR('',#7158,10.);
#2013=VECTOR('',#7159,10.);
#2014=VECTOR('',#7162,10.);
#2015=VECTOR('',#7163,10.);
#2016=VECTOR('',#7168,10.);
#2017=VECTOR('',#7171,10.);
#2018=VECTOR('',#7172,10.);
#2019=VECTOR('',#7177,10.);
#2020=VECTOR('',#7180,10.);
#2021=VECTOR('',#7185,10.);
#2022=VECTOR('',#7186,10.);
#2023=VECTOR('',#7187,10.);
#2024=VECTOR('',#7188,10.);
#2025=VECTOR('',#7189,10.);
#2026=VECTOR('',#7190,10.);
#2027=VECTOR('',#7191,10.);
#2028=VECTOR('',#7192,10.);
#2029=VECTOR('',#7193,10.);
#2030=VECTOR('',#7194,10.);
#2031=VECTOR('',#7197,10.);
#2032=VECTOR('',#7202,10.);
#2033=VECTOR('',#7203,10.);
#2034=VECTOR('',#7204,10.);
#2035=VECTOR('',#7207,10.);
#2036=VECTOR('',#7208,10.);
#2037=VECTOR('',#7211,10.);
#2038=VECTOR('',#7212,10.);
#2039=VECTOR('',#7215,10.);
#2040=VECTOR('',#7216,10.);
#2041=VECTOR('',#7219,10.);
#2042=VECTOR('',#7220,10.);
#2043=VECTOR('',#7223,10.);
#2044=VECTOR('',#7224,10.);
#2045=VECTOR('',#7227,10.);
#2046=VECTOR('',#7228,10.);
#2047=VECTOR('',#7231,10.);
#2048=VECTOR('',#7232,10.);
#2049=VECTOR('',#7235,10.);
#2050=VECTOR('',#7236,10.);
#2051=VECTOR('',#7241,10.);
#2052=VECTOR('',#7244,10.);
#2053=VECTOR('',#7245,10.);
#2054=VECTOR('',#7250,10.);
#2055=VECTOR('',#7253,10.);
#2056=VECTOR('',#7258,10.);
#2057=VECTOR('',#7259,10.);
#2058=VECTOR('',#7260,10.);
#2059=VECTOR('',#7261,10.);
#2060=VECTOR('',#7262,10.);
#2061=VECTOR('',#7263,10.);
#2062=VECTOR('',#7264,10.);
#2063=VECTOR('',#7265,10.);
#2064=VECTOR('',#7266,10.);
#2065=VECTOR('',#7267,10.);
#2066=VECTOR('',#7270,10.);
#2067=VECTOR('',#7275,10.);
#2068=VECTOR('',#7276,10.);
#2069=VECTOR('',#7277,10.);
#2070=VECTOR('',#7280,10.);
#2071=VECTOR('',#7281,10.);
#2072=VECTOR('',#7284,10.);
#2073=VECTOR('',#7285,10.);
#2074=VECTOR('',#7288,10.);
#2075=VECTOR('',#7289,10.);
#2076=VECTOR('',#7292,10.);
#2077=VECTOR('',#7293,10.);
#2078=VECTOR('',#7296,10.);
#2079=VECTOR('',#7297,10.);
#2080=VECTOR('',#7300,10.);
#2081=VECTOR('',#7301,10.);
#2082=VECTOR('',#7304,10.);
#2083=VECTOR('',#7305,10.);
#2084=VECTOR('',#7308,10.);
#2085=VECTOR('',#7309,10.);
#2086=VECTOR('',#7314,10.);
#2087=VECTOR('',#7317,10.);
#2088=VECTOR('',#7318,10.);
#2089=VECTOR('',#7323,10.);
#2090=VECTOR('',#7326,10.);
#2091=VECTOR('',#7331,10.);
#2092=VECTOR('',#7332,10.);
#2093=VECTOR('',#7333,10.);
#2094=VECTOR('',#7334,10.);
#2095=VECTOR('',#7335,10.);
#2096=VECTOR('',#7336,10.);
#2097=VECTOR('',#7337,10.);
#2098=VECTOR('',#7338,10.);
#2099=VECTOR('',#7339,10.);
#2100=VECTOR('',#7340,10.);
#2101=VECTOR('',#7343,10.);
#2102=VECTOR('',#7348,10.);
#2103=VECTOR('',#7349,10.);
#2104=VECTOR('',#7350,10.);
#2105=VECTOR('',#7353,10.);
#2106=VECTOR('',#7354,10.);
#2107=VECTOR('',#7357,10.);
#2108=VECTOR('',#7358,10.);
#2109=VECTOR('',#7361,10.);
#2110=VECTOR('',#7362,10.);
#2111=VECTOR('',#7365,10.);
#2112=VECTOR('',#7366,10.);
#2113=VECTOR('',#7369,10.);
#2114=VECTOR('',#7370,10.);
#2115=VECTOR('',#7373,10.);
#2116=VECTOR('',#7374,10.);
#2117=VECTOR('',#7377,10.);
#2118=VECTOR('',#7378,10.);
#2119=VECTOR('',#7381,10.);
#2120=VECTOR('',#7382,10.);
#2121=VECTOR('',#7387,10.);
#2122=VECTOR('',#7390,10.);
#2123=VECTOR('',#7391,10.);
#2124=VECTOR('',#7396,10.);
#2125=VECTOR('',#7399,10.);
#2126=VECTOR('',#7404,10.);
#2127=VECTOR('',#7405,10.);
#2128=VECTOR('',#7406,10.);
#2129=VECTOR('',#7407,10.);
#2130=VECTOR('',#7408,10.);
#2131=VECTOR('',#7409,10.);
#2132=VECTOR('',#7410,10.);
#2133=VECTOR('',#7411,10.);
#2134=VECTOR('',#7412,10.);
#2135=VECTOR('',#7413,10.);
#2136=VECTOR('',#7416,10.);
#2137=VECTOR('',#7421,10.);
#2138=VECTOR('',#7422,10.);
#2139=VECTOR('',#7423,10.);
#2140=VECTOR('',#7426,10.);
#2141=VECTOR('',#7427,10.);
#2142=VECTOR('',#7430,10.);
#2143=VECTOR('',#7431,10.);
#2144=VECTOR('',#7434,10.);
#2145=VECTOR('',#7435,10.);
#2146=VECTOR('',#7438,10.);
#2147=VECTOR('',#7439,10.);
#2148=VECTOR('',#7442,10.);
#2149=VECTOR('',#7443,10.);
#2150=VECTOR('',#7446,10.);
#2151=VECTOR('',#7447,10.);
#2152=VECTOR('',#7450,10.);
#2153=VECTOR('',#7451,10.);
#2154=VECTOR('',#7454,10.);
#2155=VECTOR('',#7455,10.);
#2156=VECTOR('',#7460,10.);
#2157=VECTOR('',#7463,10.);
#2158=VECTOR('',#7464,10.);
#2159=VECTOR('',#7469,10.);
#2160=VECTOR('',#7472,10.);
#2161=VECTOR('',#7477,10.);
#2162=VECTOR('',#7478,10.);
#2163=VECTOR('',#7479,10.);
#2164=VECTOR('',#7480,10.);
#2165=VECTOR('',#7481,10.);
#2166=VECTOR('',#7482,10.);
#2167=VECTOR('',#7483,10.);
#2168=VECTOR('',#7484,10.);
#2169=VECTOR('',#7485,10.);
#2170=VECTOR('',#7486,10.);
#2171=VECTOR('',#7489,10.);
#2172=VECTOR('',#7494,10.);
#2173=VECTOR('',#7495,10.);
#2174=VECTOR('',#7496,10.);
#2175=VECTOR('',#7499,10.);
#2176=VECTOR('',#7500,10.);
#2177=VECTOR('',#7503,10.);
#2178=VECTOR('',#7504,10.);
#2179=VECTOR('',#7507,10.);
#2180=VECTOR('',#7508,10.);
#2181=VECTOR('',#7511,10.);
#2182=VECTOR('',#7512,10.);
#2183=VECTOR('',#7515,10.);
#2184=VECTOR('',#7516,10.);
#2185=VECTOR('',#7519,10.);
#2186=VECTOR('',#7520,10.);
#2187=VECTOR('',#7523,10.);
#2188=VECTOR('',#7524,10.);
#2189=VECTOR('',#7527,10.);
#2190=VECTOR('',#7528,10.);
#2191=VECTOR('',#7533,10.);
#2192=VECTOR('',#7536,10.);
#2193=VECTOR('',#7537,10.);
#2194=VECTOR('',#7542,10.);
#2195=VECTOR('',#7545,10.);
#2196=VECTOR('',#7550,10.);
#2197=VECTOR('',#7551,10.);
#2198=VECTOR('',#7552,10.);
#2199=VECTOR('',#7553,10.);
#2200=VECTOR('',#7554,10.);
#2201=VECTOR('',#7555,10.);
#2202=VECTOR('',#7556,10.);
#2203=VECTOR('',#7557,10.);
#2204=VECTOR('',#7558,10.);
#2205=VECTOR('',#7559,10.);
#2206=VECTOR('',#7562,10.);
#2207=VECTOR('',#7567,10.);
#2208=VECTOR('',#7568,10.);
#2209=VECTOR('',#7569,10.);
#2210=VECTOR('',#7572,10.);
#2211=VECTOR('',#7573,10.);
#2212=VECTOR('',#7576,10.);
#2213=VECTOR('',#7577,10.);
#2214=VECTOR('',#7580,10.);
#2215=VECTOR('',#7581,10.);
#2216=VECTOR('',#7584,10.);
#2217=VECTOR('',#7585,10.);
#2218=VECTOR('',#7588,10.);
#2219=VECTOR('',#7589,10.);
#2220=VECTOR('',#7592,10.);
#2221=VECTOR('',#7593,10.);
#2222=VECTOR('',#7596,10.);
#2223=VECTOR('',#7597,10.);
#2224=VECTOR('',#7600,10.);
#2225=VECTOR('',#7601,10.);
#2226=VECTOR('',#7606,10.);
#2227=VECTOR('',#7609,10.);
#2228=VECTOR('',#7610,10.);
#2229=VECTOR('',#7615,10.);
#2230=VECTOR('',#7618,10.);
#2231=VECTOR('',#7623,10.);
#2232=VECTOR('',#7624,10.);
#2233=VECTOR('',#7625,10.);
#2234=VECTOR('',#7626,10.);
#2235=VECTOR('',#7627,10.);
#2236=VECTOR('',#7628,10.);
#2237=VECTOR('',#7629,10.);
#2238=VECTOR('',#7630,10.);
#2239=VECTOR('',#7631,10.);
#2240=VECTOR('',#7632,10.);
#2241=VECTOR('',#7635,10.);
#2242=VECTOR('',#7640,10.);
#2243=VECTOR('',#7641,10.);
#2244=VECTOR('',#7642,10.);
#2245=VECTOR('',#7645,10.);
#2246=VECTOR('',#7646,10.);
#2247=VECTOR('',#7649,10.);
#2248=VECTOR('',#7650,10.);
#2249=VECTOR('',#7653,10.);
#2250=VECTOR('',#7654,10.);
#2251=VECTOR('',#7657,10.);
#2252=VECTOR('',#7658,10.);
#2253=VECTOR('',#7661,10.);
#2254=VECTOR('',#7662,10.);
#2255=VECTOR('',#7665,10.);
#2256=VECTOR('',#7666,10.);
#2257=VECTOR('',#7669,10.);
#2258=VECTOR('',#7670,10.);
#2259=VECTOR('',#7673,10.);
#2260=VECTOR('',#7674,10.);
#2261=VECTOR('',#7679,10.);
#2262=VECTOR('',#7682,10.);
#2263=VECTOR('',#7683,10.);
#2264=VECTOR('',#7688,10.);
#2265=VECTOR('',#7691,10.);
#2266=VECTOR('',#7696,10.);
#2267=VECTOR('',#7697,10.);
#2268=VECTOR('',#7698,10.);
#2269=VECTOR('',#7699,10.);
#2270=VECTOR('',#7700,10.);
#2271=VECTOR('',#7701,10.);
#2272=VECTOR('',#7702,10.);
#2273=VECTOR('',#7703,10.);
#2274=VECTOR('',#7704,10.);
#2275=VECTOR('',#7705,10.);
#2276=VECTOR('',#7708,10.);
#2277=VECTOR('',#7713,10.);
#2278=VECTOR('',#7714,10.);
#2279=VECTOR('',#7715,10.);
#2280=VECTOR('',#7718,10.);
#2281=VECTOR('',#7719,10.);
#2282=VECTOR('',#7722,10.);
#2283=VECTOR('',#7723,10.);
#2284=VECTOR('',#7726,10.);
#2285=VECTOR('',#7727,10.);
#2286=VECTOR('',#7730,10.);
#2287=VECTOR('',#7731,10.);
#2288=VECTOR('',#7734,10.);
#2289=VECTOR('',#7735,10.);
#2290=VECTOR('',#7738,10.);
#2291=VECTOR('',#7739,10.);
#2292=VECTOR('',#7742,10.);
#2293=VECTOR('',#7743,10.);
#2294=VECTOR('',#7746,10.);
#2295=VECTOR('',#7747,10.);
#2296=VECTOR('',#7752,10.);
#2297=VECTOR('',#7755,10.);
#2298=VECTOR('',#7756,10.);
#2299=VECTOR('',#7761,10.);
#2300=VECTOR('',#7764,10.);
#2301=VECTOR('',#7771,10.);
#2302=VECTOR('',#7774,10.);
#2303=VECTOR('',#7777,10.);
#2304=VECTOR('',#7778,10.);
#2305=VECTOR('',#7779,10.);
#2306=VECTOR('',#7782,10.);
#2307=VECTOR('',#7783,10.);
#2308=VECTOR('',#7784,10.);
#2309=VECTOR('',#7787,10.);
#2310=VECTOR('',#7788,10.);
#2311=VECTOR('',#7789,10.);
#2312=VECTOR('',#7792,10.);
#2313=VECTOR('',#7793,10.);
#2314=VECTOR('',#7794,10.);
#2315=VECTOR('',#7797,10.);
#2316=VECTOR('',#7798,10.);
#2317=VECTOR('',#7807,10.);
#2318=VECTOR('',#7810,10.);
#2319=VECTOR('',#7813,10.);
#2320=VECTOR('',#7814,10.);
#2321=VECTOR('',#7815,10.);
#2322=VECTOR('',#7818,10.);
#2323=VECTOR('',#7819,10.);
#2324=VECTOR('',#7820,10.);
#2325=VECTOR('',#7823,10.);
#2326=VECTOR('',#7824,10.);
#2327=VECTOR('',#7825,10.);
#2328=VECTOR('',#7828,10.);
#2329=VECTOR('',#7829,10.);
#2330=VECTOR('',#7830,10.);
#2331=VECTOR('',#7833,10.);
#2332=VECTOR('',#7834,10.);
#2333=VERTEX_POINT('',#7841);
#2334=VERTEX_POINT('',#7842);
#2335=VERTEX_POINT('',#7844);
#2336=VERTEX_POINT('',#7846);
#2337=VERTEX_POINT('',#7850);
#2338=VERTEX_POINT('',#7852);
#2339=VERTEX_POINT('',#7856);
#2340=VERTEX_POINT('',#7857);
#2341=VERTEX_POINT('',#7859);
#2342=VERTEX_POINT('',#7861);
#2343=VERTEX_POINT('',#7863);
#2344=VERTEX_POINT('',#7865);
#2345=VERTEX_POINT('',#7867);
#2346=VERTEX_POINT('',#7869);
#2347=VERTEX_POINT('',#7871);
#2348=VERTEX_POINT('',#7873);
#2349=VERTEX_POINT('',#7875);
#2350=VERTEX_POINT('',#7877);
#2351=VERTEX_POINT('',#7879);
#2352=VERTEX_POINT('',#7881);
#2353=VERTEX_POINT('',#7884);
#2354=VERTEX_POINT('',#7888);
#2355=VERTEX_POINT('',#7890);
#2356=VERTEX_POINT('',#7894);
#2357=VERTEX_POINT('',#7896);
#2358=VERTEX_POINT('',#7900);
#2359=VERTEX_POINT('',#7904);
#2360=VERTEX_POINT('',#7912);
#2361=VERTEX_POINT('',#7913);
#2362=VERTEX_POINT('',#7915);
#2363=VERTEX_POINT('',#7917);
#2364=VERTEX_POINT('',#7921);
#2365=VERTEX_POINT('',#7923);
#2366=VERTEX_POINT('',#7927);
#2367=VERTEX_POINT('',#7929);
#2368=VERTEX_POINT('',#7931);
#2369=VERTEX_POINT('',#7933);
#2370=VERTEX_POINT('',#7935);
#2371=VERTEX_POINT('',#7937);
#2372=VERTEX_POINT('',#7939);
#2373=VERTEX_POINT('',#7941);
#2374=VERTEX_POINT('',#7943);
#2375=VERTEX_POINT('',#7945);
#2376=VERTEX_POINT('',#7947);
#2377=VERTEX_POINT('',#7949);
#2378=VERTEX_POINT('',#7951);
#2379=VERTEX_POINT('',#7953);
#2380=VERTEX_POINT('',#7955);
#2381=VERTEX_POINT('',#7959);
#2382=VERTEX_POINT('',#7961);
#2383=VERTEX_POINT('',#7965);
#2384=VERTEX_POINT('',#7969);
#2385=VERTEX_POINT('',#7971);
#2386=VERTEX_POINT('',#7975);
#2387=VERTEX_POINT('',#7983);
#2388=VERTEX_POINT('',#7984);
#2389=VERTEX_POINT('',#7986);
#2390=VERTEX_POINT('',#7988);
#2391=VERTEX_POINT('',#7992);
#2392=VERTEX_POINT('',#7993);
#2393=VERTEX_POINT('',#7995);
#2394=VERTEX_POINT('',#7997);
#2395=VERTEX_POINT('',#8001);
#2396=VERTEX_POINT('',#8003);
#2397=VERTEX_POINT('',#8007);
#2398=VERTEX_POINT('',#8009);
#2399=VERTEX_POINT('',#8013);
#2400=VERTEX_POINT('',#8014);
#2401=VERTEX_POINT('',#8016);
#2402=VERTEX_POINT('',#8018);
#2403=VERTEX_POINT('',#8028);
#2404=VERTEX_POINT('',#8030);
#2405=VERTEX_POINT('',#8035);
#2406=VERTEX_POINT('',#8037);
#2407=VERTEX_POINT('',#8042);
#2408=VERTEX_POINT('',#8044);
#2409=VERTEX_POINT('',#8046);
#2410=VERTEX_POINT('',#8048);
#2411=VERTEX_POINT('',#8050);
#2412=VERTEX_POINT('',#8052);
#2413=VERTEX_POINT('',#8054);
#2414=VERTEX_POINT('',#8056);
#2415=VERTEX_POINT('',#8058);
#2416=VERTEX_POINT('',#8060);
#2417=VERTEX_POINT('',#8062);
#2418=VERTEX_POINT('',#8064);
#2419=VERTEX_POINT('',#8066);
#2420=VERTEX_POINT('',#8068);
#2421=VERTEX_POINT('',#8070);
#2422=VERTEX_POINT('',#8072);
#2423=VERTEX_POINT('',#8074);
#2424=VERTEX_POINT('',#8076);
#2425=VERTEX_POINT('',#8078);
#2426=VERTEX_POINT('',#8080);
#2427=VERTEX_POINT('',#8082);
#2428=VERTEX_POINT('',#8084);
#2429=VERTEX_POINT('',#8086);
#2430=VERTEX_POINT('',#8088);
#2431=VERTEX_POINT('',#8090);
#2432=VERTEX_POINT('',#8092);
#2433=VERTEX_POINT('',#8094);
#2434=VERTEX_POINT('',#8096);
#2435=VERTEX_POINT('',#8098);
#2436=VERTEX_POINT('',#8100);
#2437=VERTEX_POINT('',#8102);
#2438=VERTEX_POINT('',#8104);
#2439=VERTEX_POINT('',#8106);
#2440=VERTEX_POINT('',#8108);
#2441=VERTEX_POINT('',#8110);
#2442=VERTEX_POINT('',#8114);
#2443=VERTEX_POINT('',#8115);
#2444=VERTEX_POINT('',#8117);
#2445=VERTEX_POINT('',#8119);
#2446=VERTEX_POINT('',#8123);
#2447=VERTEX_POINT('',#8124);
#2448=VERTEX_POINT('',#8129);
#2449=VERTEX_POINT('',#8131);
#2450=VERTEX_POINT('',#8135);
#2451=VERTEX_POINT('',#8137);
#2452=VERTEX_POINT('',#8141);
#2453=VERTEX_POINT('',#8150);
#2454=VERTEX_POINT('',#8151);
#2455=VERTEX_POINT('',#8153);
#2456=VERTEX_POINT('',#8155);
#2457=VERTEX_POINT('',#8159);
#2458=VERTEX_POINT('',#8160);
#2459=VERTEX_POINT('',#8165);
#2460=VERTEX_POINT('',#8167);
#2461=VERTEX_POINT('',#8171);
#2462=VERTEX_POINT('',#8173);
#2463=VERTEX_POINT('',#8177);
#2464=VERTEX_POINT('',#8178);
#2465=VERTEX_POINT('',#8190);
#2466=VERTEX_POINT('',#8194);
#2467=VERTEX_POINT('',#8195);
#2468=VERTEX_POINT('',#8197);
#2469=VERTEX_POINT('',#8199);
#2470=VERTEX_POINT('',#8203);
#2471=VERTEX_POINT('',#8204);
#2472=VERTEX_POINT('',#8209);
#2473=VERTEX_POINT('',#8211);
#2474=VERTEX_POINT('',#8215);
#2475=VERTEX_POINT('',#8217);
#2476=VERTEX_POINT('',#8221);
#2477=VERTEX_POINT('',#8230);
#2478=VERTEX_POINT('',#8231);
#2479=VERTEX_POINT('',#8233);
#2480=VERTEX_POINT('',#8235);
#2481=VERTEX_POINT('',#8239);
#2482=VERTEX_POINT('',#8240);
#2483=VERTEX_POINT('',#8245);
#2484=VERTEX_POINT('',#8247);
#2485=VERTEX_POINT('',#8251);
#2486=VERTEX_POINT('',#8253);
#2487=VERTEX_POINT('',#8257);
#2488=VERTEX_POINT('',#8258);
#2489=VERTEX_POINT('',#8270);
#2490=VERTEX_POINT('',#8274);
#2491=VERTEX_POINT('',#8275);
#2492=VERTEX_POINT('',#8277);
#2493=VERTEX_POINT('',#8279);
#2494=VERTEX_POINT('',#8283);
#2495=VERTEX_POINT('',#8284);
#2496=VERTEX_POINT('',#8289);
#2497=VERTEX_POINT('',#8291);
#2498=VERTEX_POINT('',#8295);
#2499=VERTEX_POINT('',#8297);
#2500=VERTEX_POINT('',#8301);
#2501=VERTEX_POINT('',#8310);
#2502=VERTEX_POINT('',#8311);
#2503=VERTEX_POINT('',#8313);
#2504=VERTEX_POINT('',#8315);
#2505=VERTEX_POINT('',#8319);
#2506=VERTEX_POINT('',#8320);
#2507=VERTEX_POINT('',#8325);
#2508=VERTEX_POINT('',#8327);
#2509=VERTEX_POINT('',#8331);
#2510=VERTEX_POINT('',#8333);
#2511=VERTEX_POINT('',#8337);
#2512=VERTEX_POINT('',#8338);
#2513=VERTEX_POINT('',#8350);
#2514=VERTEX_POINT('',#8354);
#2515=VERTEX_POINT('',#8355);
#2516=VERTEX_POINT('',#8357);
#2517=VERTEX_POINT('',#8359);
#2518=VERTEX_POINT('',#8363);
#2519=VERTEX_POINT('',#8364);
#2520=VERTEX_POINT('',#8369);
#2521=VERTEX_POINT('',#8371);
#2522=VERTEX_POINT('',#8375);
#2523=VERTEX_POINT('',#8377);
#2524=VERTEX_POINT('',#8381);
#2525=VERTEX_POINT('',#8390);
#2526=VERTEX_POINT('',#8391);
#2527=VERTEX_POINT('',#8393);
#2528=VERTEX_POINT('',#8395);
#2529=VERTEX_POINT('',#8399);
#2530=VERTEX_POINT('',#8400);
#2531=VERTEX_POINT('',#8405);
#2532=VERTEX_POINT('',#8407);
#2533=VERTEX_POINT('',#8411);
#2534=VERTEX_POINT('',#8413);
#2535=VERTEX_POINT('',#8417);
#2536=VERTEX_POINT('',#8418);
#2537=VERTEX_POINT('',#8430);
#2538=VERTEX_POINT('',#8434);
#2539=VERTEX_POINT('',#8435);
#2540=VERTEX_POINT('',#8437);
#2541=VERTEX_POINT('',#8439);
#2542=VERTEX_POINT('',#8443);
#2543=VERTEX_POINT('',#8444);
#2544=VERTEX_POINT('',#8449);
#2545=VERTEX_POINT('',#8451);
#2546=VERTEX_POINT('',#8455);
#2547=VERTEX_POINT('',#8459);
#2548=VERTEX_POINT('',#8461);
#2549=VERTEX_POINT('',#8470);
#2550=VERTEX_POINT('',#8471);
#2551=VERTEX_POINT('',#8473);
#2552=VERTEX_POINT('',#8475);
#2553=VERTEX_POINT('',#8479);
#2554=VERTEX_POINT('',#8481);
#2555=VERTEX_POINT('',#8485);
#2556=VERTEX_POINT('',#8487);
#2557=VERTEX_POINT('',#8491);
#2558=VERTEX_POINT('',#8493);
#2559=VERTEX_POINT('',#8497);
#2560=VERTEX_POINT('',#8499);
#2561=VERTEX_POINT('',#8503);
#2562=VERTEX_POINT('',#8504);
#2563=VERTEX_POINT('',#8506);
#2564=VERTEX_POINT('',#8508);
#2565=VERTEX_POINT('',#8512);
#2566=VERTEX_POINT('',#8514);
#2567=VERTEX_POINT('',#8518);
#2568=VERTEX_POINT('',#8520);
#2569=VERTEX_POINT('',#8524);
#2570=VERTEX_POINT('',#8526);
#2571=VERTEX_POINT('',#8530);
#2572=VERTEX_POINT('',#8532);
#2573=VERTEX_POINT('',#8545);
#2574=VERTEX_POINT('',#8546);
#2575=VERTEX_POINT('',#8551);
#2576=VERTEX_POINT('',#8555);
#2577=VERTEX_POINT('',#8556);
#2578=VERTEX_POINT('',#8561);
#2579=VERTEX_POINT('',#8565);
#2580=VERTEX_POINT('',#8566);
#2581=VERTEX_POINT('',#8575);
#2582=VERTEX_POINT('',#8577);
#2583=VERTEX_POINT('',#8579);
#2584=VERTEX_POINT('',#8583);
#2585=VERTEX_POINT('',#8585);
#2586=VERTEX_POINT('',#8587);
#2587=VERTEX_POINT('',#8597);
#2588=VERTEX_POINT('',#8599);
#2589=VERTEX_POINT('',#8603);
#2590=VERTEX_POINT('',#8604);
#2591=VERTEX_POINT('',#8607);
#2592=VERTEX_POINT('',#8609);
#2593=VERTEX_POINT('',#8611);
#2594=VERTEX_POINT('',#8613);
#2595=VERTEX_POINT('',#8615);
#2596=VERTEX_POINT('',#8617);
#2597=VERTEX_POINT('',#8621);
#2598=VERTEX_POINT('',#8623);
#2599=VERTEX_POINT('',#8627);
#2600=VERTEX_POINT('',#8631);
#2601=VERTEX_POINT('',#8635);
#2602=VERTEX_POINT('',#8639);
#2603=VERTEX_POINT('',#8643);
#2604=VERTEX_POINT('',#8647);
#2605=VERTEX_POINT('',#8659);
#2606=VERTEX_POINT('',#8660);
#2607=VERTEX_POINT('',#8662);
#2608=VERTEX_POINT('',#8664);
#2609=VERTEX_POINT('',#8666);
#2610=VERTEX_POINT('',#8668);
#2611=VERTEX_POINT('',#8670);
#2612=VERTEX_POINT('',#8672);
#2613=VERTEX_POINT('',#8674);
#2614=VERTEX_POINT('',#8676);
#2615=VERTEX_POINT('',#8678);
#2616=VERTEX_POINT('',#8680);
#2617=VERTEX_POINT('',#8682);
#2618=VERTEX_POINT('',#8686);
#2619=VERTEX_POINT('',#8688);
#2620=VERTEX_POINT('',#8692);
#2621=VERTEX_POINT('',#8696);
#2622=VERTEX_POINT('',#8700);
#2623=VERTEX_POINT('',#8704);
#2624=VERTEX_POINT('',#8708);
#2625=VERTEX_POINT('',#8712);
#2626=VERTEX_POINT('',#8716);
#2627=VERTEX_POINT('',#8720);
#2628=VERTEX_POINT('',#8724);
#2629=VERTEX_POINT('',#8728);
#2630=VERTEX_POINT('',#8732);
#2631=VERTEX_POINT('',#8739);
#2632=VERTEX_POINT('',#8740);
#2633=VERTEX_POINT('',#8742);
#2634=VERTEX_POINT('',#8744);
#2635=VERTEX_POINT('',#8746);
#2636=VERTEX_POINT('',#8748);
#2637=VERTEX_POINT('',#8750);
#2638=VERTEX_POINT('',#8752);
#2639=VERTEX_POINT('',#8754);
#2640=VERTEX_POINT('',#8756);
#2641=VERTEX_POINT('',#8758);
#2642=VERTEX_POINT('',#8760);
#2643=VERTEX_POINT('',#8762);
#2644=VERTEX_POINT('',#8766);
#2645=VERTEX_POINT('',#8768);
#2646=VERTEX_POINT('',#8772);
#2647=VERTEX_POINT('',#8776);
#2648=VERTEX_POINT('',#8780);
#2649=VERTEX_POINT('',#8784);
#2650=VERTEX_POINT('',#8788);
#2651=VERTEX_POINT('',#8792);
#2652=VERTEX_POINT('',#8796);
#2653=VERTEX_POINT('',#8800);
#2654=VERTEX_POINT('',#8804);
#2655=VERTEX_POINT('',#8808);
#2656=VERTEX_POINT('',#8812);
#2657=VERTEX_POINT('',#8819);
#2658=VERTEX_POINT('',#8820);
#2659=VERTEX_POINT('',#8822);
#2660=VERTEX_POINT('',#8824);
#2661=VERTEX_POINT('',#8826);
#2662=VERTEX_POINT('',#8828);
#2663=VERTEX_POINT('',#8830);
#2664=VERTEX_POINT('',#8832);
#2665=VERTEX_POINT('',#8834);
#2666=VERTEX_POINT('',#8836);
#2667=VERTEX_POINT('',#8838);
#2668=VERTEX_POINT('',#8840);
#2669=VERTEX_POINT('',#8842);
#2670=VERTEX_POINT('',#8846);
#2671=VERTEX_POINT('',#8848);
#2672=VERTEX_POINT('',#8852);
#2673=VERTEX_POINT('',#8856);
#2674=VERTEX_POINT('',#8860);
#2675=VERTEX_POINT('',#8864);
#2676=VERTEX_POINT('',#8868);
#2677=VERTEX_POINT('',#8872);
#2678=VERTEX_POINT('',#8876);
#2679=VERTEX_POINT('',#8880);
#2680=VERTEX_POINT('',#8884);
#2681=VERTEX_POINT('',#8888);
#2682=VERTEX_POINT('',#8892);
#2683=VERTEX_POINT('',#8899);
#2684=VERTEX_POINT('',#8900);
#2685=VERTEX_POINT('',#8902);
#2686=VERTEX_POINT('',#8904);
#2687=VERTEX_POINT('',#8906);
#2688=VERTEX_POINT('',#8908);
#2689=VERTEX_POINT('',#8910);
#2690=VERTEX_POINT('',#8912);
#2691=VERTEX_POINT('',#8914);
#2692=VERTEX_POINT('',#8916);
#2693=VERTEX_POINT('',#8918);
#2694=VERTEX_POINT('',#8920);
#2695=VERTEX_POINT('',#8922);
#2696=VERTEX_POINT('',#8926);
#2697=VERTEX_POINT('',#8928);
#2698=VERTEX_POINT('',#8932);
#2699=VERTEX_POINT('',#8936);
#2700=VERTEX_POINT('',#8940);
#2701=VERTEX_POINT('',#8944);
#2702=VERTEX_POINT('',#8948);
#2703=VERTEX_POINT('',#8952);
#2704=VERTEX_POINT('',#8956);
#2705=VERTEX_POINT('',#8960);
#2706=VERTEX_POINT('',#8964);
#2707=VERTEX_POINT('',#8968);
#2708=VERTEX_POINT('',#8972);
#2709=VERTEX_POINT('',#8979);
#2710=VERTEX_POINT('',#8980);
#2711=VERTEX_POINT('',#8982);
#2712=VERTEX_POINT('',#8984);
#2713=VERTEX_POINT('',#8986);
#2714=VERTEX_POINT('',#8988);
#2715=VERTEX_POINT('',#8990);
#2716=VERTEX_POINT('',#8992);
#2717=VERTEX_POINT('',#8994);
#2718=VERTEX_POINT('',#8996);
#2719=VERTEX_POINT('',#8998);
#2720=VERTEX_POINT('',#9000);
#2721=VERTEX_POINT('',#9002);
#2722=VERTEX_POINT('',#9006);
#2723=VERTEX_POINT('',#9008);
#2724=VERTEX_POINT('',#9012);
#2725=VERTEX_POINT('',#9016);
#2726=VERTEX_POINT('',#9020);
#2727=VERTEX_POINT('',#9024);
#2728=VERTEX_POINT('',#9028);
#2729=VERTEX_POINT('',#9032);
#2730=VERTEX_POINT('',#9036);
#2731=VERTEX_POINT('',#9040);
#2732=VERTEX_POINT('',#9044);
#2733=VERTEX_POINT('',#9048);
#2734=VERTEX_POINT('',#9052);
#2735=VERTEX_POINT('',#9059);
#2736=VERTEX_POINT('',#9060);
#2737=VERTEX_POINT('',#9062);
#2738=VERTEX_POINT('',#9064);
#2739=VERTEX_POINT('',#9066);
#2740=VERTEX_POINT('',#9068);
#2741=VERTEX_POINT('',#9070);
#2742=VERTEX_POINT('',#9072);
#2743=VERTEX_POINT('',#9074);
#2744=VERTEX_POINT('',#9076);
#2745=VERTEX_POINT('',#9078);
#2746=VERTEX_POINT('',#9080);
#2747=VERTEX_POINT('',#9082);
#2748=VERTEX_POINT('',#9086);
#2749=VERTEX_POINT('',#9088);
#2750=VERTEX_POINT('',#9092);
#2751=VERTEX_POINT('',#9096);
#2752=VERTEX_POINT('',#9100);
#2753=VERTEX_POINT('',#9104);
#2754=VERTEX_POINT('',#9108);
#2755=VERTEX_POINT('',#9112);
#2756=VERTEX_POINT('',#9116);
#2757=VERTEX_POINT('',#9120);
#2758=VERTEX_POINT('',#9124);
#2759=VERTEX_POINT('',#9128);
#2760=VERTEX_POINT('',#9132);
#2761=VERTEX_POINT('',#9139);
#2762=VERTEX_POINT('',#9140);
#2763=VERTEX_POINT('',#9142);
#2764=VERTEX_POINT('',#9144);
#2765=VERTEX_POINT('',#9146);
#2766=VERTEX_POINT('',#9148);
#2767=VERTEX_POINT('',#9150);
#2768=VERTEX_POINT('',#9152);
#2769=VERTEX_POINT('',#9154);
#2770=VERTEX_POINT('',#9156);
#2771=VERTEX_POINT('',#9158);
#2772=VERTEX_POINT('',#9160);
#2773=VERTEX_POINT('',#9162);
#2774=VERTEX_POINT('',#9166);
#2775=VERTEX_POINT('',#9168);
#2776=VERTEX_POINT('',#9172);
#2777=VERTEX_POINT('',#9176);
#2778=VERTEX_POINT('',#9180);
#2779=VERTEX_POINT('',#9184);
#2780=VERTEX_POINT('',#9188);
#2781=VERTEX_POINT('',#9192);
#2782=VERTEX_POINT('',#9196);
#2783=VERTEX_POINT('',#9200);
#2784=VERTEX_POINT('',#9204);
#2785=VERTEX_POINT('',#9208);
#2786=VERTEX_POINT('',#9212);
#2787=VERTEX_POINT('',#9219);
#2788=VERTEX_POINT('',#9220);
#2789=VERTEX_POINT('',#9222);
#2790=VERTEX_POINT('',#9224);
#2791=VERTEX_POINT('',#9226);
#2792=VERTEX_POINT('',#9228);
#2793=VERTEX_POINT('',#9230);
#2794=VERTEX_POINT('',#9232);
#2795=VERTEX_POINT('',#9234);
#2796=VERTEX_POINT('',#9236);
#2797=VERTEX_POINT('',#9238);
#2798=VERTEX_POINT('',#9240);
#2799=VERTEX_POINT('',#9242);
#2800=VERTEX_POINT('',#9246);
#2801=VERTEX_POINT('',#9248);
#2802=VERTEX_POINT('',#9252);
#2803=VERTEX_POINT('',#9256);
#2804=VERTEX_POINT('',#9260);
#2805=VERTEX_POINT('',#9264);
#2806=VERTEX_POINT('',#9268);
#2807=VERTEX_POINT('',#9272);
#2808=VERTEX_POINT('',#9276);
#2809=VERTEX_POINT('',#9280);
#2810=VERTEX_POINT('',#9284);
#2811=VERTEX_POINT('',#9288);
#2812=VERTEX_POINT('',#9292);
#2813=VERTEX_POINT('',#9299);
#2814=VERTEX_POINT('',#9300);
#2815=VERTEX_POINT('',#9302);
#2816=VERTEX_POINT('',#9304);
#2817=VERTEX_POINT('',#9306);
#2818=VERTEX_POINT('',#9308);
#2819=VERTEX_POINT('',#9310);
#2820=VERTEX_POINT('',#9312);
#2821=VERTEX_POINT('',#9314);
#2822=VERTEX_POINT('',#9316);
#2823=VERTEX_POINT('',#9318);
#2824=VERTEX_POINT('',#9320);
#2825=VERTEX_POINT('',#9322);
#2826=VERTEX_POINT('',#9326);
#2827=VERTEX_POINT('',#9328);
#2828=VERTEX_POINT('',#9332);
#2829=VERTEX_POINT('',#9336);
#2830=VERTEX_POINT('',#9340);
#2831=VERTEX_POINT('',#9344);
#2832=VERTEX_POINT('',#9348);
#2833=VERTEX_POINT('',#9352);
#2834=VERTEX_POINT('',#9356);
#2835=VERTEX_POINT('',#9360);
#2836=VERTEX_POINT('',#9364);
#2837=VERTEX_POINT('',#9368);
#2838=VERTEX_POINT('',#9372);
#2839=VERTEX_POINT('',#9379);
#2840=VERTEX_POINT('',#9380);
#2841=VERTEX_POINT('',#9382);
#2842=VERTEX_POINT('',#9384);
#2843=VERTEX_POINT('',#9386);
#2844=VERTEX_POINT('',#9388);
#2845=VERTEX_POINT('',#9390);
#2846=VERTEX_POINT('',#9392);
#2847=VERTEX_POINT('',#9394);
#2848=VERTEX_POINT('',#9396);
#2849=VERTEX_POINT('',#9398);
#2850=VERTEX_POINT('',#9400);
#2851=VERTEX_POINT('',#9402);
#2852=VERTEX_POINT('',#9406);
#2853=VERTEX_POINT('',#9408);
#2854=VERTEX_POINT('',#9412);
#2855=VERTEX_POINT('',#9416);
#2856=VERTEX_POINT('',#9420);
#2857=VERTEX_POINT('',#9424);
#2858=VERTEX_POINT('',#9428);
#2859=VERTEX_POINT('',#9432);
#2860=VERTEX_POINT('',#9436);
#2861=VERTEX_POINT('',#9440);
#2862=VERTEX_POINT('',#9444);
#2863=VERTEX_POINT('',#9448);
#2864=VERTEX_POINT('',#9452);
#2865=VERTEX_POINT('',#9459);
#2866=VERTEX_POINT('',#9460);
#2867=VERTEX_POINT('',#9462);
#2868=VERTEX_POINT('',#9464);
#2869=VERTEX_POINT('',#9468);
#2870=VERTEX_POINT('',#9470);
#2871=VERTEX_POINT('',#9474);
#2872=VERTEX_POINT('',#9476);
#2873=VERTEX_POINT('',#9480);
#2874=VERTEX_POINT('',#9482);
#2875=VERTEX_POINT('',#9486);
#2876=VERTEX_POINT('',#9488);
#2877=VERTEX_POINT('',#9497);
#2878=VERTEX_POINT('',#9498);
#2879=VERTEX_POINT('',#9500);
#2880=VERTEX_POINT('',#9502);
#2881=VERTEX_POINT('',#9506);
#2882=VERTEX_POINT('',#9508);
#2883=VERTEX_POINT('',#9512);
#2884=VERTEX_POINT('',#9514);
#2885=VERTEX_POINT('',#9518);
#2886=VERTEX_POINT('',#9520);
#2887=VERTEX_POINT('',#9524);
#2888=VERTEX_POINT('',#9526);
#2889=EDGE_CURVE('',#2333,#2334,#753,.T.);
#2890=EDGE_CURVE('',#2335,#2333,#754,.T.);
#2891=EDGE_CURVE('',#2336,#2335,#755,.T.);
#2892=EDGE_CURVE('',#2334,#2336,#756,.T.);
#2893=EDGE_CURVE('',#2337,#2333,#757,.T.);
#2894=EDGE_CURVE('',#2338,#2337,#758,.T.);
#2895=EDGE_CURVE('',#2338,#2335,#759,.T.);
#2896=EDGE_CURVE('',#2339,#2340,#760,.T.);
#2897=EDGE_CURVE('',#2340,#2341,#761,.T.);
#2898=EDGE_CURVE('',#2341,#2342,#762,.T.);
#2899=EDGE_CURVE('',#2342,#2343,#763,.T.);
#2900=EDGE_CURVE('',#2343,#2344,#764,.T.);
#2901=EDGE_CURVE('',#2344,#2345,#765,.T.);
#2902=EDGE_CURVE('',#2345,#2346,#766,.T.);
#2903=EDGE_CURVE('',#2346,#2347,#767,.T.);
#2904=EDGE_CURVE('',#2348,#2347,#768,.T.);
#2905=EDGE_CURVE('',#2349,#2348,#769,.T.);
#2906=EDGE_CURVE('',#2349,#2350,#770,.T.);
#2907=EDGE_CURVE('',#2350,#2351,#771,.T.);
#2908=EDGE_CURVE('',#2351,#2352,#772,.T.);
#2909=EDGE_CURVE('',#2352,#2334,#773,.T.);
#2910=EDGE_CURVE('',#2336,#2353,#774,.T.);
#2911=EDGE_CURVE('',#2353,#2339,#775,.T.);
#2912=EDGE_CURVE('',#2350,#2354,#776,.T.);
#2913=EDGE_CURVE('',#2354,#2355,#777,.T.);
#2914=EDGE_CURVE('',#2351,#2355,#778,.T.);
#2915=EDGE_CURVE('',#2338,#2356,#779,.T.);
#2916=EDGE_CURVE('',#2356,#2357,#780,.T.);
#2917=EDGE_CURVE('',#2353,#2357,#781,.T.);
#2918=EDGE_CURVE('',#2337,#2358,#782,.T.);
#2919=EDGE_CURVE('',#2358,#2356,#783,.T.);
#2920=EDGE_CURVE('',#2352,#2359,#784,.T.);
#2921=EDGE_CURVE('',#2359,#2358,#785,.T.);
#2922=EDGE_CURVE('',#2355,#2359,#786,.T.);
#2923=EDGE_CURVE('',#2357,#2354,#787,.T.);
#2924=EDGE_CURVE('',#2360,#2361,#788,.T.);
#2925=EDGE_CURVE('',#2360,#2362,#789,.T.);
#2926=EDGE_CURVE('',#2362,#2363,#790,.T.);
#2927=EDGE_CURVE('',#2363,#2361,#791,.T.);
#2928=EDGE_CURVE('',#2361,#2364,#792,.T.);
#2929=EDGE_CURVE('',#2365,#2363,#793,.T.);
#2930=EDGE_CURVE('',#2364,#2365,#794,.T.);
#2931=EDGE_CURVE('',#2360,#2366,#795,.T.);
#2932=EDGE_CURVE('',#2366,#2367,#796,.T.);
#2933=EDGE_CURVE('',#2367,#2368,#797,.T.);
#2934=EDGE_CURVE('',#2368,#2369,#798,.T.);
#2935=EDGE_CURVE('',#2369,#2370,#799,.T.);
#2936=EDGE_CURVE('',#2370,#2371,#800,.T.);
#2937=EDGE_CURVE('',#2371,#2372,#801,.T.);
#2938=EDGE_CURVE('',#2372,#2373,#802,.T.);
#2939=EDGE_CURVE('',#2373,#2374,#803,.T.);
#2940=EDGE_CURVE('',#2374,#2375,#804,.T.);
#2941=EDGE_CURVE('',#2375,#2376,#805,.T.);
#2942=EDGE_CURVE('',#2376,#2377,#806,.T.);
#2943=EDGE_CURVE('',#2377,#2378,#807,.T.);
#2944=EDGE_CURVE('',#2378,#2379,#808,.T.);
#2945=EDGE_CURVE('',#2379,#2380,#809,.T.);
#2946=EDGE_CURVE('',#2380,#2362,#810,.T.);
#2947=EDGE_CURVE('',#2364,#2381,#811,.T.);
#2948=EDGE_CURVE('',#2382,#2381,#812,.T.);
#2949=EDGE_CURVE('',#2366,#2382,#813,.T.);
#2950=EDGE_CURVE('',#2365,#2383,#814,.T.);
#2951=EDGE_CURVE('',#2381,#2383,#815,.T.);
#2952=EDGE_CURVE('',#2367,#2384,#816,.T.);
#2953=EDGE_CURVE('',#2385,#2384,#817,.T.);
#2954=EDGE_CURVE('',#2368,#2385,#818,.T.);
#2955=EDGE_CURVE('',#2380,#2386,#819,.T.);
#2956=EDGE_CURVE('',#2383,#2386,#820,.T.);
#2957=EDGE_CURVE('',#2384,#2382,#821,.T.);
#2958=EDGE_CURVE('',#2386,#2385,#822,.T.);
#2959=EDGE_CURVE('',#2387,#2388,#823,.T.);
#2960=EDGE_CURVE('',#2389,#2387,#824,.T.);
#2961=EDGE_CURVE('',#2390,#2389,#825,.T.);
#2962=EDGE_CURVE('',#2388,#2390,#826,.T.);
#2963=EDGE_CURVE('',#2391,#2392,#827,.T.);
#2964=EDGE_CURVE('',#2393,#2391,#828,.T.);
#2965=EDGE_CURVE('',#2394,#2393,#829,.T.);
#2966=EDGE_CURVE('',#2392,#2394,#830,.T.);
#2967=EDGE_CURVE('',#2388,#2395,#831,.T.);
#2968=EDGE_CURVE('',#2396,#2390,#832,.T.);
#2969=EDGE_CURVE('',#2396,#2395,#833,.T.);
#2970=EDGE_CURVE('',#2395,#2397,#834,.T.);
#2971=EDGE_CURVE('',#2398,#2396,#835,.T.);
#2972=EDGE_CURVE('',#2397,#2398,#836,.T.);
#2973=EDGE_CURVE('',#2399,#2400,#837,.T.);
#2974=EDGE_CURVE('',#2401,#2399,#838,.T.);
#2975=EDGE_CURVE('',#2402,#2401,#839,.T.);
#2976=EDGE_CURVE('',#2400,#2402,#840,.T.);
#2977=EDGE_CURVE('',#2397,#2387,#841,.T.);
#2978=EDGE_CURVE('',#2389,#2398,#842,.T.);
#2979=EDGE_CURVE('',#2400,#2391,#843,.T.);
#2980=EDGE_CURVE('',#2393,#2402,#844,.T.);
#2981=EDGE_CURVE('',#2399,#2403,#845,.T.);
#2982=EDGE_CURVE('',#2404,#2403,#846,.T.);
#2983=EDGE_CURVE('',#2370,#2404,#847,.T.);
#2984=EDGE_CURVE('',#2401,#2369,#848,.T.);
#2985=EDGE_CURVE('',#2405,#2394,#849,.T.);
#2986=EDGE_CURVE('',#2405,#2406,#850,.T.);
#2987=EDGE_CURVE('',#2406,#2392,#851,.T.);
#2988=EDGE_CURVE('',#2339,#2379,#852,.T.);
#2989=EDGE_CURVE('',#2349,#2407,#853,.T.);
#2990=EDGE_CURVE('',#2407,#2408,#854,.T.);
#2991=EDGE_CURVE('',#2408,#2409,#855,.T.);
#2992=EDGE_CURVE('',#2409,#2410,#856,.T.);
#2993=EDGE_CURVE('',#2410,#2411,#857,.T.);
#2994=EDGE_CURVE('',#2411,#2412,#858,.T.);
#2995=EDGE_CURVE('',#2412,#2413,#859,.T.);
#2996=EDGE_CURVE('',#2413,#2414,#860,.T.);
#2997=EDGE_CURVE('',#2414,#2415,#861,.T.);
#2998=EDGE_CURVE('',#2415,#2416,#862,.T.);
#2999=EDGE_CURVE('',#2416,#2417,#863,.T.);
#3000=EDGE_CURVE('',#2417,#2418,#864,.T.);
#3001=EDGE_CURVE('',#2418,#2419,#865,.T.);
#3002=EDGE_CURVE('',#2419,#2420,#866,.T.);
#3003=EDGE_CURVE('',#2420,#2421,#867,.T.);
#3004=EDGE_CURVE('',#2421,#2422,#868,.T.);
#3005=EDGE_CURVE('',#2422,#2423,#869,.T.);
#3006=EDGE_CURVE('',#2423,#2424,#870,.T.);
#3007=EDGE_CURVE('',#2424,#2425,#871,.T.);
#3008=EDGE_CURVE('',#2425,#2426,#872,.T.);
#3009=EDGE_CURVE('',#2426,#2427,#873,.T.);
#3010=EDGE_CURVE('',#2427,#2428,#874,.T.);
#3011=EDGE_CURVE('',#2428,#2429,#875,.T.);
#3012=EDGE_CURVE('',#2429,#2430,#876,.T.);
#3013=EDGE_CURVE('',#2430,#2431,#877,.T.);
#3014=EDGE_CURVE('',#2431,#2432,#878,.T.);
#3015=EDGE_CURVE('',#2432,#2433,#879,.T.);
#3016=EDGE_CURVE('',#2433,#2434,#880,.T.);
#3017=EDGE_CURVE('',#2434,#2435,#881,.T.);
#3018=EDGE_CURVE('',#2435,#2436,#882,.T.);
#3019=EDGE_CURVE('',#2436,#2437,#883,.T.);
#3020=EDGE_CURVE('',#2437,#2438,#884,.T.);
#3021=EDGE_CURVE('',#2438,#2439,#885,.T.);
#3022=EDGE_CURVE('',#2439,#2440,#886,.T.);
#3023=EDGE_CURVE('',#2440,#2441,#887,.T.);
#3024=EDGE_CURVE('',#2441,#2405,#888,.T.);
#3025=EDGE_CURVE('',#2442,#2443,#889,.T.);
#3026=EDGE_CURVE('',#2444,#2442,#890,.T.);
#3027=EDGE_CURVE('',#2445,#2444,#891,.T.);
#3028=EDGE_CURVE('',#2443,#2445,#892,.T.);
#3029=EDGE_CURVE('',#2446,#2447,#893,.T.);
#3030=EDGE_CURVE('',#2440,#2446,#894,.T.);
#3031=EDGE_CURVE('',#2447,#2439,#895,.T.);
#3032=EDGE_CURVE('',#2443,#2448,#896,.T.);
#3033=EDGE_CURVE('',#2449,#2445,#897,.T.);
#3034=EDGE_CURVE('',#2449,#2448,#898,.T.);
#3035=EDGE_CURVE('',#2448,#2450,#899,.T.);
#3036=EDGE_CURVE('',#2451,#2449,#900,.T.);
#3037=EDGE_CURVE('',#2450,#2451,#901,.T.);
#3038=EDGE_CURVE('',#2406,#2452,#902,.T.);
#3039=EDGE_CURVE('',#2452,#2441,#903,.T.);
#3040=EDGE_CURVE('',#2450,#2442,#904,.T.);
#3041=EDGE_CURVE('',#2444,#2451,#905,.T.);
#3042=EDGE_CURVE('',#2452,#2446,#906,.T.);
#3043=EDGE_CURVE('',#2453,#2454,#907,.T.);
#3044=EDGE_CURVE('',#2455,#2453,#908,.T.);
#3045=EDGE_CURVE('',#2456,#2455,#909,.T.);
#3046=EDGE_CURVE('',#2454,#2456,#910,.T.);
#3047=EDGE_CURVE('',#2457,#2458,#911,.T.);
#3048=EDGE_CURVE('',#2436,#2457,#912,.T.);
#3049=EDGE_CURVE('',#2458,#2435,#913,.T.);
#3050=EDGE_CURVE('',#2454,#2459,#914,.T.);
#3051=EDGE_CURVE('',#2460,#2456,#915,.T.);
#3052=EDGE_CURVE('',#2460,#2459,#916,.T.);
#3053=EDGE_CURVE('',#2459,#2461,#917,.T.);
#3054=EDGE_CURVE('',#2462,#2460,#918,.T.);
#3055=EDGE_CURVE('',#2461,#2462,#919,.T.);
#3056=EDGE_CURVE('',#2463,#2464,#920,.T.);
#3057=EDGE_CURVE('',#2438,#2463,#921,.T.);
#3058=EDGE_CURVE('',#2464,#2437,#922,.T.);
#3059=EDGE_CURVE('',#2461,#2453,#923,.T.);
#3060=EDGE_CURVE('',#2455,#2462,#924,.T.);
#3061=EDGE_CURVE('',#2464,#2457,#925,.T.);
#3062=EDGE_CURVE('',#2463,#2447,#926,.T.);
#3063=EDGE_CURVE('',#2434,#2465,#927,.T.);
#3064=EDGE_CURVE('',#2465,#2458,#928,.T.);
#3065=EDGE_CURVE('',#2466,#2467,#929,.T.);
#3066=EDGE_CURVE('',#2468,#2466,#930,.T.);
#3067=EDGE_CURVE('',#2469,#2468,#931,.T.);
#3068=EDGE_CURVE('',#2467,#2469,#932,.T.);
#3069=EDGE_CURVE('',#2470,#2471,#933,.T.);
#3070=EDGE_CURVE('',#2432,#2470,#934,.T.);
#3071=EDGE_CURVE('',#2471,#2431,#935,.T.);
#3072=EDGE_CURVE('',#2467,#2472,#936,.T.);
#3073=EDGE_CURVE('',#2473,#2469,#937,.T.);
#3074=EDGE_CURVE('',#2473,#2472,#938,.T.);
#3075=EDGE_CURVE('',#2472,#2474,#939,.T.);
#3076=EDGE_CURVE('',#2475,#2473,#940,.T.);
#3077=EDGE_CURVE('',#2474,#2475,#941,.T.);
#3078=EDGE_CURVE('',#2465,#2476,#942,.T.);
#3079=EDGE_CURVE('',#2476,#2433,#943,.T.);
#3080=EDGE_CURVE('',#2474,#2466,#944,.T.);
#3081=EDGE_CURVE('',#2468,#2475,#945,.T.);
#3082=EDGE_CURVE('',#2476,#2470,#946,.T.);
#3083=EDGE_CURVE('',#2477,#2478,#947,.T.);
#3084=EDGE_CURVE('',#2479,#2477,#948,.T.);
#3085=EDGE_CURVE('',#2480,#2479,#949,.T.);
#3086=EDGE_CURVE('',#2478,#2480,#950,.T.);
#3087=EDGE_CURVE('',#2481,#2482,#951,.T.);
#3088=EDGE_CURVE('',#2428,#2481,#952,.T.);
#3089=EDGE_CURVE('',#2482,#2427,#953,.T.);
#3090=EDGE_CURVE('',#2478,#2483,#954,.T.);
#3091=EDGE_CURVE('',#2484,#2480,#955,.T.);
#3092=EDGE_CURVE('',#2484,#2483,#956,.T.);
#3093=EDGE_CURVE('',#2483,#2485,#957,.T.);
#3094=EDGE_CURVE('',#2486,#2484,#958,.T.);
#3095=EDGE_CURVE('',#2485,#2486,#959,.T.);
#3096=EDGE_CURVE('',#2487,#2488,#960,.T.);
#3097=EDGE_CURVE('',#2430,#2487,#961,.T.);
#3098=EDGE_CURVE('',#2488,#2429,#962,.T.);
#3099=EDGE_CURVE('',#2485,#2477,#963,.T.);
#3100=EDGE_CURVE('',#2479,#2486,#964,.T.);
#3101=EDGE_CURVE('',#2488,#2481,#965,.T.);
#3102=EDGE_CURVE('',#2487,#2471,#966,.T.);
#3103=EDGE_CURVE('',#2426,#2489,#967,.T.);
#3104=EDGE_CURVE('',#2489,#2482,#968,.T.);
#3105=EDGE_CURVE('',#2490,#2491,#969,.T.);
#3106=EDGE_CURVE('',#2492,#2490,#970,.T.);
#3107=EDGE_CURVE('',#2493,#2492,#971,.T.);
#3108=EDGE_CURVE('',#2491,#2493,#972,.T.);
#3109=EDGE_CURVE('',#2494,#2495,#973,.T.);
#3110=EDGE_CURVE('',#2424,#2494,#974,.T.);
#3111=EDGE_CURVE('',#2495,#2423,#975,.T.);
#3112=EDGE_CURVE('',#2491,#2496,#976,.T.);
#3113=EDGE_CURVE('',#2497,#2493,#977,.T.);
#3114=EDGE_CURVE('',#2497,#2496,#978,.T.);
#3115=EDGE_CURVE('',#2496,#2498,#979,.T.);
#3116=EDGE_CURVE('',#2499,#2497,#980,.T.);
#3117=EDGE_CURVE('',#2498,#2499,#981,.T.);
#3118=EDGE_CURVE('',#2489,#2500,#982,.T.);
#3119=EDGE_CURVE('',#2500,#2425,#983,.T.);
#3120=EDGE_CURVE('',#2498,#2490,#984,.T.);
#3121=EDGE_CURVE('',#2492,#2499,#985,.T.);
#3122=EDGE_CURVE('',#2500,#2494,#986,.T.);
#3123=EDGE_CURVE('',#2501,#2502,#987,.T.);
#3124=EDGE_CURVE('',#2503,#2501,#988,.T.);
#3125=EDGE_CURVE('',#2504,#2503,#989,.T.);
#3126=EDGE_CURVE('',#2502,#2504,#990,.T.);
#3127=EDGE_CURVE('',#2505,#2506,#991,.T.);
#3128=EDGE_CURVE('',#2420,#2505,#992,.T.);
#3129=EDGE_CURVE('',#2506,#2419,#993,.T.);
#3130=EDGE_CURVE('',#2502,#2507,#994,.T.);
#3131=EDGE_CURVE('',#2508,#2504,#995,.T.);
#3132=EDGE_CURVE('',#2508,#2507,#996,.T.);
#3133=EDGE_CURVE('',#2507,#2509,#997,.T.);
#3134=EDGE_CURVE('',#2510,#2508,#998,.T.);
#3135=EDGE_CURVE('',#2509,#2510,#999,.T.);
#3136=EDGE_CURVE('',#2511,#2512,#1000,.T.);
#3137=EDGE_CURVE('',#2422,#2511,#1001,.T.);
#3138=EDGE_CURVE('',#2512,#2421,#1002,.T.);
#3139=EDGE_CURVE('',#2509,#2501,#1003,.T.);
#3140=EDGE_CURVE('',#2503,#2510,#1004,.T.);
#3141=EDGE_CURVE('',#2512,#2505,#1005,.T.);
#3142=EDGE_CURVE('',#2511,#2495,#1006,.T.);
#3143=EDGE_CURVE('',#2418,#2513,#1007,.T.);
#3144=EDGE_CURVE('',#2513,#2506,#1008,.T.);
#3145=EDGE_CURVE('',#2514,#2515,#1009,.T.);
#3146=EDGE_CURVE('',#2516,#2514,#1010,.T.);
#3147=EDGE_CURVE('',#2517,#2516,#1011,.T.);
#3148=EDGE_CURVE('',#2515,#2517,#1012,.T.);
#3149=EDGE_CURVE('',#2518,#2519,#1013,.T.);
#3150=EDGE_CURVE('',#2416,#2518,#1014,.T.);
#3151=EDGE_CURVE('',#2519,#2415,#1015,.T.);
#3152=EDGE_CURVE('',#2515,#2520,#1016,.T.);
#3153=EDGE_CURVE('',#2521,#2517,#1017,.T.);
#3154=EDGE_CURVE('',#2521,#2520,#1018,.T.);
#3155=EDGE_CURVE('',#2520,#2522,#1019,.T.);
#3156=EDGE_CURVE('',#2523,#2521,#1020,.T.);
#3157=EDGE_CURVE('',#2522,#2523,#1021,.T.);
#3158=EDGE_CURVE('',#2513,#2524,#1022,.T.);
#3159=EDGE_CURVE('',#2524,#2417,#1023,.T.);
#3160=EDGE_CURVE('',#2522,#2514,#1024,.T.);
#3161=EDGE_CURVE('',#2516,#2523,#1025,.T.);
#3162=EDGE_CURVE('',#2524,#2518,#1026,.T.);
#3163=EDGE_CURVE('',#2525,#2526,#1027,.T.);
#3164=EDGE_CURVE('',#2527,#2525,#1028,.T.);
#3165=EDGE_CURVE('',#2528,#2527,#1029,.T.);
#3166=EDGE_CURVE('',#2526,#2528,#1030,.T.);
#3167=EDGE_CURVE('',#2529,#2530,#1031,.T.);
#3168=EDGE_CURVE('',#2412,#2529,#1032,.T.);
#3169=EDGE_CURVE('',#2530,#2411,#1033,.T.);
#3170=EDGE_CURVE('',#2526,#2531,#1034,.T.);
#3171=EDGE_CURVE('',#2532,#2528,#1035,.T.);
#3172=EDGE_CURVE('',#2532,#2531,#1036,.T.);
#3173=EDGE_CURVE('',#2531,#2533,#1037,.T.);
#3174=EDGE_CURVE('',#2534,#2532,#1038,.T.);
#3175=EDGE_CURVE('',#2533,#2534,#1039,.T.);
#3176=EDGE_CURVE('',#2535,#2536,#1040,.T.);
#3177=EDGE_CURVE('',#2414,#2535,#1041,.T.);
#3178=EDGE_CURVE('',#2536,#2413,#1042,.T.);
#3179=EDGE_CURVE('',#2533,#2525,#1043,.T.);
#3180=EDGE_CURVE('',#2527,#2534,#1044,.T.);
#3181=EDGE_CURVE('',#2536,#2529,#1045,.T.);
#3182=EDGE_CURVE('',#2535,#2519,#1046,.T.);
#3183=EDGE_CURVE('',#2410,#2537,#1047,.T.);
#3184=EDGE_CURVE('',#2537,#2530,#1048,.T.);
#3185=EDGE_CURVE('',#2538,#2539,#1049,.T.);
#3186=EDGE_CURVE('',#2538,#2540,#1050,.T.);
#3187=EDGE_CURVE('',#2541,#2540,#1051,.T.);
#3188=EDGE_CURVE('',#2541,#2539,#1052,.T.);
#3189=EDGE_CURVE('',#2542,#2543,#1053,.T.);
#3190=EDGE_CURVE('',#2408,#2542,#1054,.T.);
#3191=EDGE_CURVE('',#2543,#2407,#1055,.T.);
#3192=EDGE_CURVE('',#2544,#2538,#1056,.T.);
#3193=EDGE_CURVE('',#2545,#2544,#1057,.T.);
#3194=EDGE_CURVE('',#2540,#2545,#1058,.T.);
#3195=EDGE_CURVE('',#2537,#2546,#1059,.T.);
#3196=EDGE_CURVE('',#2546,#2409,#1060,.T.);
#3197=EDGE_CURVE('',#2539,#2547,#1061,.T.);
#3198=EDGE_CURVE('',#2548,#2541,#1062,.T.);
#3199=EDGE_CURVE('',#2547,#2548,#1063,.T.);
#3200=EDGE_CURVE('',#2547,#2544,#1064,.T.);
#3201=EDGE_CURVE('',#2545,#2548,#1065,.T.);
#3202=EDGE_CURVE('',#2546,#2542,#1066,.T.);
#3203=EDGE_CURVE('',#2549,#2550,#1067,.T.);
#3204=EDGE_CURVE('',#2549,#2551,#1068,.T.);
#3205=EDGE_CURVE('',#2552,#2551,#1069,.T.);
#3206=EDGE_CURVE('',#2550,#2552,#1070,.T.);
#3207=EDGE_CURVE('',#2553,#2552,#1071,.T.);
#3208=EDGE_CURVE('',#2554,#2553,#1072,.T.);
#3209=EDGE_CURVE('',#2550,#2554,#1073,.T.);
#3210=EDGE_CURVE('',#2555,#2549,#1074,.T.);
#3211=EDGE_CURVE('',#2555,#2556,#1075,.T.);
#3212=EDGE_CURVE('',#2551,#2556,#1076,.T.);
#3213=EDGE_CURVE('',#2557,#2555,#1077,.T.);
#3214=EDGE_CURVE('',#2557,#2558,#1078,.T.);
#3215=EDGE_CURVE('',#2556,#2558,#1079,.T.);
#3216=EDGE_CURVE('',#2559,#2557,#1080,.T.);
#3217=EDGE_CURVE('',#2560,#2559,#1081,.T.);
#3218=EDGE_CURVE('',#2558,#2560,#1082,.T.);
#3219=EDGE_CURVE('',#2561,#2562,#1083,.T.);
#3220=EDGE_CURVE('',#2561,#2563,#1084,.T.);
#3221=EDGE_CURVE('',#2564,#2563,#1085,.T.);
#3222=EDGE_CURVE('',#2562,#2564,#1086,.T.);
#3223=EDGE_CURVE('',#2565,#2561,#1087,.T.);
#3224=EDGE_CURVE('',#2565,#2566,#1088,.T.);
#3225=EDGE_CURVE('',#2563,#2566,#1089,.T.);
#3226=EDGE_CURVE('',#2567,#2565,#1090,.T.);
#3227=EDGE_CURVE('',#2567,#2568,#1091,.T.);
#3228=EDGE_CURVE('',#2566,#2568,#1092,.T.);
#3229=EDGE_CURVE('',#2569,#2567,#1093,.T.);
#3230=EDGE_CURVE('',#2570,#2569,#1094,.T.);
#3231=EDGE_CURVE('',#2568,#2570,#1095,.T.);
#3232=EDGE_CURVE('',#2571,#2564,#1096,.T.);
#3233=EDGE_CURVE('',#2572,#2571,#1097,.T.);
#3234=EDGE_CURVE('',#2562,#2572,#1098,.T.);
#3235=EDGE_CURVE('',#2560,#2571,#1099,.T.);
#3236=EDGE_CURVE('',#2570,#2373,#1100,.T.);
#3237=EDGE_CURVE('',#2346,#2372,#1101,.T.);
#3238=EDGE_CURVE('',#2345,#2553,#1102,.T.);
#3239=EDGE_CURVE('',#2569,#2374,#1103,.T.);
#3240=EDGE_CURVE('',#2559,#2572,#1104,.T.);
#3241=EDGE_CURVE('',#2573,#2574,#1105,.T.);
#3242=EDGE_CURVE('',#2573,#2377,#1106,.T.);
#3243=EDGE_CURVE('',#2574,#2376,#1107,.T.);
#3244=EDGE_CURVE('',#2575,#2573,#1108,.T.);
#3245=EDGE_CURVE('',#2378,#2575,#1109,.T.);
#3246=EDGE_CURVE('',#2576,#2577,#1110,.T.);
#3247=EDGE_CURVE('',#2341,#2576,#1111,.T.);
#3248=EDGE_CURVE('',#2577,#2340,#1112,.T.);
#3249=EDGE_CURVE('',#2574,#2578,#1113,.T.);
#3250=EDGE_CURVE('',#2578,#2375,#1114,.T.);
#3251=EDGE_CURVE('',#2579,#2580,#1115,.T.);
#3252=EDGE_CURVE('',#2343,#2579,#1116,.T.);
#3253=EDGE_CURVE('',#2342,#2580,#1117,.T.);
#3254=EDGE_CURVE('',#2580,#2576,#1118,.T.);
#3255=EDGE_CURVE('',#2344,#2554,#1119,.T.);
#3256=EDGE_CURVE('',#2581,#2578,#1120,.T.);
#3257=EDGE_CURVE('',#2582,#2581,#1121,.T.);
#3258=EDGE_CURVE('',#2583,#2582,#1122,.T.);
#3259=EDGE_CURVE('',#2575,#2583,#1123,.T.);
#3260=EDGE_CURVE('',#2584,#2577,#1124,.T.);
#3261=EDGE_CURVE('',#2585,#2584,#1125,.T.);
#3262=EDGE_CURVE('',#2586,#2585,#1126,.T.);
#3263=EDGE_CURVE('',#2579,#2586,#1127,.T.);
#3264=EDGE_CURVE('',#2586,#2581,#1128,.T.);
#3265=EDGE_CURVE('',#2585,#2582,#1129,.T.);
#3266=EDGE_CURVE('',#2583,#2584,#1130,.T.);
#3267=EDGE_CURVE('',#2347,#2587,#1131,.T.);
#3268=EDGE_CURVE('',#2588,#2587,#1132,.T.);
#3269=EDGE_CURVE('',#2348,#2588,#1133,.T.);
#3270=EDGE_CURVE('',#2589,#2590,#1134,.T.);
#3271=EDGE_CURVE('',#2589,#2588,#1135,.T.);
#3272=EDGE_CURVE('',#2587,#2591,#1136,.T.);
#3273=EDGE_CURVE('',#2592,#2591,#1137,.T.);
#3274=EDGE_CURVE('',#2593,#2592,#1138,.T.);
#3275=EDGE_CURVE('',#2594,#2593,#1139,.T.);
#3276=EDGE_CURVE('',#2595,#2594,#1140,.T.);
#3277=EDGE_CURVE('',#2596,#2595,#1141,.T.);
#3278=EDGE_CURVE('',#2590,#2596,#1142,.T.);
#3279=EDGE_CURVE('',#2595,#2597,#1143,.T.);
#3280=EDGE_CURVE('',#2597,#2598,#1144,.T.);
#3281=EDGE_CURVE('',#2596,#2598,#1145,.T.);
#3282=EDGE_CURVE('',#2594,#2599,#1146,.T.);
#3283=EDGE_CURVE('',#2599,#2597,#1147,.T.);
#3284=EDGE_CURVE('',#2593,#2600,#1148,.T.);
#3285=EDGE_CURVE('',#2600,#2599,#1149,.T.);
#3286=EDGE_CURVE('',#2592,#2601,#1150,.T.);
#3287=EDGE_CURVE('',#2601,#2600,#1151,.T.);
#3288=EDGE_CURVE('',#2602,#2591,#1152,.T.);
#3289=EDGE_CURVE('',#2602,#2601,#1153,.T.);
#3290=EDGE_CURVE('',#2371,#2603,#1154,.T.);
#3291=EDGE_CURVE('',#2602,#2603,#1155,.T.);
#3292=EDGE_CURVE('',#2604,#2403,#1156,.T.);
#3293=EDGE_CURVE('',#2598,#2604,#1157,.T.);
#3294=EDGE_CURVE('',#2603,#2404,#1158,.T.);
#3295=EDGE_CURVE('',#2589,#2543,#1159,.T.);
#3296=EDGE_CURVE('',#2590,#2604,#1160,.T.);
#3297=EDGE_CURVE('',#2605,#2606,#1161,.T.);
#3298=EDGE_CURVE('',#2606,#2607,#1162,.T.);
#3299=EDGE_CURVE('',#2607,#2608,#1163,.T.);
#3300=EDGE_CURVE('',#2608,#2609,#1164,.T.);
#3301=EDGE_CURVE('',#2609,#2610,#1165,.T.);
#3302=EDGE_CURVE('',#2610,#2611,#1166,.T.);
#3303=EDGE_CURVE('',#2611,#2612,#1167,.T.);
#3304=EDGE_CURVE('',#2612,#2613,#1168,.T.);
#3305=EDGE_CURVE('',#2613,#2614,#1169,.T.);
#3306=EDGE_CURVE('',#2614,#2615,#1170,.T.);
#3307=EDGE_CURVE('',#2615,#2616,#35,.T.);
#3308=EDGE_CURVE('',#2616,#2617,#1171,.T.);
#3309=EDGE_CURVE('',#2617,#2605,#36,.T.);
#3310=EDGE_CURVE('',#2606,#2618,#1172,.T.);
#3311=EDGE_CURVE('',#2619,#2618,#1173,.T.);
#3312=EDGE_CURVE('',#2607,#2619,#1174,.T.);
#3313=EDGE_CURVE('',#2620,#2619,#1175,.T.);
#3314=EDGE_CURVE('',#2608,#2620,#1176,.T.);
#3315=EDGE_CURVE('',#2621,#2620,#1177,.T.);
#3316=EDGE_CURVE('',#2609,#2621,#1178,.T.);
#3317=EDGE_CURVE('',#2622,#2621,#1179,.T.);
#3318=EDGE_CURVE('',#2610,#2622,#1180,.T.);
#3319=EDGE_CURVE('',#2623,#2622,#1181,.T.);
#3320=EDGE_CURVE('',#2611,#2623,#1182,.T.);
#3321=EDGE_CURVE('',#2624,#2623,#1183,.T.);
#3322=EDGE_CURVE('',#2612,#2624,#1184,.T.);
#3323=EDGE_CURVE('',#2625,#2624,#1185,.T.);
#3324=EDGE_CURVE('',#2613,#2625,#1186,.T.);
#3325=EDGE_CURVE('',#2626,#2625,#1187,.T.);
#3326=EDGE_CURVE('',#2614,#2626,#1188,.T.);
#3327=EDGE_CURVE('',#2627,#2626,#1189,.T.);
#3328=EDGE_CURVE('',#2627,#2615,#1190,.T.);
#3329=EDGE_CURVE('',#2628,#2627,#37,.T.);
#3330=EDGE_CURVE('',#2616,#2628,#1191,.T.);
#3331=EDGE_CURVE('',#2629,#2628,#1192,.T.);
#3332=EDGE_CURVE('',#2617,#2629,#1193,.T.);
#3333=EDGE_CURVE('',#2630,#2629,#38,.T.);
#3334=EDGE_CURVE('',#2605,#2630,#1194,.T.);
#3335=EDGE_CURVE('',#2618,#2630,#1195,.T.);
#3336=EDGE_CURVE('',#2631,#2632,#1196,.T.);
#3337=EDGE_CURVE('',#2632,#2633,#1197,.T.);
#3338=EDGE_CURVE('',#2633,#2634,#1198,.T.);
#3339=EDGE_CURVE('',#2634,#2635,#1199,.T.);
#3340=EDGE_CURVE('',#2635,#2636,#1200,.T.);
#3341=EDGE_CURVE('',#2636,#2637,#1201,.T.);
#3342=EDGE_CURVE('',#2637,#2638,#1202,.T.);
#3343=EDGE_CURVE('',#2638,#2639,#1203,.T.);
#3344=EDGE_CURVE('',#2639,#2640,#1204,.T.);
#3345=EDGE_CURVE('',#2640,#2641,#1205,.T.);
#3346=EDGE_CURVE('',#2641,#2642,#39,.T.);
#3347=EDGE_CURVE('',#2642,#2643,#1206,.T.);
#3348=EDGE_CURVE('',#2643,#2631,#40,.T.);
#3349=EDGE_CURVE('',#2632,#2644,#1207,.T.);
#3350=EDGE_CURVE('',#2645,#2644,#1208,.T.);
#3351=EDGE_CURVE('',#2633,#2645,#1209,.T.);
#3352=EDGE_CURVE('',#2646,#2645,#1210,.T.);
#3353=EDGE_CURVE('',#2634,#2646,#1211,.T.);
#3354=EDGE_CURVE('',#2647,#2646,#1212,.T.);
#3355=EDGE_CURVE('',#2635,#2647,#1213,.T.);
#3356=EDGE_CURVE('',#2648,#2647,#1214,.T.);
#3357=EDGE_CURVE('',#2636,#2648,#1215,.T.);
#3358=EDGE_CURVE('',#2649,#2648,#1216,.T.);
#3359=EDGE_CURVE('',#2637,#2649,#1217,.T.);
#3360=EDGE_CURVE('',#2650,#2649,#1218,.T.);
#3361=EDGE_CURVE('',#2638,#2650,#1219,.T.);
#3362=EDGE_CURVE('',#2651,#2650,#1220,.T.);
#3363=EDGE_CURVE('',#2639,#2651,#1221,.T.);
#3364=EDGE_CURVE('',#2652,#2651,#1222,.T.);
#3365=EDGE_CURVE('',#2640,#2652,#1223,.T.);
#3366=EDGE_CURVE('',#2653,#2652,#1224,.T.);
#3367=EDGE_CURVE('',#2653,#2641,#1225,.T.);
#3368=EDGE_CURVE('',#2654,#2653,#41,.T.);
#3369=EDGE_CURVE('',#2642,#2654,#1226,.T.);
#3370=EDGE_CURVE('',#2655,#2654,#1227,.T.);
#3371=EDGE_CURVE('',#2643,#2655,#1228,.T.);
#3372=EDGE_CURVE('',#2656,#2655,#42,.T.);
#3373=EDGE_CURVE('',#2631,#2656,#1229,.T.);
#3374=EDGE_CURVE('',#2644,#2656,#1230,.T.);
#3375=EDGE_CURVE('',#2657,#2658,#1231,.T.);
#3376=EDGE_CURVE('',#2658,#2659,#1232,.T.);
#3377=EDGE_CURVE('',#2659,#2660,#1233,.T.);
#3378=EDGE_CURVE('',#2660,#2661,#1234,.T.);
#3379=EDGE_CURVE('',#2661,#2662,#1235,.T.);
#3380=EDGE_CURVE('',#2662,#2663,#1236,.T.);
#3381=EDGE_CURVE('',#2663,#2664,#1237,.T.);
#3382=EDGE_CURVE('',#2664,#2665,#1238,.T.);
#3383=EDGE_CURVE('',#2665,#2666,#1239,.T.);
#3384=EDGE_CURVE('',#2666,#2667,#1240,.T.);
#3385=EDGE_CURVE('',#2667,#2668,#43,.T.);
#3386=EDGE_CURVE('',#2668,#2669,#1241,.T.);
#3387=EDGE_CURVE('',#2669,#2657,#44,.T.);
#3388=EDGE_CURVE('',#2658,#2670,#1242,.T.);
#3389=EDGE_CURVE('',#2671,#2670,#1243,.T.);
#3390=EDGE_CURVE('',#2659,#2671,#1244,.T.);
#3391=EDGE_CURVE('',#2672,#2671,#1245,.T.);
#3392=EDGE_CURVE('',#2660,#2672,#1246,.T.);
#3393=EDGE_CURVE('',#2673,#2672,#1247,.T.);
#3394=EDGE_CURVE('',#2661,#2673,#1248,.T.);
#3395=EDGE_CURVE('',#2674,#2673,#1249,.T.);
#3396=EDGE_CURVE('',#2662,#2674,#1250,.T.);
#3397=EDGE_CURVE('',#2675,#2674,#1251,.T.);
#3398=EDGE_CURVE('',#2663,#2675,#1252,.T.);
#3399=EDGE_CURVE('',#2676,#2675,#1253,.T.);
#3400=EDGE_CURVE('',#2664,#2676,#1254,.T.);
#3401=EDGE_CURVE('',#2677,#2676,#1255,.T.);
#3402=EDGE_CURVE('',#2665,#2677,#1256,.T.);
#3403=EDGE_CURVE('',#2678,#2677,#1257,.T.);
#3404=EDGE_CURVE('',#2666,#2678,#1258,.T.);
#3405=EDGE_CURVE('',#2679,#2678,#1259,.T.);
#3406=EDGE_CURVE('',#2679,#2667,#1260,.T.);
#3407=EDGE_CURVE('',#2680,#2679,#45,.T.);
#3408=EDGE_CURVE('',#2668,#2680,#1261,.T.);
#3409=EDGE_CURVE('',#2681,#2680,#1262,.T.);
#3410=EDGE_CURVE('',#2669,#2681,#1263,.T.);
#3411=EDGE_CURVE('',#2682,#2681,#46,.T.);
#3412=EDGE_CURVE('',#2657,#2682,#1264,.T.);
#3413=EDGE_CURVE('',#2670,#2682,#1265,.T.);
#3414=EDGE_CURVE('',#2683,#2684,#1266,.T.);
#3415=EDGE_CURVE('',#2684,#2685,#1267,.T.);
#3416=EDGE_CURVE('',#2685,#2686,#1268,.T.);
#3417=EDGE_CURVE('',#2686,#2687,#1269,.T.);
#3418=EDGE_CURVE('',#2687,#2688,#1270,.T.);
#3419=EDGE_CURVE('',#2688,#2689,#1271,.T.);
#3420=EDGE_CURVE('',#2689,#2690,#1272,.T.);
#3421=EDGE_CURVE('',#2690,#2691,#1273,.T.);
#3422=EDGE_CURVE('',#2691,#2692,#1274,.T.);
#3423=EDGE_CURVE('',#2692,#2693,#1275,.T.);
#3424=EDGE_CURVE('',#2693,#2694,#47,.T.);
#3425=EDGE_CURVE('',#2694,#2695,#1276,.T.);
#3426=EDGE_CURVE('',#2695,#2683,#48,.T.);
#3427=EDGE_CURVE('',#2684,#2696,#1277,.T.);
#3428=EDGE_CURVE('',#2697,#2696,#1278,.T.);
#3429=EDGE_CURVE('',#2685,#2697,#1279,.T.);
#3430=EDGE_CURVE('',#2698,#2697,#1280,.T.);
#3431=EDGE_CURVE('',#2686,#2698,#1281,.T.);
#3432=EDGE_CURVE('',#2699,#2698,#1282,.T.);
#3433=EDGE_CURVE('',#2687,#2699,#1283,.T.);
#3434=EDGE_CURVE('',#2700,#2699,#1284,.T.);
#3435=EDGE_CURVE('',#2688,#2700,#1285,.T.);
#3436=EDGE_CURVE('',#2701,#2700,#1286,.T.);
#3437=EDGE_CURVE('',#2689,#2701,#1287,.T.);
#3438=EDGE_CURVE('',#2702,#2701,#1288,.T.);
#3439=EDGE_CURVE('',#2690,#2702,#1289,.T.);
#3440=EDGE_CURVE('',#2703,#2702,#1290,.T.);
#3441=EDGE_CURVE('',#2691,#2703,#1291,.T.);
#3442=EDGE_CURVE('',#2704,#2703,#1292,.T.);
#3443=EDGE_CURVE('',#2692,#2704,#1293,.T.);
#3444=EDGE_CURVE('',#2705,#2704,#1294,.T.);
#3445=EDGE_CURVE('',#2705,#2693,#1295,.T.);
#3446=EDGE_CURVE('',#2706,#2705,#49,.T.);
#3447=EDGE_CURVE('',#2694,#2706,#1296,.T.);
#3448=EDGE_CURVE('',#2707,#2706,#1297,.T.);
#3449=EDGE_CURVE('',#2695,#2707,#1298,.T.);
#3450=EDGE_CURVE('',#2708,#2707,#50,.T.);
#3451=EDGE_CURVE('',#2683,#2708,#1299,.T.);
#3452=EDGE_CURVE('',#2696,#2708,#1300,.T.);
#3453=EDGE_CURVE('',#2709,#2710,#1301,.T.);
#3454=EDGE_CURVE('',#2710,#2711,#1302,.T.);
#3455=EDGE_CURVE('',#2711,#2712,#1303,.T.);
#3456=EDGE_CURVE('',#2712,#2713,#1304,.T.);
#3457=EDGE_CURVE('',#2713,#2714,#1305,.T.);
#3458=EDGE_CURVE('',#2714,#2715,#1306,.T.);
#3459=EDGE_CURVE('',#2715,#2716,#1307,.T.);
#3460=EDGE_CURVE('',#2716,#2717,#1308,.T.);
#3461=EDGE_CURVE('',#2717,#2718,#1309,.T.);
#3462=EDGE_CURVE('',#2718,#2719,#1310,.T.);
#3463=EDGE_CURVE('',#2719,#2720,#51,.T.);
#3464=EDGE_CURVE('',#2720,#2721,#1311,.T.);
#3465=EDGE_CURVE('',#2721,#2709,#52,.T.);
#3466=EDGE_CURVE('',#2710,#2722,#1312,.T.);
#3467=EDGE_CURVE('',#2723,#2722,#1313,.T.);
#3468=EDGE_CURVE('',#2711,#2723,#1314,.T.);
#3469=EDGE_CURVE('',#2724,#2723,#1315,.T.);
#3470=EDGE_CURVE('',#2712,#2724,#1316,.T.);
#3471=EDGE_CURVE('',#2725,#2724,#1317,.T.);
#3472=EDGE_CURVE('',#2713,#2725,#1318,.T.);
#3473=EDGE_CURVE('',#2726,#2725,#1319,.T.);
#3474=EDGE_CURVE('',#2714,#2726,#1320,.T.);
#3475=EDGE_CURVE('',#2727,#2726,#1321,.T.);
#3476=EDGE_CURVE('',#2715,#2727,#1322,.T.);
#3477=EDGE_CURVE('',#2728,#2727,#1323,.T.);
#3478=EDGE_CURVE('',#2716,#2728,#1324,.T.);
#3479=EDGE_CURVE('',#2729,#2728,#1325,.T.);
#3480=EDGE_CURVE('',#2717,#2729,#1326,.T.);
#3481=EDGE_CURVE('',#2730,#2729,#1327,.T.);
#3482=EDGE_CURVE('',#2718,#2730,#1328,.T.);
#3483=EDGE_CURVE('',#2731,#2730,#1329,.T.);
#3484=EDGE_CURVE('',#2731,#2719,#1330,.T.);
#3485=EDGE_CURVE('',#2732,#2731,#53,.T.);
#3486=EDGE_CURVE('',#2720,#2732,#1331,.T.);
#3487=EDGE_CURVE('',#2733,#2732,#1332,.T.);
#3488=EDGE_CURVE('',#2721,#2733,#1333,.T.);
#3489=EDGE_CURVE('',#2734,#2733,#54,.T.);
#3490=EDGE_CURVE('',#2709,#2734,#1334,.T.);
#3491=EDGE_CURVE('',#2722,#2734,#1335,.T.);
#3492=EDGE_CURVE('',#2735,#2736,#1336,.T.);
#3493=EDGE_CURVE('',#2736,#2737,#1337,.T.);
#3494=EDGE_CURVE('',#2737,#2738,#1338,.T.);
#3495=EDGE_CURVE('',#2738,#2739,#1339,.T.);
#3496=EDGE_CURVE('',#2739,#2740,#1340,.T.);
#3497=EDGE_CURVE('',#2740,#2741,#1341,.T.);
#3498=EDGE_CURVE('',#2741,#2742,#1342,.T.);
#3499=EDGE_CURVE('',#2742,#2743,#1343,.T.);
#3500=EDGE_CURVE('',#2743,#2744,#1344,.T.);
#3501=EDGE_CURVE('',#2744,#2745,#1345,.T.);
#3502=EDGE_CURVE('',#2745,#2746,#55,.T.);
#3503=EDGE_CURVE('',#2746,#2747,#1346,.T.);
#3504=EDGE_CURVE('',#2747,#2735,#56,.T.);
#3505=EDGE_CURVE('',#2736,#2748,#1347,.T.);
#3506=EDGE_CURVE('',#2749,#2748,#1348,.T.);
#3507=EDGE_CURVE('',#2737,#2749,#1349,.T.);
#3508=EDGE_CURVE('',#2750,#2749,#1350,.T.);
#3509=EDGE_CURVE('',#2738,#2750,#1351,.T.);
#3510=EDGE_CURVE('',#2751,#2750,#1352,.T.);
#3511=EDGE_CURVE('',#2739,#2751,#1353,.T.);
#3512=EDGE_CURVE('',#2752,#2751,#1354,.T.);
#3513=EDGE_CURVE('',#2740,#2752,#1355,.T.);
#3514=EDGE_CURVE('',#2753,#2752,#1356,.T.);
#3515=EDGE_CURVE('',#2741,#2753,#1357,.T.);
#3516=EDGE_CURVE('',#2754,#2753,#1358,.T.);
#3517=EDGE_CURVE('',#2742,#2754,#1359,.T.);
#3518=EDGE_CURVE('',#2755,#2754,#1360,.T.);
#3519=EDGE_CURVE('',#2743,#2755,#1361,.T.);
#3520=EDGE_CURVE('',#2756,#2755,#1362,.T.);
#3521=EDGE_CURVE('',#2744,#2756,#1363,.T.);
#3522=EDGE_CURVE('',#2757,#2756,#1364,.T.);
#3523=EDGE_CURVE('',#2757,#2745,#1365,.T.);
#3524=EDGE_CURVE('',#2758,#2757,#57,.T.);
#3525=EDGE_CURVE('',#2746,#2758,#1366,.T.);
#3526=EDGE_CURVE('',#2759,#2758,#1367,.T.);
#3527=EDGE_CURVE('',#2747,#2759,#1368,.T.);
#3528=EDGE_CURVE('',#2760,#2759,#58,.T.);
#3529=EDGE_CURVE('',#2735,#2760,#1369,.T.);
#3530=EDGE_CURVE('',#2748,#2760,#1370,.T.);
#3531=EDGE_CURVE('',#2761,#2762,#1371,.T.);
#3532=EDGE_CURVE('',#2762,#2763,#1372,.T.);
#3533=EDGE_CURVE('',#2763,#2764,#1373,.T.);
#3534=EDGE_CURVE('',#2764,#2765,#1374,.T.);
#3535=EDGE_CURVE('',#2765,#2766,#1375,.T.);
#3536=EDGE_CURVE('',#2766,#2767,#1376,.T.);
#3537=EDGE_CURVE('',#2767,#2768,#1377,.T.);
#3538=EDGE_CURVE('',#2768,#2769,#1378,.T.);
#3539=EDGE_CURVE('',#2769,#2770,#1379,.T.);
#3540=EDGE_CURVE('',#2770,#2771,#1380,.T.);
#3541=EDGE_CURVE('',#2771,#2772,#59,.T.);
#3542=EDGE_CURVE('',#2772,#2773,#1381,.T.);
#3543=EDGE_CURVE('',#2773,#2761,#60,.T.);
#3544=EDGE_CURVE('',#2762,#2774,#1382,.T.);
#3545=EDGE_CURVE('',#2775,#2774,#1383,.T.);
#3546=EDGE_CURVE('',#2763,#2775,#1384,.T.);
#3547=EDGE_CURVE('',#2776,#2775,#1385,.T.);
#3548=EDGE_CURVE('',#2764,#2776,#1386,.T.);
#3549=EDGE_CURVE('',#2777,#2776,#1387,.T.);
#3550=EDGE_CURVE('',#2765,#2777,#1388,.T.);
#3551=EDGE_CURVE('',#2778,#2777,#1389,.T.);
#3552=EDGE_CURVE('',#2766,#2778,#1390,.T.);
#3553=EDGE_CURVE('',#2779,#2778,#1391,.T.);
#3554=EDGE_CURVE('',#2767,#2779,#1392,.T.);
#3555=EDGE_CURVE('',#2780,#2779,#1393,.T.);
#3556=EDGE_CURVE('',#2768,#2780,#1394,.T.);
#3557=EDGE_CURVE('',#2781,#2780,#1395,.T.);
#3558=EDGE_CURVE('',#2769,#2781,#1396,.T.);
#3559=EDGE_CURVE('',#2782,#2781,#1397,.T.);
#3560=EDGE_CURVE('',#2770,#2782,#1398,.T.);
#3561=EDGE_CURVE('',#2783,#2782,#1399,.T.);
#3562=EDGE_CURVE('',#2783,#2771,#1400,.T.);
#3563=EDGE_CURVE('',#2784,#2783,#61,.T.);
#3564=EDGE_CURVE('',#2772,#2784,#1401,.T.);
#3565=EDGE_CURVE('',#2785,#2784,#1402,.T.);
#3566=EDGE_CURVE('',#2773,#2785,#1403,.T.);
#3567=EDGE_CURVE('',#2786,#2785,#62,.T.);
#3568=EDGE_CURVE('',#2761,#2786,#1404,.T.);
#3569=EDGE_CURVE('',#2774,#2786,#1405,.T.);
#3570=EDGE_CURVE('',#2787,#2788,#1406,.T.);
#3571=EDGE_CURVE('',#2788,#2789,#1407,.T.);
#3572=EDGE_CURVE('',#2789,#2790,#1408,.T.);
#3573=EDGE_CURVE('',#2790,#2791,#1409,.T.);
#3574=EDGE_CURVE('',#2791,#2792,#1410,.T.);
#3575=EDGE_CURVE('',#2792,#2793,#1411,.T.);
#3576=EDGE_CURVE('',#2793,#2794,#1412,.T.);
#3577=EDGE_CURVE('',#2794,#2795,#1413,.T.);
#3578=EDGE_CURVE('',#2795,#2796,#1414,.T.);
#3579=EDGE_CURVE('',#2796,#2797,#1415,.T.);
#3580=EDGE_CURVE('',#2797,#2798,#63,.T.);
#3581=EDGE_CURVE('',#2798,#2799,#1416,.T.);
#3582=EDGE_CURVE('',#2799,#2787,#64,.T.);
#3583=EDGE_CURVE('',#2788,#2800,#1417,.T.);
#3584=EDGE_CURVE('',#2801,#2800,#1418,.T.);
#3585=EDGE_CURVE('',#2789,#2801,#1419,.T.);
#3586=EDGE_CURVE('',#2802,#2801,#1420,.T.);
#3587=EDGE_CURVE('',#2790,#2802,#1421,.T.);
#3588=EDGE_CURVE('',#2803,#2802,#1422,.T.);
#3589=EDGE_CURVE('',#2791,#2803,#1423,.T.);
#3590=EDGE_CURVE('',#2804,#2803,#1424,.T.);
#3591=EDGE_CURVE('',#2792,#2804,#1425,.T.);
#3592=EDGE_CURVE('',#2805,#2804,#1426,.T.);
#3593=EDGE_CURVE('',#2793,#2805,#1427,.T.);
#3594=EDGE_CURVE('',#2806,#2805,#1428,.T.);
#3595=EDGE_CURVE('',#2794,#2806,#1429,.T.);
#3596=EDGE_CURVE('',#2807,#2806,#1430,.T.);
#3597=EDGE_CURVE('',#2795,#2807,#1431,.T.);
#3598=EDGE_CURVE('',#2808,#2807,#1432,.T.);
#3599=EDGE_CURVE('',#2796,#2808,#1433,.T.);
#3600=EDGE_CURVE('',#2809,#2808,#1434,.T.);
#3601=EDGE_CURVE('',#2809,#2797,#1435,.T.);
#3602=EDGE_CURVE('',#2810,#2809,#65,.T.);
#3603=EDGE_CURVE('',#2798,#2810,#1436,.T.);
#3604=EDGE_CURVE('',#2811,#2810,#1437,.T.);
#3605=EDGE_CURVE('',#2799,#2811,#1438,.T.);
#3606=EDGE_CURVE('',#2812,#2811,#66,.T.);
#3607=EDGE_CURVE('',#2787,#2812,#1439,.T.);
#3608=EDGE_CURVE('',#2800,#2812,#1440,.T.);
#3609=EDGE_CURVE('',#2813,#2814,#1441,.T.);
#3610=EDGE_CURVE('',#2814,#2815,#1442,.T.);
#3611=EDGE_CURVE('',#2815,#2816,#1443,.T.);
#3612=EDGE_CURVE('',#2816,#2817,#1444,.T.);
#3613=EDGE_CURVE('',#2817,#2818,#1445,.T.);
#3614=EDGE_CURVE('',#2818,#2819,#1446,.T.);
#3615=EDGE_CURVE('',#2819,#2820,#1447,.T.);
#3616=EDGE_CURVE('',#2820,#2821,#1448,.T.);
#3617=EDGE_CURVE('',#2821,#2822,#1449,.T.);
#3618=EDGE_CURVE('',#2822,#2823,#1450,.T.);
#3619=EDGE_CURVE('',#2823,#2824,#67,.T.);
#3620=EDGE_CURVE('',#2824,#2825,#1451,.T.);
#3621=EDGE_CURVE('',#2825,#2813,#68,.T.);
#3622=EDGE_CURVE('',#2814,#2826,#1452,.T.);
#3623=EDGE_CURVE('',#2827,#2826,#1453,.T.);
#3624=EDGE_CURVE('',#2815,#2827,#1454,.T.);
#3625=EDGE_CURVE('',#2828,#2827,#1455,.T.);
#3626=EDGE_CURVE('',#2816,#2828,#1456,.T.);
#3627=EDGE_CURVE('',#2829,#2828,#1457,.T.);
#3628=EDGE_CURVE('',#2817,#2829,#1458,.T.);
#3629=EDGE_CURVE('',#2830,#2829,#1459,.T.);
#3630=EDGE_CURVE('',#2818,#2830,#1460,.T.);
#3631=EDGE_CURVE('',#2831,#2830,#1461,.T.);
#3632=EDGE_CURVE('',#2819,#2831,#1462,.T.);
#3633=EDGE_CURVE('',#2832,#2831,#1463,.T.);
#3634=EDGE_CURVE('',#2820,#2832,#1464,.T.);
#3635=EDGE_CURVE('',#2833,#2832,#1465,.T.);
#3636=EDGE_CURVE('',#2821,#2833,#1466,.T.);
#3637=EDGE_CURVE('',#2834,#2833,#1467,.T.);
#3638=EDGE_CURVE('',#2822,#2834,#1468,.T.);
#3639=EDGE_CURVE('',#2835,#2834,#1469,.T.);
#3640=EDGE_CURVE('',#2835,#2823,#1470,.T.);
#3641=EDGE_CURVE('',#2836,#2835,#69,.T.);
#3642=EDGE_CURVE('',#2824,#2836,#1471,.T.);
#3643=EDGE_CURVE('',#2837,#2836,#1472,.T.);
#3644=EDGE_CURVE('',#2825,#2837,#1473,.T.);
#3645=EDGE_CURVE('',#2838,#2837,#70,.T.);
#3646=EDGE_CURVE('',#2813,#2838,#1474,.T.);
#3647=EDGE_CURVE('',#2826,#2838,#1475,.T.);
#3648=EDGE_CURVE('',#2839,#2840,#1476,.T.);
#3649=EDGE_CURVE('',#2840,#2841,#1477,.T.);
#3650=EDGE_CURVE('',#2841,#2842,#1478,.T.);
#3651=EDGE_CURVE('',#2842,#2843,#1479,.T.);
#3652=EDGE_CURVE('',#2843,#2844,#1480,.T.);
#3653=EDGE_CURVE('',#2844,#2845,#1481,.T.);
#3654=EDGE_CURVE('',#2845,#2846,#1482,.T.);
#3655=EDGE_CURVE('',#2846,#2847,#1483,.T.);
#3656=EDGE_CURVE('',#2847,#2848,#1484,.T.);
#3657=EDGE_CURVE('',#2848,#2849,#1485,.T.);
#3658=EDGE_CURVE('',#2849,#2850,#71,.T.);
#3659=EDGE_CURVE('',#2850,#2851,#1486,.T.);
#3660=EDGE_CURVE('',#2851,#2839,#72,.T.);
#3661=EDGE_CURVE('',#2840,#2852,#1487,.T.);
#3662=EDGE_CURVE('',#2853,#2852,#1488,.T.);
#3663=EDGE_CURVE('',#2841,#2853,#1489,.T.);
#3664=EDGE_CURVE('',#2854,#2853,#1490,.T.);
#3665=EDGE_CURVE('',#2842,#2854,#1491,.T.);
#3666=EDGE_CURVE('',#2855,#2854,#1492,.T.);
#3667=EDGE_CURVE('',#2843,#2855,#1493,.T.);
#3668=EDGE_CURVE('',#2856,#2855,#1494,.T.);
#3669=EDGE_CURVE('',#2844,#2856,#1495,.T.);
#3670=EDGE_CURVE('',#2857,#2856,#1496,.T.);
#3671=EDGE_CURVE('',#2845,#2857,#1497,.T.);
#3672=EDGE_CURVE('',#2858,#2857,#1498,.T.);
#3673=EDGE_CURVE('',#2846,#2858,#1499,.T.);
#3674=EDGE_CURVE('',#2859,#2858,#1500,.T.);
#3675=EDGE_CURVE('',#2847,#2859,#1501,.T.);
#3676=EDGE_CURVE('',#2860,#2859,#1502,.T.);
#3677=EDGE_CURVE('',#2848,#2860,#1503,.T.);
#3678=EDGE_CURVE('',#2861,#2860,#1504,.T.);
#3679=EDGE_CURVE('',#2861,#2849,#1505,.T.);
#3680=EDGE_CURVE('',#2862,#2861,#73,.T.);
#3681=EDGE_CURVE('',#2850,#2862,#1506,.T.);
#3682=EDGE_CURVE('',#2863,#2862,#1507,.T.);
#3683=EDGE_CURVE('',#2851,#2863,#1508,.T.);
#3684=EDGE_CURVE('',#2864,#2863,#74,.T.);
#3685=EDGE_CURVE('',#2839,#2864,#1509,.T.);
#3686=EDGE_CURVE('',#2852,#2864,#1510,.T.);
#3687=EDGE_CURVE('',#2865,#2866,#75,.T.);
#3688=EDGE_CURVE('',#2865,#2867,#1511,.T.);
#3689=EDGE_CURVE('',#2868,#2867,#76,.T.);
#3690=EDGE_CURVE('',#2866,#2868,#1512,.T.);
#3691=EDGE_CURVE('',#2866,#2869,#1513,.T.);
#3692=EDGE_CURVE('',#2870,#2868,#1514,.T.);
#3693=EDGE_CURVE('',#2869,#2870,#1515,.T.);
#3694=EDGE_CURVE('',#2869,#2871,#1516,.T.);
#3695=EDGE_CURVE('',#2872,#2870,#1517,.T.);
#3696=EDGE_CURVE('',#2871,#2872,#1518,.T.);
#3697=EDGE_CURVE('',#2871,#2873,#1519,.T.);
#3698=EDGE_CURVE('',#2874,#2872,#1520,.T.);
#3699=EDGE_CURVE('',#2873,#2874,#1521,.T.);
#3700=EDGE_CURVE('',#2873,#2875,#1522,.T.);
#3701=EDGE_CURVE('',#2876,#2874,#1523,.T.);
#3702=EDGE_CURVE('',#2875,#2876,#1524,.T.);
#3703=EDGE_CURVE('',#2875,#2865,#1525,.T.);
#3704=EDGE_CURVE('',#2867,#2876,#1526,.T.);
#3705=EDGE_CURVE('',#2877,#2878,#77,.T.);
#3706=EDGE_CURVE('',#2878,#2879,#1527,.T.);
#3707=EDGE_CURVE('',#2879,#2880,#78,.T.);
#3708=EDGE_CURVE('',#2877,#2880,#1528,.T.);
#3709=EDGE_CURVE('',#2878,#2881,#1529,.T.);
#3710=EDGE_CURVE('',#2881,#2882,#1530,.T.);
#3711=EDGE_CURVE('',#2882,#2879,#1531,.T.);
#3712=EDGE_CURVE('',#2881,#2883,#1532,.T.);
#3713=EDGE_CURVE('',#2883,#2884,#1533,.T.);
#3714=EDGE_CURVE('',#2884,#2882,#1534,.T.);
#3715=EDGE_CURVE('',#2883,#2885,#1535,.T.);
#3716=EDGE_CURVE('',#2885,#2886,#1536,.T.);
#3717=EDGE_CURVE('',#2886,#2884,#1537,.T.);
#3718=EDGE_CURVE('',#2885,#2887,#1538,.T.);
#3719=EDGE_CURVE('',#2887,#2888,#1539,.T.);
#3720=EDGE_CURVE('',#2888,#2886,#1540,.T.);
#3721=EDGE_CURVE('',#2887,#2877,#1541,.T.);
#3722=EDGE_CURVE('',#2880,#2888,#1542,.T.);
#3723=ORIENTED_EDGE('',*,*,#2889,.F.);
#3724=ORIENTED_EDGE('',*,*,#2890,.F.);
#3725=ORIENTED_EDGE('',*,*,#2891,.F.);
#3726=ORIENTED_EDGE('',*,*,#2892,.F.);
#3727=ORIENTED_EDGE('',*,*,#2893,.F.);
#3728=ORIENTED_EDGE('',*,*,#2894,.F.);
#3729=ORIENTED_EDGE('',*,*,#2895,.T.);
#3730=ORIENTED_EDGE('',*,*,#2890,.T.);
#3731=ORIENTED_EDGE('',*,*,#2896,.T.);
#3732=ORIENTED_EDGE('',*,*,#2897,.T.);
#3733=ORIENTED_EDGE('',*,*,#2898,.T.);
#3734=ORIENTED_EDGE('',*,*,#2899,.T.);
#3735=ORIENTED_EDGE('',*,*,#2900,.T.);
#3736=ORIENTED_EDGE('',*,*,#2901,.T.);
#3737=ORIENTED_EDGE('',*,*,#2902,.T.);
#3738=ORIENTED_EDGE('',*,*,#2903,.T.);
#3739=ORIENTED_EDGE('',*,*,#2904,.F.);
#3740=ORIENTED_EDGE('',*,*,#2905,.F.);
#3741=ORIENTED_EDGE('',*,*,#2906,.T.);
#3742=ORIENTED_EDGE('',*,*,#2907,.T.);
#3743=ORIENTED_EDGE('',*,*,#2908,.T.);
#3744=ORIENTED_EDGE('',*,*,#2909,.T.);
#3745=ORIENTED_EDGE('',*,*,#2892,.T.);
#3746=ORIENTED_EDGE('',*,*,#2910,.T.);
#3747=ORIENTED_EDGE('',*,*,#2911,.T.);
#3748=ORIENTED_EDGE('',*,*,#2907,.F.);
#3749=ORIENTED_EDGE('',*,*,#2912,.T.);
#3750=ORIENTED_EDGE('',*,*,#2913,.T.);
#3751=ORIENTED_EDGE('',*,*,#2914,.F.);
#3752=ORIENTED_EDGE('',*,*,#2915,.T.);
#3753=ORIENTED_EDGE('',*,*,#2916,.T.);
#3754=ORIENTED_EDGE('',*,*,#2917,.F.);
#3755=ORIENTED_EDGE('',*,*,#2910,.F.);
#3756=ORIENTED_EDGE('',*,*,#2891,.T.);
#3757=ORIENTED_EDGE('',*,*,#2895,.F.);
#3758=ORIENTED_EDGE('',*,*,#2894,.T.);
#3759=ORIENTED_EDGE('',*,*,#2918,.T.);
#3760=ORIENTED_EDGE('',*,*,#2919,.T.);
#3761=ORIENTED_EDGE('',*,*,#2915,.F.);
#3762=ORIENTED_EDGE('',*,*,#2889,.T.);
#3763=ORIENTED_EDGE('',*,*,#2909,.F.);
#3764=ORIENTED_EDGE('',*,*,#2920,.T.);
#3765=ORIENTED_EDGE('',*,*,#2921,.T.);
#3766=ORIENTED_EDGE('',*,*,#2918,.F.);
#3767=ORIENTED_EDGE('',*,*,#2893,.T.);
#3768=ORIENTED_EDGE('',*,*,#2908,.F.);
#3769=ORIENTED_EDGE('',*,*,#2914,.T.);
#3770=ORIENTED_EDGE('',*,*,#2922,.T.);
#3771=ORIENTED_EDGE('',*,*,#2920,.F.);
#3772=ORIENTED_EDGE('',*,*,#2922,.F.);
#3773=ORIENTED_EDGE('',*,*,#2913,.F.);
#3774=ORIENTED_EDGE('',*,*,#2923,.F.);
#3775=ORIENTED_EDGE('',*,*,#2916,.F.);
#3776=ORIENTED_EDGE('',*,*,#2919,.F.);
#3777=ORIENTED_EDGE('',*,*,#2921,.F.);
#3778=ORIENTED_EDGE('',*,*,#2924,.F.);
#3779=ORIENTED_EDGE('',*,*,#2925,.T.);
#3780=ORIENTED_EDGE('',*,*,#2926,.T.);
#3781=ORIENTED_EDGE('',*,*,#2927,.T.);
#3782=ORIENTED_EDGE('',*,*,#2928,.F.);
#3783=ORIENTED_EDGE('',*,*,#2927,.F.);
#3784=ORIENTED_EDGE('',*,*,#2929,.F.);
#3785=ORIENTED_EDGE('',*,*,#2930,.F.);
#3786=ORIENTED_EDGE('',*,*,#2931,.T.);
#3787=ORIENTED_EDGE('',*,*,#2932,.T.);
#3788=ORIENTED_EDGE('',*,*,#2933,.T.);
#3789=ORIENTED_EDGE('',*,*,#2934,.T.);
#3790=ORIENTED_EDGE('',*,*,#2935,.T.);
#3791=ORIENTED_EDGE('',*,*,#2936,.T.);
#3792=ORIENTED_EDGE('',*,*,#2937,.T.);
#3793=ORIENTED_EDGE('',*,*,#2938,.T.);
#3794=ORIENTED_EDGE('',*,*,#2939,.T.);
#3795=ORIENTED_EDGE('',*,*,#2940,.T.);
#3796=ORIENTED_EDGE('',*,*,#2941,.T.);
#3797=ORIENTED_EDGE('',*,*,#2942,.T.);
#3798=ORIENTED_EDGE('',*,*,#2943,.T.);
#3799=ORIENTED_EDGE('',*,*,#2944,.T.);
#3800=ORIENTED_EDGE('',*,*,#2945,.T.);
#3801=ORIENTED_EDGE('',*,*,#2946,.T.);
#3802=ORIENTED_EDGE('',*,*,#2925,.F.);
#3803=ORIENTED_EDGE('',*,*,#2924,.T.);
#3804=ORIENTED_EDGE('',*,*,#2928,.T.);
#3805=ORIENTED_EDGE('',*,*,#2947,.T.);
#3806=ORIENTED_EDGE('',*,*,#2948,.F.);
#3807=ORIENTED_EDGE('',*,*,#2949,.F.);
#3808=ORIENTED_EDGE('',*,*,#2931,.F.);
#3809=ORIENTED_EDGE('',*,*,#2930,.T.);
#3810=ORIENTED_EDGE('',*,*,#2950,.T.);
#3811=ORIENTED_EDGE('',*,*,#2951,.F.);
#3812=ORIENTED_EDGE('',*,*,#2947,.F.);
#3813=ORIENTED_EDGE('',*,*,#2933,.F.);
#3814=ORIENTED_EDGE('',*,*,#2952,.T.);
#3815=ORIENTED_EDGE('',*,*,#2953,.F.);
#3816=ORIENTED_EDGE('',*,*,#2954,.F.);
#3817=ORIENTED_EDGE('',*,*,#2955,.T.);
#3818=ORIENTED_EDGE('',*,*,#2956,.F.);
#3819=ORIENTED_EDGE('',*,*,#2950,.F.);
#3820=ORIENTED_EDGE('',*,*,#2929,.T.);
#3821=ORIENTED_EDGE('',*,*,#2926,.F.);
#3822=ORIENTED_EDGE('',*,*,#2946,.F.);
#3823=ORIENTED_EDGE('',*,*,#2932,.F.);
#3824=ORIENTED_EDGE('',*,*,#2949,.T.);
#3825=ORIENTED_EDGE('',*,*,#2957,.F.);
#3826=ORIENTED_EDGE('',*,*,#2952,.F.);
#3827=ORIENTED_EDGE('',*,*,#2957,.T.);
#3828=ORIENTED_EDGE('',*,*,#2948,.T.);
#3829=ORIENTED_EDGE('',*,*,#2951,.T.);
#3830=ORIENTED_EDGE('',*,*,#2956,.T.);
#3831=ORIENTED_EDGE('',*,*,#2958,.T.);
#3832=ORIENTED_EDGE('',*,*,#2953,.T.);
#3833=ORIENTED_EDGE('',*,*,#2959,.F.);
#3834=ORIENTED_EDGE('',*,*,#2960,.F.);
#3835=ORIENTED_EDGE('',*,*,#2961,.F.);
#3836=ORIENTED_EDGE('',*,*,#2962,.F.);
#3837=ORIENTED_EDGE('',*,*,#2963,.F.);
#3838=ORIENTED_EDGE('',*,*,#2964,.F.);
#3839=ORIENTED_EDGE('',*,*,#2965,.F.);
#3840=ORIENTED_EDGE('',*,*,#2966,.F.);
#3841=ORIENTED_EDGE('',*,*,#2967,.F.);
#3842=ORIENTED_EDGE('',*,*,#2962,.T.);
#3843=ORIENTED_EDGE('',*,*,#2968,.F.);
#3844=ORIENTED_EDGE('',*,*,#2969,.T.);
#3845=ORIENTED_EDGE('',*,*,#2970,.F.);
#3846=ORIENTED_EDGE('',*,*,#2969,.F.);
#3847=ORIENTED_EDGE('',*,*,#2971,.F.);
#3848=ORIENTED_EDGE('',*,*,#2972,.F.);
#3849=ORIENTED_EDGE('',*,*,#2973,.F.);
#3850=ORIENTED_EDGE('',*,*,#2974,.F.);
#3851=ORIENTED_EDGE('',*,*,#2975,.F.);
#3852=ORIENTED_EDGE('',*,*,#2976,.F.);
#3853=ORIENTED_EDGE('',*,*,#2977,.F.);
#3854=ORIENTED_EDGE('',*,*,#2972,.T.);
#3855=ORIENTED_EDGE('',*,*,#2978,.F.);
#3856=ORIENTED_EDGE('',*,*,#2960,.T.);
#3857=ORIENTED_EDGE('',*,*,#2979,.F.);
#3858=ORIENTED_EDGE('',*,*,#2976,.T.);
#3859=ORIENTED_EDGE('',*,*,#2980,.F.);
#3860=ORIENTED_EDGE('',*,*,#2964,.T.);
#3861=ORIENTED_EDGE('',*,*,#2974,.T.);
#3862=ORIENTED_EDGE('',*,*,#2981,.T.);
#3863=ORIENTED_EDGE('',*,*,#2982,.F.);
#3864=ORIENTED_EDGE('',*,*,#2983,.F.);
#3865=ORIENTED_EDGE('',*,*,#2935,.F.);
#3866=ORIENTED_EDGE('',*,*,#2984,.F.);
#3867=ORIENTED_EDGE('',*,*,#2966,.T.);
#3868=ORIENTED_EDGE('',*,*,#2985,.F.);
#3869=ORIENTED_EDGE('',*,*,#2986,.T.);
#3870=ORIENTED_EDGE('',*,*,#2987,.T.);
#3871=ORIENTED_EDGE('',*,*,#2965,.T.);
#3872=ORIENTED_EDGE('',*,*,#2980,.T.);
#3873=ORIENTED_EDGE('',*,*,#2975,.T.);
#3874=ORIENTED_EDGE('',*,*,#2984,.T.);
#3875=ORIENTED_EDGE('',*,*,#2934,.F.);
#3876=ORIENTED_EDGE('',*,*,#2954,.T.);
#3877=ORIENTED_EDGE('',*,*,#2958,.F.);
#3878=ORIENTED_EDGE('',*,*,#2955,.F.);
#3879=ORIENTED_EDGE('',*,*,#2945,.F.);
#3880=ORIENTED_EDGE('',*,*,#2988,.F.);
#3881=ORIENTED_EDGE('',*,*,#2911,.F.);
#3882=ORIENTED_EDGE('',*,*,#2917,.T.);
#3883=ORIENTED_EDGE('',*,*,#2923,.T.);
#3884=ORIENTED_EDGE('',*,*,#2912,.F.);
#3885=ORIENTED_EDGE('',*,*,#2906,.F.);
#3886=ORIENTED_EDGE('',*,*,#2989,.T.);
#3887=ORIENTED_EDGE('',*,*,#2990,.T.);
#3888=ORIENTED_EDGE('',*,*,#2991,.T.);
#3889=ORIENTED_EDGE('',*,*,#2992,.T.);
#3890=ORIENTED_EDGE('',*,*,#2993,.T.);
#3891=ORIENTED_EDGE('',*,*,#2994,.T.);
#3892=ORIENTED_EDGE('',*,*,#2995,.T.);
#3893=ORIENTED_EDGE('',*,*,#2996,.T.);
#3894=ORIENTED_EDGE('',*,*,#2997,.T.);
#3895=ORIENTED_EDGE('',*,*,#2998,.T.);
#3896=ORIENTED_EDGE('',*,*,#2999,.T.);
#3897=ORIENTED_EDGE('',*,*,#3000,.T.);
#3898=ORIENTED_EDGE('',*,*,#3001,.T.);
#3899=ORIENTED_EDGE('',*,*,#3002,.T.);
#3900=ORIENTED_EDGE('',*,*,#3003,.T.);
#3901=ORIENTED_EDGE('',*,*,#3004,.T.);
#3902=ORIENTED_EDGE('',*,*,#3005,.T.);
#3903=ORIENTED_EDGE('',*,*,#3006,.T.);
#3904=ORIENTED_EDGE('',*,*,#3007,.T.);
#3905=ORIENTED_EDGE('',*,*,#3008,.T.);
#3906=ORIENTED_EDGE('',*,*,#3009,.T.);
#3907=ORIENTED_EDGE('',*,*,#3010,.T.);
#3908=ORIENTED_EDGE('',*,*,#3011,.T.);
#3909=ORIENTED_EDGE('',*,*,#3012,.T.);
#3910=ORIENTED_EDGE('',*,*,#3013,.T.);
#3911=ORIENTED_EDGE('',*,*,#3014,.T.);
#3912=ORIENTED_EDGE('',*,*,#3015,.T.);
#3913=ORIENTED_EDGE('',*,*,#3016,.T.);
#3914=ORIENTED_EDGE('',*,*,#3017,.T.);
#3915=ORIENTED_EDGE('',*,*,#3018,.T.);
#3916=ORIENTED_EDGE('',*,*,#3019,.T.);
#3917=ORIENTED_EDGE('',*,*,#3020,.T.);
#3918=ORIENTED_EDGE('',*,*,#3021,.T.);
#3919=ORIENTED_EDGE('',*,*,#3022,.T.);
#3920=ORIENTED_EDGE('',*,*,#3023,.T.);
#3921=ORIENTED_EDGE('',*,*,#3024,.T.);
#3922=ORIENTED_EDGE('',*,*,#2985,.T.);
#3923=ORIENTED_EDGE('',*,*,#3025,.F.);
#3924=ORIENTED_EDGE('',*,*,#3026,.F.);
#3925=ORIENTED_EDGE('',*,*,#3027,.F.);
#3926=ORIENTED_EDGE('',*,*,#3028,.F.);
#3927=ORIENTED_EDGE('',*,*,#3029,.F.);
#3928=ORIENTED_EDGE('',*,*,#3030,.F.);
#3929=ORIENTED_EDGE('',*,*,#3022,.F.);
#3930=ORIENTED_EDGE('',*,*,#3031,.F.);
#3931=ORIENTED_EDGE('',*,*,#3032,.F.);
#3932=ORIENTED_EDGE('',*,*,#3028,.T.);
#3933=ORIENTED_EDGE('',*,*,#3033,.F.);
#3934=ORIENTED_EDGE('',*,*,#3034,.T.);
#3935=ORIENTED_EDGE('',*,*,#3035,.F.);
#3936=ORIENTED_EDGE('',*,*,#3034,.F.);
#3937=ORIENTED_EDGE('',*,*,#3036,.F.);
#3938=ORIENTED_EDGE('',*,*,#3037,.F.);
#3939=ORIENTED_EDGE('',*,*,#3038,.F.);
#3940=ORIENTED_EDGE('',*,*,#2986,.F.);
#3941=ORIENTED_EDGE('',*,*,#3024,.F.);
#3942=ORIENTED_EDGE('',*,*,#3039,.F.);
#3943=ORIENTED_EDGE('',*,*,#3040,.F.);
#3944=ORIENTED_EDGE('',*,*,#3037,.T.);
#3945=ORIENTED_EDGE('',*,*,#3041,.F.);
#3946=ORIENTED_EDGE('',*,*,#3026,.T.);
#3947=ORIENTED_EDGE('',*,*,#3042,.F.);
#3948=ORIENTED_EDGE('',*,*,#3039,.T.);
#3949=ORIENTED_EDGE('',*,*,#3023,.F.);
#3950=ORIENTED_EDGE('',*,*,#3030,.T.);
#3951=ORIENTED_EDGE('',*,*,#3043,.F.);
#3952=ORIENTED_EDGE('',*,*,#3044,.F.);
#3953=ORIENTED_EDGE('',*,*,#3045,.F.);
#3954=ORIENTED_EDGE('',*,*,#3046,.F.);
#3955=ORIENTED_EDGE('',*,*,#3047,.F.);
#3956=ORIENTED_EDGE('',*,*,#3048,.F.);
#3957=ORIENTED_EDGE('',*,*,#3018,.F.);
#3958=ORIENTED_EDGE('',*,*,#3049,.F.);
#3959=ORIENTED_EDGE('',*,*,#3050,.F.);
#3960=ORIENTED_EDGE('',*,*,#3046,.T.);
#3961=ORIENTED_EDGE('',*,*,#3051,.F.);
#3962=ORIENTED_EDGE('',*,*,#3052,.T.);
#3963=ORIENTED_EDGE('',*,*,#3053,.F.);
#3964=ORIENTED_EDGE('',*,*,#3052,.F.);
#3965=ORIENTED_EDGE('',*,*,#3054,.F.);
#3966=ORIENTED_EDGE('',*,*,#3055,.F.);
#3967=ORIENTED_EDGE('',*,*,#3056,.F.);
#3968=ORIENTED_EDGE('',*,*,#3057,.F.);
#3969=ORIENTED_EDGE('',*,*,#3020,.F.);
#3970=ORIENTED_EDGE('',*,*,#3058,.F.);
#3971=ORIENTED_EDGE('',*,*,#3059,.F.);
#3972=ORIENTED_EDGE('',*,*,#3055,.T.);
#3973=ORIENTED_EDGE('',*,*,#3060,.F.);
#3974=ORIENTED_EDGE('',*,*,#3044,.T.);
#3975=ORIENTED_EDGE('',*,*,#3061,.F.);
#3976=ORIENTED_EDGE('',*,*,#3058,.T.);
#3977=ORIENTED_EDGE('',*,*,#3019,.F.);
#3978=ORIENTED_EDGE('',*,*,#3048,.T.);
#3979=ORIENTED_EDGE('',*,*,#3031,.T.);
#3980=ORIENTED_EDGE('',*,*,#3021,.F.);
#3981=ORIENTED_EDGE('',*,*,#3057,.T.);
#3982=ORIENTED_EDGE('',*,*,#3062,.T.);
#3983=ORIENTED_EDGE('',*,*,#3049,.T.);
#3984=ORIENTED_EDGE('',*,*,#3017,.F.);
#3985=ORIENTED_EDGE('',*,*,#3063,.T.);
#3986=ORIENTED_EDGE('',*,*,#3064,.T.);
#3987=ORIENTED_EDGE('',*,*,#3065,.F.);
#3988=ORIENTED_EDGE('',*,*,#3066,.F.);
#3989=ORIENTED_EDGE('',*,*,#3067,.F.);
#3990=ORIENTED_EDGE('',*,*,#3068,.F.);
#3991=ORIENTED_EDGE('',*,*,#3069,.F.);
#3992=ORIENTED_EDGE('',*,*,#3070,.F.);
#3993=ORIENTED_EDGE('',*,*,#3014,.F.);
#3994=ORIENTED_EDGE('',*,*,#3071,.F.);
#3995=ORIENTED_EDGE('',*,*,#3072,.F.);
#3996=ORIENTED_EDGE('',*,*,#3068,.T.);
#3997=ORIENTED_EDGE('',*,*,#3073,.F.);
#3998=ORIENTED_EDGE('',*,*,#3074,.T.);
#3999=ORIENTED_EDGE('',*,*,#3075,.F.);
#4000=ORIENTED_EDGE('',*,*,#3074,.F.);
#4001=ORIENTED_EDGE('',*,*,#3076,.F.);
#4002=ORIENTED_EDGE('',*,*,#3077,.F.);
#4003=ORIENTED_EDGE('',*,*,#3078,.F.);
#4004=ORIENTED_EDGE('',*,*,#3063,.F.);
#4005=ORIENTED_EDGE('',*,*,#3016,.F.);
#4006=ORIENTED_EDGE('',*,*,#3079,.F.);
#4007=ORIENTED_EDGE('',*,*,#3080,.F.);
#4008=ORIENTED_EDGE('',*,*,#3077,.T.);
#4009=ORIENTED_EDGE('',*,*,#3081,.F.);
#4010=ORIENTED_EDGE('',*,*,#3066,.T.);
#4011=ORIENTED_EDGE('',*,*,#3082,.F.);
#4012=ORIENTED_EDGE('',*,*,#3079,.T.);
#4013=ORIENTED_EDGE('',*,*,#3015,.F.);
#4014=ORIENTED_EDGE('',*,*,#3070,.T.);
#4015=ORIENTED_EDGE('',*,*,#3083,.F.);
#4016=ORIENTED_EDGE('',*,*,#3084,.F.);
#4017=ORIENTED_EDGE('',*,*,#3085,.F.);
#4018=ORIENTED_EDGE('',*,*,#3086,.F.);
#4019=ORIENTED_EDGE('',*,*,#3087,.F.);
#4020=ORIENTED_EDGE('',*,*,#3088,.F.);
#4021=ORIENTED_EDGE('',*,*,#3010,.F.);
#4022=ORIENTED_EDGE('',*,*,#3089,.F.);
#4023=ORIENTED_EDGE('',*,*,#3090,.F.);
#4024=ORIENTED_EDGE('',*,*,#3086,.T.);
#4025=ORIENTED_EDGE('',*,*,#3091,.F.);
#4026=ORIENTED_EDGE('',*,*,#3092,.T.);
#4027=ORIENTED_EDGE('',*,*,#3093,.F.);
#4028=ORIENTED_EDGE('',*,*,#3092,.F.);
#4029=ORIENTED_EDGE('',*,*,#3094,.F.);
#4030=ORIENTED_EDGE('',*,*,#3095,.F.);
#4031=ORIENTED_EDGE('',*,*,#3096,.F.);
#4032=ORIENTED_EDGE('',*,*,#3097,.F.);
#4033=ORIENTED_EDGE('',*,*,#3012,.F.);
#4034=ORIENTED_EDGE('',*,*,#3098,.F.);
#4035=ORIENTED_EDGE('',*,*,#3099,.F.);
#4036=ORIENTED_EDGE('',*,*,#3095,.T.);
#4037=ORIENTED_EDGE('',*,*,#3100,.F.);
#4038=ORIENTED_EDGE('',*,*,#3084,.T.);
#4039=ORIENTED_EDGE('',*,*,#3101,.F.);
#4040=ORIENTED_EDGE('',*,*,#3098,.T.);
#4041=ORIENTED_EDGE('',*,*,#3011,.F.);
#4042=ORIENTED_EDGE('',*,*,#3088,.T.);
#4043=ORIENTED_EDGE('',*,*,#3071,.T.);
#4044=ORIENTED_EDGE('',*,*,#3013,.F.);
#4045=ORIENTED_EDGE('',*,*,#3097,.T.);
#4046=ORIENTED_EDGE('',*,*,#3102,.T.);
#4047=ORIENTED_EDGE('',*,*,#3089,.T.);
#4048=ORIENTED_EDGE('',*,*,#3009,.F.);
#4049=ORIENTED_EDGE('',*,*,#3103,.T.);
#4050=ORIENTED_EDGE('',*,*,#3104,.T.);
#4051=ORIENTED_EDGE('',*,*,#3105,.F.);
#4052=ORIENTED_EDGE('',*,*,#3106,.F.);
#4053=ORIENTED_EDGE('',*,*,#3107,.F.);
#4054=ORIENTED_EDGE('',*,*,#3108,.F.);
#4055=ORIENTED_EDGE('',*,*,#3109,.F.);
#4056=ORIENTED_EDGE('',*,*,#3110,.F.);
#4057=ORIENTED_EDGE('',*,*,#3006,.F.);
#4058=ORIENTED_EDGE('',*,*,#3111,.F.);
#4059=ORIENTED_EDGE('',*,*,#3112,.F.);
#4060=ORIENTED_EDGE('',*,*,#3108,.T.);
#4061=ORIENTED_EDGE('',*,*,#3113,.F.);
#4062=ORIENTED_EDGE('',*,*,#3114,.T.);
#4063=ORIENTED_EDGE('',*,*,#3115,.F.);
#4064=ORIENTED_EDGE('',*,*,#3114,.F.);
#4065=ORIENTED_EDGE('',*,*,#3116,.F.);
#4066=ORIENTED_EDGE('',*,*,#3117,.F.);
#4067=ORIENTED_EDGE('',*,*,#3118,.F.);
#4068=ORIENTED_EDGE('',*,*,#3103,.F.);
#4069=ORIENTED_EDGE('',*,*,#3008,.F.);
#4070=ORIENTED_EDGE('',*,*,#3119,.F.);
#4071=ORIENTED_EDGE('',*,*,#3120,.F.);
#4072=ORIENTED_EDGE('',*,*,#3117,.T.);
#4073=ORIENTED_EDGE('',*,*,#3121,.F.);
#4074=ORIENTED_EDGE('',*,*,#3106,.T.);
#4075=ORIENTED_EDGE('',*,*,#3122,.F.);
#4076=ORIENTED_EDGE('',*,*,#3119,.T.);
#4077=ORIENTED_EDGE('',*,*,#3007,.F.);
#4078=ORIENTED_EDGE('',*,*,#3110,.T.);
#4079=ORIENTED_EDGE('',*,*,#3123,.F.);
#4080=ORIENTED_EDGE('',*,*,#3124,.F.);
#4081=ORIENTED_EDGE('',*,*,#3125,.F.);
#4082=ORIENTED_EDGE('',*,*,#3126,.F.);
#4083=ORIENTED_EDGE('',*,*,#3127,.F.);
#4084=ORIENTED_EDGE('',*,*,#3128,.F.);
#4085=ORIENTED_EDGE('',*,*,#3002,.F.);
#4086=ORIENTED_EDGE('',*,*,#3129,.F.);
#4087=ORIENTED_EDGE('',*,*,#3130,.F.);
#4088=ORIENTED_EDGE('',*,*,#3126,.T.);
#4089=ORIENTED_EDGE('',*,*,#3131,.F.);
#4090=ORIENTED_EDGE('',*,*,#3132,.T.);
#4091=ORIENTED_EDGE('',*,*,#3133,.F.);
#4092=ORIENTED_EDGE('',*,*,#3132,.F.);
#4093=ORIENTED_EDGE('',*,*,#3134,.F.);
#4094=ORIENTED_EDGE('',*,*,#3135,.F.);
#4095=ORIENTED_EDGE('',*,*,#3136,.F.);
#4096=ORIENTED_EDGE('',*,*,#3137,.F.);
#4097=ORIENTED_EDGE('',*,*,#3004,.F.);
#4098=ORIENTED_EDGE('',*,*,#3138,.F.);
#4099=ORIENTED_EDGE('',*,*,#3139,.F.);
#4100=ORIENTED_EDGE('',*,*,#3135,.T.);
#4101=ORIENTED_EDGE('',*,*,#3140,.F.);
#4102=ORIENTED_EDGE('',*,*,#3124,.T.);
#4103=ORIENTED_EDGE('',*,*,#3141,.F.);
#4104=ORIENTED_EDGE('',*,*,#3138,.T.);
#4105=ORIENTED_EDGE('',*,*,#3003,.F.);
#4106=ORIENTED_EDGE('',*,*,#3128,.T.);
#4107=ORIENTED_EDGE('',*,*,#3111,.T.);
#4108=ORIENTED_EDGE('',*,*,#3005,.F.);
#4109=ORIENTED_EDGE('',*,*,#3137,.T.);
#4110=ORIENTED_EDGE('',*,*,#3142,.T.);
#4111=ORIENTED_EDGE('',*,*,#3129,.T.);
#4112=ORIENTED_EDGE('',*,*,#3001,.F.);
#4113=ORIENTED_EDGE('',*,*,#3143,.T.);
#4114=ORIENTED_EDGE('',*,*,#3144,.T.);
#4115=ORIENTED_EDGE('',*,*,#3145,.F.);
#4116=ORIENTED_EDGE('',*,*,#3146,.F.);
#4117=ORIENTED_EDGE('',*,*,#3147,.F.);
#4118=ORIENTED_EDGE('',*,*,#3148,.F.);
#4119=ORIENTED_EDGE('',*,*,#3149,.F.);
#4120=ORIENTED_EDGE('',*,*,#3150,.F.);
#4121=ORIENTED_EDGE('',*,*,#2998,.F.);
#4122=ORIENTED_EDGE('',*,*,#3151,.F.);
#4123=ORIENTED_EDGE('',*,*,#3152,.F.);
#4124=ORIENTED_EDGE('',*,*,#3148,.T.);
#4125=ORIENTED_EDGE('',*,*,#3153,.F.);
#4126=ORIENTED_EDGE('',*,*,#3154,.T.);
#4127=ORIENTED_EDGE('',*,*,#3155,.F.);
#4128=ORIENTED_EDGE('',*,*,#3154,.F.);
#4129=ORIENTED_EDGE('',*,*,#3156,.F.);
#4130=ORIENTED_EDGE('',*,*,#3157,.F.);
#4131=ORIENTED_EDGE('',*,*,#3158,.F.);
#4132=ORIENTED_EDGE('',*,*,#3143,.F.);
#4133=ORIENTED_EDGE('',*,*,#3000,.F.);
#4134=ORIENTED_EDGE('',*,*,#3159,.F.);
#4135=ORIENTED_EDGE('',*,*,#3160,.F.);
#4136=ORIENTED_EDGE('',*,*,#3157,.T.);
#4137=ORIENTED_EDGE('',*,*,#3161,.F.);
#4138=ORIENTED_EDGE('',*,*,#3146,.T.);
#4139=ORIENTED_EDGE('',*,*,#3162,.F.);
#4140=ORIENTED_EDGE('',*,*,#3159,.T.);
#4141=ORIENTED_EDGE('',*,*,#2999,.F.);
#4142=ORIENTED_EDGE('',*,*,#3150,.T.);
#4143=ORIENTED_EDGE('',*,*,#3163,.F.);
#4144=ORIENTED_EDGE('',*,*,#3164,.F.);
#4145=ORIENTED_EDGE('',*,*,#3165,.F.);
#4146=ORIENTED_EDGE('',*,*,#3166,.F.);
#4147=ORIENTED_EDGE('',*,*,#3167,.F.);
#4148=ORIENTED_EDGE('',*,*,#3168,.F.);
#4149=ORIENTED_EDGE('',*,*,#2994,.F.);
#4150=ORIENTED_EDGE('',*,*,#3169,.F.);
#4151=ORIENTED_EDGE('',*,*,#3170,.F.);
#4152=ORIENTED_EDGE('',*,*,#3166,.T.);
#4153=ORIENTED_EDGE('',*,*,#3171,.F.);
#4154=ORIENTED_EDGE('',*,*,#3172,.T.);
#4155=ORIENTED_EDGE('',*,*,#3173,.F.);
#4156=ORIENTED_EDGE('',*,*,#3172,.F.);
#4157=ORIENTED_EDGE('',*,*,#3174,.F.);
#4158=ORIENTED_EDGE('',*,*,#3175,.F.);
#4159=ORIENTED_EDGE('',*,*,#3176,.F.);
#4160=ORIENTED_EDGE('',*,*,#3177,.F.);
#4161=ORIENTED_EDGE('',*,*,#2996,.F.);
#4162=ORIENTED_EDGE('',*,*,#3178,.F.);
#4163=ORIENTED_EDGE('',*,*,#3179,.F.);
#4164=ORIENTED_EDGE('',*,*,#3175,.T.);
#4165=ORIENTED_EDGE('',*,*,#3180,.F.);
#4166=ORIENTED_EDGE('',*,*,#3164,.T.);
#4167=ORIENTED_EDGE('',*,*,#3181,.F.);
#4168=ORIENTED_EDGE('',*,*,#3178,.T.);
#4169=ORIENTED_EDGE('',*,*,#2995,.F.);
#4170=ORIENTED_EDGE('',*,*,#3168,.T.);
#4171=ORIENTED_EDGE('',*,*,#3151,.T.);
#4172=ORIENTED_EDGE('',*,*,#2997,.F.);
#4173=ORIENTED_EDGE('',*,*,#3177,.T.);
#4174=ORIENTED_EDGE('',*,*,#3182,.T.);
#4175=ORIENTED_EDGE('',*,*,#3169,.T.);
#4176=ORIENTED_EDGE('',*,*,#2993,.F.);
#4177=ORIENTED_EDGE('',*,*,#3183,.T.);
#4178=ORIENTED_EDGE('',*,*,#3184,.T.);
#4179=ORIENTED_EDGE('',*,*,#3185,.F.);
#4180=ORIENTED_EDGE('',*,*,#3186,.T.);
#4181=ORIENTED_EDGE('',*,*,#3187,.F.);
#4182=ORIENTED_EDGE('',*,*,#3188,.T.);
#4183=ORIENTED_EDGE('',*,*,#3189,.F.);
#4184=ORIENTED_EDGE('',*,*,#3190,.F.);
#4185=ORIENTED_EDGE('',*,*,#2990,.F.);
#4186=ORIENTED_EDGE('',*,*,#3191,.F.);
#4187=ORIENTED_EDGE('',*,*,#3192,.F.);
#4188=ORIENTED_EDGE('',*,*,#3193,.F.);
#4189=ORIENTED_EDGE('',*,*,#3194,.F.);
#4190=ORIENTED_EDGE('',*,*,#3186,.F.);
#4191=ORIENTED_EDGE('',*,*,#3195,.F.);
#4192=ORIENTED_EDGE('',*,*,#3183,.F.);
#4193=ORIENTED_EDGE('',*,*,#2992,.F.);
#4194=ORIENTED_EDGE('',*,*,#3196,.F.);
#4195=ORIENTED_EDGE('',*,*,#3197,.F.);
#4196=ORIENTED_EDGE('',*,*,#3188,.F.);
#4197=ORIENTED_EDGE('',*,*,#3198,.F.);
#4198=ORIENTED_EDGE('',*,*,#3199,.F.);
#4199=ORIENTED_EDGE('',*,*,#3200,.F.);
#4200=ORIENTED_EDGE('',*,*,#3199,.T.);
#4201=ORIENTED_EDGE('',*,*,#3201,.F.);
#4202=ORIENTED_EDGE('',*,*,#3193,.T.);
#4203=ORIENTED_EDGE('',*,*,#3202,.F.);
#4204=ORIENTED_EDGE('',*,*,#3196,.T.);
#4205=ORIENTED_EDGE('',*,*,#2991,.F.);
#4206=ORIENTED_EDGE('',*,*,#3190,.T.);
#4207=ORIENTED_EDGE('',*,*,#3203,.F.);
#4208=ORIENTED_EDGE('',*,*,#3204,.T.);
#4209=ORIENTED_EDGE('',*,*,#3205,.F.);
#4210=ORIENTED_EDGE('',*,*,#3206,.F.);
#4211=ORIENTED_EDGE('',*,*,#3207,.F.);
#4212=ORIENTED_EDGE('',*,*,#3208,.F.);
#4213=ORIENTED_EDGE('',*,*,#3209,.F.);
#4214=ORIENTED_EDGE('',*,*,#3206,.T.);
#4215=ORIENTED_EDGE('',*,*,#3210,.F.);
#4216=ORIENTED_EDGE('',*,*,#3211,.T.);
#4217=ORIENTED_EDGE('',*,*,#3212,.F.);
#4218=ORIENTED_EDGE('',*,*,#3204,.F.);
#4219=ORIENTED_EDGE('',*,*,#3213,.F.);
#4220=ORIENTED_EDGE('',*,*,#3214,.T.);
#4221=ORIENTED_EDGE('',*,*,#3215,.F.);
#4222=ORIENTED_EDGE('',*,*,#3211,.F.);
#4223=ORIENTED_EDGE('',*,*,#3216,.F.);
#4224=ORIENTED_EDGE('',*,*,#3217,.F.);
#4225=ORIENTED_EDGE('',*,*,#3218,.F.);
#4226=ORIENTED_EDGE('',*,*,#3214,.F.);
#4227=ORIENTED_EDGE('',*,*,#3219,.F.);
#4228=ORIENTED_EDGE('',*,*,#3220,.T.);
#4229=ORIENTED_EDGE('',*,*,#3221,.F.);
#4230=ORIENTED_EDGE('',*,*,#3222,.F.);
#4231=ORIENTED_EDGE('',*,*,#3223,.F.);
#4232=ORIENTED_EDGE('',*,*,#3224,.T.);
#4233=ORIENTED_EDGE('',*,*,#3225,.F.);
#4234=ORIENTED_EDGE('',*,*,#3220,.F.);
#4235=ORIENTED_EDGE('',*,*,#3226,.F.);
#4236=ORIENTED_EDGE('',*,*,#3227,.T.);
#4237=ORIENTED_EDGE('',*,*,#3228,.F.);
#4238=ORIENTED_EDGE('',*,*,#3224,.F.);
#4239=ORIENTED_EDGE('',*,*,#3229,.F.);
#4240=ORIENTED_EDGE('',*,*,#3230,.F.);
#4241=ORIENTED_EDGE('',*,*,#3231,.F.);
#4242=ORIENTED_EDGE('',*,*,#3227,.F.);
#4243=ORIENTED_EDGE('',*,*,#3232,.F.);
#4244=ORIENTED_EDGE('',*,*,#3233,.F.);
#4245=ORIENTED_EDGE('',*,*,#3234,.F.);
#4246=ORIENTED_EDGE('',*,*,#3222,.T.);
#4247=ORIENTED_EDGE('',*,*,#3207,.T.);
#4248=ORIENTED_EDGE('',*,*,#3205,.T.);
#4249=ORIENTED_EDGE('',*,*,#3212,.T.);
#4250=ORIENTED_EDGE('',*,*,#3215,.T.);
#4251=ORIENTED_EDGE('',*,*,#3218,.T.);
#4252=ORIENTED_EDGE('',*,*,#3235,.T.);
#4253=ORIENTED_EDGE('',*,*,#3232,.T.);
#4254=ORIENTED_EDGE('',*,*,#3221,.T.);
#4255=ORIENTED_EDGE('',*,*,#3225,.T.);
#4256=ORIENTED_EDGE('',*,*,#3228,.T.);
#4257=ORIENTED_EDGE('',*,*,#3231,.T.);
#4258=ORIENTED_EDGE('',*,*,#3236,.T.);
#4259=ORIENTED_EDGE('',*,*,#2938,.F.);
#4260=ORIENTED_EDGE('',*,*,#3237,.F.);
#4261=ORIENTED_EDGE('',*,*,#2902,.F.);
#4262=ORIENTED_EDGE('',*,*,#3238,.T.);
#4263=ORIENTED_EDGE('',*,*,#3230,.T.);
#4264=ORIENTED_EDGE('',*,*,#3239,.T.);
#4265=ORIENTED_EDGE('',*,*,#2939,.F.);
#4266=ORIENTED_EDGE('',*,*,#3236,.F.);
#4267=ORIENTED_EDGE('',*,*,#3217,.T.);
#4268=ORIENTED_EDGE('',*,*,#3240,.T.);
#4269=ORIENTED_EDGE('',*,*,#3233,.T.);
#4270=ORIENTED_EDGE('',*,*,#3235,.F.);
#4271=ORIENTED_EDGE('',*,*,#3241,.F.);
#4272=ORIENTED_EDGE('',*,*,#3242,.T.);
#4273=ORIENTED_EDGE('',*,*,#2942,.F.);
#4274=ORIENTED_EDGE('',*,*,#3243,.F.);
#4275=ORIENTED_EDGE('',*,*,#3244,.F.);
#4276=ORIENTED_EDGE('',*,*,#3245,.F.);
#4277=ORIENTED_EDGE('',*,*,#2943,.F.);
#4278=ORIENTED_EDGE('',*,*,#3242,.F.);
#4279=ORIENTED_EDGE('',*,*,#3246,.F.);
#4280=ORIENTED_EDGE('',*,*,#3247,.F.);
#4281=ORIENTED_EDGE('',*,*,#2897,.F.);
#4282=ORIENTED_EDGE('',*,*,#3248,.F.);
#4283=ORIENTED_EDGE('',*,*,#3249,.F.);
#4284=ORIENTED_EDGE('',*,*,#3243,.T.);
#4285=ORIENTED_EDGE('',*,*,#2941,.F.);
#4286=ORIENTED_EDGE('',*,*,#3250,.F.);
#4287=ORIENTED_EDGE('',*,*,#3251,.F.);
#4288=ORIENTED_EDGE('',*,*,#3252,.F.);
#4289=ORIENTED_EDGE('',*,*,#2899,.F.);
#4290=ORIENTED_EDGE('',*,*,#3253,.T.);
#4291=ORIENTED_EDGE('',*,*,#3254,.F.);
#4292=ORIENTED_EDGE('',*,*,#3253,.F.);
#4293=ORIENTED_EDGE('',*,*,#2898,.F.);
#4294=ORIENTED_EDGE('',*,*,#3247,.T.);
#4295=ORIENTED_EDGE('',*,*,#3208,.T.);
#4296=ORIENTED_EDGE('',*,*,#3238,.F.);
#4297=ORIENTED_EDGE('',*,*,#2901,.F.);
#4298=ORIENTED_EDGE('',*,*,#3255,.T.);
#4299=ORIENTED_EDGE('',*,*,#3244,.T.);
#4300=ORIENTED_EDGE('',*,*,#3241,.T.);
#4301=ORIENTED_EDGE('',*,*,#3249,.T.);
#4302=ORIENTED_EDGE('',*,*,#3256,.F.);
#4303=ORIENTED_EDGE('',*,*,#3257,.F.);
#4304=ORIENTED_EDGE('',*,*,#3258,.F.);
#4305=ORIENTED_EDGE('',*,*,#3259,.F.);
#4306=ORIENTED_EDGE('',*,*,#3246,.T.);
#4307=ORIENTED_EDGE('',*,*,#3260,.F.);
#4308=ORIENTED_EDGE('',*,*,#3261,.F.);
#4309=ORIENTED_EDGE('',*,*,#3262,.F.);
#4310=ORIENTED_EDGE('',*,*,#3263,.F.);
#4311=ORIENTED_EDGE('',*,*,#3251,.T.);
#4312=ORIENTED_EDGE('',*,*,#3254,.T.);
#4313=ORIENTED_EDGE('',*,*,#3209,.T.);
#4314=ORIENTED_EDGE('',*,*,#3255,.F.);
#4315=ORIENTED_EDGE('',*,*,#2900,.F.);
#4316=ORIENTED_EDGE('',*,*,#3252,.T.);
#4317=ORIENTED_EDGE('',*,*,#3263,.T.);
#4318=ORIENTED_EDGE('',*,*,#3264,.T.);
#4319=ORIENTED_EDGE('',*,*,#3256,.T.);
#4320=ORIENTED_EDGE('',*,*,#3250,.T.);
#4321=ORIENTED_EDGE('',*,*,#2940,.F.);
#4322=ORIENTED_EDGE('',*,*,#3239,.F.);
#4323=ORIENTED_EDGE('',*,*,#3229,.T.);
#4324=ORIENTED_EDGE('',*,*,#3226,.T.);
#4325=ORIENTED_EDGE('',*,*,#3223,.T.);
#4326=ORIENTED_EDGE('',*,*,#3219,.T.);
#4327=ORIENTED_EDGE('',*,*,#3234,.T.);
#4328=ORIENTED_EDGE('',*,*,#3240,.F.);
#4329=ORIENTED_EDGE('',*,*,#3216,.T.);
#4330=ORIENTED_EDGE('',*,*,#3213,.T.);
#4331=ORIENTED_EDGE('',*,*,#3210,.T.);
#4332=ORIENTED_EDGE('',*,*,#3203,.T.);
#4333=ORIENTED_EDGE('',*,*,#3264,.F.);
#4334=ORIENTED_EDGE('',*,*,#3262,.T.);
#4335=ORIENTED_EDGE('',*,*,#3265,.T.);
#4336=ORIENTED_EDGE('',*,*,#3257,.T.);
#4337=ORIENTED_EDGE('',*,*,#2970,.T.);
#4338=ORIENTED_EDGE('',*,*,#2977,.T.);
#4339=ORIENTED_EDGE('',*,*,#2959,.T.);
#4340=ORIENTED_EDGE('',*,*,#2967,.T.);
#4341=ORIENTED_EDGE('',*,*,#3035,.T.);
#4342=ORIENTED_EDGE('',*,*,#3040,.T.);
#4343=ORIENTED_EDGE('',*,*,#3025,.T.);
#4344=ORIENTED_EDGE('',*,*,#3032,.T.);
#4345=ORIENTED_EDGE('',*,*,#3053,.T.);
#4346=ORIENTED_EDGE('',*,*,#3059,.T.);
#4347=ORIENTED_EDGE('',*,*,#3043,.T.);
#4348=ORIENTED_EDGE('',*,*,#3050,.T.);
#4349=ORIENTED_EDGE('',*,*,#3075,.T.);
#4350=ORIENTED_EDGE('',*,*,#3080,.T.);
#4351=ORIENTED_EDGE('',*,*,#3065,.T.);
#4352=ORIENTED_EDGE('',*,*,#3072,.T.);
#4353=ORIENTED_EDGE('',*,*,#3093,.T.);
#4354=ORIENTED_EDGE('',*,*,#3099,.T.);
#4355=ORIENTED_EDGE('',*,*,#3083,.T.);
#4356=ORIENTED_EDGE('',*,*,#3090,.T.);
#4357=ORIENTED_EDGE('',*,*,#3115,.T.);
#4358=ORIENTED_EDGE('',*,*,#3120,.T.);
#4359=ORIENTED_EDGE('',*,*,#3105,.T.);
#4360=ORIENTED_EDGE('',*,*,#3112,.T.);
#4361=ORIENTED_EDGE('',*,*,#3133,.T.);
#4362=ORIENTED_EDGE('',*,*,#3139,.T.);
#4363=ORIENTED_EDGE('',*,*,#3123,.T.);
#4364=ORIENTED_EDGE('',*,*,#3130,.T.);
#4365=ORIENTED_EDGE('',*,*,#3155,.T.);
#4366=ORIENTED_EDGE('',*,*,#3160,.T.);
#4367=ORIENTED_EDGE('',*,*,#3145,.T.);
#4368=ORIENTED_EDGE('',*,*,#3152,.T.);
#4369=ORIENTED_EDGE('',*,*,#3173,.T.);
#4370=ORIENTED_EDGE('',*,*,#3179,.T.);
#4371=ORIENTED_EDGE('',*,*,#3163,.T.);
#4372=ORIENTED_EDGE('',*,*,#3170,.T.);
#4373=ORIENTED_EDGE('',*,*,#3197,.T.);
#4374=ORIENTED_EDGE('',*,*,#3200,.T.);
#4375=ORIENTED_EDGE('',*,*,#3192,.T.);
#4376=ORIENTED_EDGE('',*,*,#3185,.T.);
#4377=ORIENTED_EDGE('',*,*,#3265,.F.);
#4378=ORIENTED_EDGE('',*,*,#3261,.T.);
#4379=ORIENTED_EDGE('',*,*,#3266,.F.);
#4380=ORIENTED_EDGE('',*,*,#3258,.T.);
#4381=ORIENTED_EDGE('',*,*,#2904,.T.);
#4382=ORIENTED_EDGE('',*,*,#3267,.T.);
#4383=ORIENTED_EDGE('',*,*,#3268,.F.);
#4384=ORIENTED_EDGE('',*,*,#3269,.F.);
#4385=ORIENTED_EDGE('',*,*,#3270,.F.);
#4386=ORIENTED_EDGE('',*,*,#3271,.T.);
#4387=ORIENTED_EDGE('',*,*,#3268,.T.);
#4388=ORIENTED_EDGE('',*,*,#3272,.T.);
#4389=ORIENTED_EDGE('',*,*,#3273,.F.);
#4390=ORIENTED_EDGE('',*,*,#3274,.F.);
#4391=ORIENTED_EDGE('',*,*,#3275,.F.);
#4392=ORIENTED_EDGE('',*,*,#3276,.F.);
#4393=ORIENTED_EDGE('',*,*,#3277,.F.);
#4394=ORIENTED_EDGE('',*,*,#3278,.F.);
#4395=ORIENTED_EDGE('',*,*,#3277,.T.);
#4396=ORIENTED_EDGE('',*,*,#3279,.T.);
#4397=ORIENTED_EDGE('',*,*,#3280,.T.);
#4398=ORIENTED_EDGE('',*,*,#3281,.F.);
#4399=ORIENTED_EDGE('',*,*,#3276,.T.);
#4400=ORIENTED_EDGE('',*,*,#3282,.T.);
#4401=ORIENTED_EDGE('',*,*,#3283,.T.);
#4402=ORIENTED_EDGE('',*,*,#3279,.F.);
#4403=ORIENTED_EDGE('',*,*,#2971,.T.);
#4404=ORIENTED_EDGE('',*,*,#2968,.T.);
#4405=ORIENTED_EDGE('',*,*,#2961,.T.);
#4406=ORIENTED_EDGE('',*,*,#2978,.T.);
#4407=ORIENTED_EDGE('',*,*,#3036,.T.);
#4408=ORIENTED_EDGE('',*,*,#3033,.T.);
#4409=ORIENTED_EDGE('',*,*,#3027,.T.);
#4410=ORIENTED_EDGE('',*,*,#3041,.T.);
#4411=ORIENTED_EDGE('',*,*,#3054,.T.);
#4412=ORIENTED_EDGE('',*,*,#3051,.T.);
#4413=ORIENTED_EDGE('',*,*,#3045,.T.);
#4414=ORIENTED_EDGE('',*,*,#3060,.T.);
#4415=ORIENTED_EDGE('',*,*,#3076,.T.);
#4416=ORIENTED_EDGE('',*,*,#3073,.T.);
#4417=ORIENTED_EDGE('',*,*,#3067,.T.);
#4418=ORIENTED_EDGE('',*,*,#3081,.T.);
#4419=ORIENTED_EDGE('',*,*,#3094,.T.);
#4420=ORIENTED_EDGE('',*,*,#3091,.T.);
#4421=ORIENTED_EDGE('',*,*,#3085,.T.);
#4422=ORIENTED_EDGE('',*,*,#3100,.T.);
#4423=ORIENTED_EDGE('',*,*,#3116,.T.);
#4424=ORIENTED_EDGE('',*,*,#3113,.T.);
#4425=ORIENTED_EDGE('',*,*,#3107,.T.);
#4426=ORIENTED_EDGE('',*,*,#3121,.T.);
#4427=ORIENTED_EDGE('',*,*,#3134,.T.);
#4428=ORIENTED_EDGE('',*,*,#3131,.T.);
#4429=ORIENTED_EDGE('',*,*,#3125,.T.);
#4430=ORIENTED_EDGE('',*,*,#3140,.T.);
#4431=ORIENTED_EDGE('',*,*,#3156,.T.);
#4432=ORIENTED_EDGE('',*,*,#3153,.T.);
#4433=ORIENTED_EDGE('',*,*,#3147,.T.);
#4434=ORIENTED_EDGE('',*,*,#3161,.T.);
#4435=ORIENTED_EDGE('',*,*,#3174,.T.);
#4436=ORIENTED_EDGE('',*,*,#3171,.T.);
#4437=ORIENTED_EDGE('',*,*,#3165,.T.);
#4438=ORIENTED_EDGE('',*,*,#3180,.T.);
#4439=ORIENTED_EDGE('',*,*,#3198,.T.);
#4440=ORIENTED_EDGE('',*,*,#3187,.T.);
#4441=ORIENTED_EDGE('',*,*,#3194,.T.);
#4442=ORIENTED_EDGE('',*,*,#3201,.T.);
#4443=ORIENTED_EDGE('',*,*,#3275,.T.);
#4444=ORIENTED_EDGE('',*,*,#3284,.T.);
#4445=ORIENTED_EDGE('',*,*,#3285,.T.);
#4446=ORIENTED_EDGE('',*,*,#3282,.F.);
#4447=ORIENTED_EDGE('',*,*,#3274,.T.);
#4448=ORIENTED_EDGE('',*,*,#3286,.T.);
#4449=ORIENTED_EDGE('',*,*,#3287,.T.);
#4450=ORIENTED_EDGE('',*,*,#3284,.F.);
#4451=ORIENTED_EDGE('',*,*,#3273,.T.);
#4452=ORIENTED_EDGE('',*,*,#3288,.F.);
#4453=ORIENTED_EDGE('',*,*,#3289,.T.);
#4454=ORIENTED_EDGE('',*,*,#3286,.F.);
#4455=ORIENTED_EDGE('',*,*,#3237,.T.);
#4456=ORIENTED_EDGE('',*,*,#2937,.F.);
#4457=ORIENTED_EDGE('',*,*,#3290,.T.);
#4458=ORIENTED_EDGE('',*,*,#3291,.F.);
#4459=ORIENTED_EDGE('',*,*,#3288,.T.);
#4460=ORIENTED_EDGE('',*,*,#3272,.F.);
#4461=ORIENTED_EDGE('',*,*,#3267,.F.);
#4462=ORIENTED_EDGE('',*,*,#2903,.F.);
#4463=ORIENTED_EDGE('',*,*,#3292,.F.);
#4464=ORIENTED_EDGE('',*,*,#3293,.F.);
#4465=ORIENTED_EDGE('',*,*,#3280,.F.);
#4466=ORIENTED_EDGE('',*,*,#3283,.F.);
#4467=ORIENTED_EDGE('',*,*,#3285,.F.);
#4468=ORIENTED_EDGE('',*,*,#3287,.F.);
#4469=ORIENTED_EDGE('',*,*,#3289,.F.);
#4470=ORIENTED_EDGE('',*,*,#3291,.T.);
#4471=ORIENTED_EDGE('',*,*,#3294,.T.);
#4472=ORIENTED_EDGE('',*,*,#2982,.T.);
#4473=ORIENTED_EDGE('',*,*,#2936,.F.);
#4474=ORIENTED_EDGE('',*,*,#2983,.T.);
#4475=ORIENTED_EDGE('',*,*,#3294,.F.);
#4476=ORIENTED_EDGE('',*,*,#3290,.F.);
#4477=ORIENTED_EDGE('',*,*,#2963,.T.);
#4478=ORIENTED_EDGE('',*,*,#2987,.F.);
#4479=ORIENTED_EDGE('',*,*,#3038,.T.);
#4480=ORIENTED_EDGE('',*,*,#3042,.T.);
#4481=ORIENTED_EDGE('',*,*,#3029,.T.);
#4482=ORIENTED_EDGE('',*,*,#3062,.F.);
#4483=ORIENTED_EDGE('',*,*,#3056,.T.);
#4484=ORIENTED_EDGE('',*,*,#3061,.T.);
#4485=ORIENTED_EDGE('',*,*,#3047,.T.);
#4486=ORIENTED_EDGE('',*,*,#3064,.F.);
#4487=ORIENTED_EDGE('',*,*,#3078,.T.);
#4488=ORIENTED_EDGE('',*,*,#3082,.T.);
#4489=ORIENTED_EDGE('',*,*,#3069,.T.);
#4490=ORIENTED_EDGE('',*,*,#3102,.F.);
#4491=ORIENTED_EDGE('',*,*,#3096,.T.);
#4492=ORIENTED_EDGE('',*,*,#3101,.T.);
#4493=ORIENTED_EDGE('',*,*,#3087,.T.);
#4494=ORIENTED_EDGE('',*,*,#3104,.F.);
#4495=ORIENTED_EDGE('',*,*,#3118,.T.);
#4496=ORIENTED_EDGE('',*,*,#3122,.T.);
#4497=ORIENTED_EDGE('',*,*,#3109,.T.);
#4498=ORIENTED_EDGE('',*,*,#3142,.F.);
#4499=ORIENTED_EDGE('',*,*,#3136,.T.);
#4500=ORIENTED_EDGE('',*,*,#3141,.T.);
#4501=ORIENTED_EDGE('',*,*,#3127,.T.);
#4502=ORIENTED_EDGE('',*,*,#3144,.F.);
#4503=ORIENTED_EDGE('',*,*,#3158,.T.);
#4504=ORIENTED_EDGE('',*,*,#3162,.T.);
#4505=ORIENTED_EDGE('',*,*,#3149,.T.);
#4506=ORIENTED_EDGE('',*,*,#3182,.F.);
#4507=ORIENTED_EDGE('',*,*,#3176,.T.);
#4508=ORIENTED_EDGE('',*,*,#3181,.T.);
#4509=ORIENTED_EDGE('',*,*,#3167,.T.);
#4510=ORIENTED_EDGE('',*,*,#3184,.F.);
#4511=ORIENTED_EDGE('',*,*,#3195,.T.);
#4512=ORIENTED_EDGE('',*,*,#3202,.T.);
#4513=ORIENTED_EDGE('',*,*,#3189,.T.);
#4514=ORIENTED_EDGE('',*,*,#3295,.F.);
#4515=ORIENTED_EDGE('',*,*,#3270,.T.);
#4516=ORIENTED_EDGE('',*,*,#3296,.T.);
#4517=ORIENTED_EDGE('',*,*,#3292,.T.);
#4518=ORIENTED_EDGE('',*,*,#2981,.F.);
#4519=ORIENTED_EDGE('',*,*,#2973,.T.);
#4520=ORIENTED_EDGE('',*,*,#2979,.T.);
#4521=ORIENTED_EDGE('',*,*,#3191,.T.);
#4522=ORIENTED_EDGE('',*,*,#2989,.F.);
#4523=ORIENTED_EDGE('',*,*,#2905,.T.);
#4524=ORIENTED_EDGE('',*,*,#3269,.T.);
#4525=ORIENTED_EDGE('',*,*,#3271,.F.);
#4526=ORIENTED_EDGE('',*,*,#3295,.T.);
#4527=ORIENTED_EDGE('',*,*,#3248,.T.);
#4528=ORIENTED_EDGE('',*,*,#2896,.F.);
#4529=ORIENTED_EDGE('',*,*,#2988,.T.);
#4530=ORIENTED_EDGE('',*,*,#2944,.F.);
#4531=ORIENTED_EDGE('',*,*,#3245,.T.);
#4532=ORIENTED_EDGE('',*,*,#3259,.T.);
#4533=ORIENTED_EDGE('',*,*,#3266,.T.);
#4534=ORIENTED_EDGE('',*,*,#3260,.T.);
#4535=ORIENTED_EDGE('',*,*,#3278,.T.);
#4536=ORIENTED_EDGE('',*,*,#3281,.T.);
#4537=ORIENTED_EDGE('',*,*,#3293,.T.);
#4538=ORIENTED_EDGE('',*,*,#3296,.F.);
#4539=ORIENTED_EDGE('',*,*,#3297,.T.);
#4540=ORIENTED_EDGE('',*,*,#3298,.T.);
#4541=ORIENTED_EDGE('',*,*,#3299,.T.);
#4542=ORIENTED_EDGE('',*,*,#3300,.T.);
#4543=ORIENTED_EDGE('',*,*,#3301,.T.);
#4544=ORIENTED_EDGE('',*,*,#3302,.T.);
#4545=ORIENTED_EDGE('',*,*,#3303,.T.);
#4546=ORIENTED_EDGE('',*,*,#3304,.T.);
#4547=ORIENTED_EDGE('',*,*,#3305,.T.);
#4548=ORIENTED_EDGE('',*,*,#3306,.T.);
#4549=ORIENTED_EDGE('',*,*,#3307,.T.);
#4550=ORIENTED_EDGE('',*,*,#3308,.T.);
#4551=ORIENTED_EDGE('',*,*,#3309,.T.);
#4552=ORIENTED_EDGE('',*,*,#3310,.T.);
#4553=ORIENTED_EDGE('',*,*,#3311,.F.);
#4554=ORIENTED_EDGE('',*,*,#3312,.F.);
#4555=ORIENTED_EDGE('',*,*,#3298,.F.);
#4556=ORIENTED_EDGE('',*,*,#3312,.T.);
#4557=ORIENTED_EDGE('',*,*,#3313,.F.);
#4558=ORIENTED_EDGE('',*,*,#3314,.F.);
#4559=ORIENTED_EDGE('',*,*,#3299,.F.);
#4560=ORIENTED_EDGE('',*,*,#3314,.T.);
#4561=ORIENTED_EDGE('',*,*,#3315,.F.);
#4562=ORIENTED_EDGE('',*,*,#3316,.F.);
#4563=ORIENTED_EDGE('',*,*,#3300,.F.);
#4564=ORIENTED_EDGE('',*,*,#3316,.T.);
#4565=ORIENTED_EDGE('',*,*,#3317,.F.);
#4566=ORIENTED_EDGE('',*,*,#3318,.F.);
#4567=ORIENTED_EDGE('',*,*,#3301,.F.);
#4568=ORIENTED_EDGE('',*,*,#3318,.T.);
#4569=ORIENTED_EDGE('',*,*,#3319,.F.);
#4570=ORIENTED_EDGE('',*,*,#3320,.F.);
#4571=ORIENTED_EDGE('',*,*,#3302,.F.);
#4572=ORIENTED_EDGE('',*,*,#3320,.T.);
#4573=ORIENTED_EDGE('',*,*,#3321,.F.);
#4574=ORIENTED_EDGE('',*,*,#3322,.F.);
#4575=ORIENTED_EDGE('',*,*,#3303,.F.);
#4576=ORIENTED_EDGE('',*,*,#3322,.T.);
#4577=ORIENTED_EDGE('',*,*,#3323,.F.);
#4578=ORIENTED_EDGE('',*,*,#3324,.F.);
#4579=ORIENTED_EDGE('',*,*,#3304,.F.);
#4580=ORIENTED_EDGE('',*,*,#3324,.T.);
#4581=ORIENTED_EDGE('',*,*,#3325,.F.);
#4582=ORIENTED_EDGE('',*,*,#3326,.F.);
#4583=ORIENTED_EDGE('',*,*,#3305,.F.);
#4584=ORIENTED_EDGE('',*,*,#3326,.T.);
#4585=ORIENTED_EDGE('',*,*,#3327,.F.);
#4586=ORIENTED_EDGE('',*,*,#3328,.T.);
#4587=ORIENTED_EDGE('',*,*,#3306,.F.);
#4588=ORIENTED_EDGE('',*,*,#3328,.F.);
#4589=ORIENTED_EDGE('',*,*,#3329,.F.);
#4590=ORIENTED_EDGE('',*,*,#3330,.F.);
#4591=ORIENTED_EDGE('',*,*,#3307,.F.);
#4592=ORIENTED_EDGE('',*,*,#3330,.T.);
#4593=ORIENTED_EDGE('',*,*,#3331,.F.);
#4594=ORIENTED_EDGE('',*,*,#3332,.F.);
#4595=ORIENTED_EDGE('',*,*,#3308,.F.);
#4596=ORIENTED_EDGE('',*,*,#3332,.T.);
#4597=ORIENTED_EDGE('',*,*,#3333,.F.);
#4598=ORIENTED_EDGE('',*,*,#3334,.F.);
#4599=ORIENTED_EDGE('',*,*,#3309,.F.);
#4600=ORIENTED_EDGE('',*,*,#3334,.T.);
#4601=ORIENTED_EDGE('',*,*,#3335,.F.);
#4602=ORIENTED_EDGE('',*,*,#3310,.F.);
#4603=ORIENTED_EDGE('',*,*,#3297,.F.);
#4604=ORIENTED_EDGE('',*,*,#3335,.T.);
#4605=ORIENTED_EDGE('',*,*,#3333,.T.);
#4606=ORIENTED_EDGE('',*,*,#3331,.T.);
#4607=ORIENTED_EDGE('',*,*,#3329,.T.);
#4608=ORIENTED_EDGE('',*,*,#3327,.T.);
#4609=ORIENTED_EDGE('',*,*,#3325,.T.);
#4610=ORIENTED_EDGE('',*,*,#3323,.T.);
#4611=ORIENTED_EDGE('',*,*,#3321,.T.);
#4612=ORIENTED_EDGE('',*,*,#3319,.T.);
#4613=ORIENTED_EDGE('',*,*,#3317,.T.);
#4614=ORIENTED_EDGE('',*,*,#3315,.T.);
#4615=ORIENTED_EDGE('',*,*,#3313,.T.);
#4616=ORIENTED_EDGE('',*,*,#3311,.T.);
#4617=ORIENTED_EDGE('',*,*,#3336,.T.);
#4618=ORIENTED_EDGE('',*,*,#3337,.T.);
#4619=ORIENTED_EDGE('',*,*,#3338,.T.);
#4620=ORIENTED_EDGE('',*,*,#3339,.T.);
#4621=ORIENTED_EDGE('',*,*,#3340,.T.);
#4622=ORIENTED_EDGE('',*,*,#3341,.T.);
#4623=ORIENTED_EDGE('',*,*,#3342,.T.);
#4624=ORIENTED_EDGE('',*,*,#3343,.T.);
#4625=ORIENTED_EDGE('',*,*,#3344,.T.);
#4626=ORIENTED_EDGE('',*,*,#3345,.T.);
#4627=ORIENTED_EDGE('',*,*,#3346,.T.);
#4628=ORIENTED_EDGE('',*,*,#3347,.T.);
#4629=ORIENTED_EDGE('',*,*,#3348,.T.);
#4630=ORIENTED_EDGE('',*,*,#3349,.T.);
#4631=ORIENTED_EDGE('',*,*,#3350,.F.);
#4632=ORIENTED_EDGE('',*,*,#3351,.F.);
#4633=ORIENTED_EDGE('',*,*,#3337,.F.);
#4634=ORIENTED_EDGE('',*,*,#3351,.T.);
#4635=ORIENTED_EDGE('',*,*,#3352,.F.);
#4636=ORIENTED_EDGE('',*,*,#3353,.F.);
#4637=ORIENTED_EDGE('',*,*,#3338,.F.);
#4638=ORIENTED_EDGE('',*,*,#3353,.T.);
#4639=ORIENTED_EDGE('',*,*,#3354,.F.);
#4640=ORIENTED_EDGE('',*,*,#3355,.F.);
#4641=ORIENTED_EDGE('',*,*,#3339,.F.);
#4642=ORIENTED_EDGE('',*,*,#3355,.T.);
#4643=ORIENTED_EDGE('',*,*,#3356,.F.);
#4644=ORIENTED_EDGE('',*,*,#3357,.F.);
#4645=ORIENTED_EDGE('',*,*,#3340,.F.);
#4646=ORIENTED_EDGE('',*,*,#3357,.T.);
#4647=ORIENTED_EDGE('',*,*,#3358,.F.);
#4648=ORIENTED_EDGE('',*,*,#3359,.F.);
#4649=ORIENTED_EDGE('',*,*,#3341,.F.);
#4650=ORIENTED_EDGE('',*,*,#3359,.T.);
#4651=ORIENTED_EDGE('',*,*,#3360,.F.);
#4652=ORIENTED_EDGE('',*,*,#3361,.F.);
#4653=ORIENTED_EDGE('',*,*,#3342,.F.);
#4654=ORIENTED_EDGE('',*,*,#3361,.T.);
#4655=ORIENTED_EDGE('',*,*,#3362,.F.);
#4656=ORIENTED_EDGE('',*,*,#3363,.F.);
#4657=ORIENTED_EDGE('',*,*,#3343,.F.);
#4658=ORIENTED_EDGE('',*,*,#3363,.T.);
#4659=ORIENTED_EDGE('',*,*,#3364,.F.);
#4660=ORIENTED_EDGE('',*,*,#3365,.F.);
#4661=ORIENTED_EDGE('',*,*,#3344,.F.);
#4662=ORIENTED_EDGE('',*,*,#3365,.T.);
#4663=ORIENTED_EDGE('',*,*,#3366,.F.);
#4664=ORIENTED_EDGE('',*,*,#3367,.T.);
#4665=ORIENTED_EDGE('',*,*,#3345,.F.);
#4666=ORIENTED_EDGE('',*,*,#3367,.F.);
#4667=ORIENTED_EDGE('',*,*,#3368,.F.);
#4668=ORIENTED_EDGE('',*,*,#3369,.F.);
#4669=ORIENTED_EDGE('',*,*,#3346,.F.);
#4670=ORIENTED_EDGE('',*,*,#3369,.T.);
#4671=ORIENTED_EDGE('',*,*,#3370,.F.);
#4672=ORIENTED_EDGE('',*,*,#3371,.F.);
#4673=ORIENTED_EDGE('',*,*,#3347,.F.);
#4674=ORIENTED_EDGE('',*,*,#3371,.T.);
#4675=ORIENTED_EDGE('',*,*,#3372,.F.);
#4676=ORIENTED_EDGE('',*,*,#3373,.F.);
#4677=ORIENTED_EDGE('',*,*,#3348,.F.);
#4678=ORIENTED_EDGE('',*,*,#3373,.T.);
#4679=ORIENTED_EDGE('',*,*,#3374,.F.);
#4680=ORIENTED_EDGE('',*,*,#3349,.F.);
#4681=ORIENTED_EDGE('',*,*,#3336,.F.);
#4682=ORIENTED_EDGE('',*,*,#3374,.T.);
#4683=ORIENTED_EDGE('',*,*,#3372,.T.);
#4684=ORIENTED_EDGE('',*,*,#3370,.T.);
#4685=ORIENTED_EDGE('',*,*,#3368,.T.);
#4686=ORIENTED_EDGE('',*,*,#3366,.T.);
#4687=ORIENTED_EDGE('',*,*,#3364,.T.);
#4688=ORIENTED_EDGE('',*,*,#3362,.T.);
#4689=ORIENTED_EDGE('',*,*,#3360,.T.);
#4690=ORIENTED_EDGE('',*,*,#3358,.T.);
#4691=ORIENTED_EDGE('',*,*,#3356,.T.);
#4692=ORIENTED_EDGE('',*,*,#3354,.T.);
#4693=ORIENTED_EDGE('',*,*,#3352,.T.);
#4694=ORIENTED_EDGE('',*,*,#3350,.T.);
#4695=ORIENTED_EDGE('',*,*,#3375,.T.);
#4696=ORIENTED_EDGE('',*,*,#3376,.T.);
#4697=ORIENTED_EDGE('',*,*,#3377,.T.);
#4698=ORIENTED_EDGE('',*,*,#3378,.T.);
#4699=ORIENTED_EDGE('',*,*,#3379,.T.);
#4700=ORIENTED_EDGE('',*,*,#3380,.T.);
#4701=ORIENTED_EDGE('',*,*,#3381,.T.);
#4702=ORIENTED_EDGE('',*,*,#3382,.T.);
#4703=ORIENTED_EDGE('',*,*,#3383,.T.);
#4704=ORIENTED_EDGE('',*,*,#3384,.T.);
#4705=ORIENTED_EDGE('',*,*,#3385,.T.);
#4706=ORIENTED_EDGE('',*,*,#3386,.T.);
#4707=ORIENTED_EDGE('',*,*,#3387,.T.);
#4708=ORIENTED_EDGE('',*,*,#3388,.T.);
#4709=ORIENTED_EDGE('',*,*,#3389,.F.);
#4710=ORIENTED_EDGE('',*,*,#3390,.F.);
#4711=ORIENTED_EDGE('',*,*,#3376,.F.);
#4712=ORIENTED_EDGE('',*,*,#3390,.T.);
#4713=ORIENTED_EDGE('',*,*,#3391,.F.);
#4714=ORIENTED_EDGE('',*,*,#3392,.F.);
#4715=ORIENTED_EDGE('',*,*,#3377,.F.);
#4716=ORIENTED_EDGE('',*,*,#3392,.T.);
#4717=ORIENTED_EDGE('',*,*,#3393,.F.);
#4718=ORIENTED_EDGE('',*,*,#3394,.F.);
#4719=ORIENTED_EDGE('',*,*,#3378,.F.);
#4720=ORIENTED_EDGE('',*,*,#3394,.T.);
#4721=ORIENTED_EDGE('',*,*,#3395,.F.);
#4722=ORIENTED_EDGE('',*,*,#3396,.F.);
#4723=ORIENTED_EDGE('',*,*,#3379,.F.);
#4724=ORIENTED_EDGE('',*,*,#3396,.T.);
#4725=ORIENTED_EDGE('',*,*,#3397,.F.);
#4726=ORIENTED_EDGE('',*,*,#3398,.F.);
#4727=ORIENTED_EDGE('',*,*,#3380,.F.);
#4728=ORIENTED_EDGE('',*,*,#3398,.T.);
#4729=ORIENTED_EDGE('',*,*,#3399,.F.);
#4730=ORIENTED_EDGE('',*,*,#3400,.F.);
#4731=ORIENTED_EDGE('',*,*,#3381,.F.);
#4732=ORIENTED_EDGE('',*,*,#3400,.T.);
#4733=ORIENTED_EDGE('',*,*,#3401,.F.);
#4734=ORIENTED_EDGE('',*,*,#3402,.F.);
#4735=ORIENTED_EDGE('',*,*,#3382,.F.);
#4736=ORIENTED_EDGE('',*,*,#3402,.T.);
#4737=ORIENTED_EDGE('',*,*,#3403,.F.);
#4738=ORIENTED_EDGE('',*,*,#3404,.F.);
#4739=ORIENTED_EDGE('',*,*,#3383,.F.);
#4740=ORIENTED_EDGE('',*,*,#3404,.T.);
#4741=ORIENTED_EDGE('',*,*,#3405,.F.);
#4742=ORIENTED_EDGE('',*,*,#3406,.T.);
#4743=ORIENTED_EDGE('',*,*,#3384,.F.);
#4744=ORIENTED_EDGE('',*,*,#3406,.F.);
#4745=ORIENTED_EDGE('',*,*,#3407,.F.);
#4746=ORIENTED_EDGE('',*,*,#3408,.F.);
#4747=ORIENTED_EDGE('',*,*,#3385,.F.);
#4748=ORIENTED_EDGE('',*,*,#3408,.T.);
#4749=ORIENTED_EDGE('',*,*,#3409,.F.);
#4750=ORIENTED_EDGE('',*,*,#3410,.F.);
#4751=ORIENTED_EDGE('',*,*,#3386,.F.);
#4752=ORIENTED_EDGE('',*,*,#3410,.T.);
#4753=ORIENTED_EDGE('',*,*,#3411,.F.);
#4754=ORIENTED_EDGE('',*,*,#3412,.F.);
#4755=ORIENTED_EDGE('',*,*,#3387,.F.);
#4756=ORIENTED_EDGE('',*,*,#3412,.T.);
#4757=ORIENTED_EDGE('',*,*,#3413,.F.);
#4758=ORIENTED_EDGE('',*,*,#3388,.F.);
#4759=ORIENTED_EDGE('',*,*,#3375,.F.);
#4760=ORIENTED_EDGE('',*,*,#3413,.T.);
#4761=ORIENTED_EDGE('',*,*,#3411,.T.);
#4762=ORIENTED_EDGE('',*,*,#3409,.T.);
#4763=ORIENTED_EDGE('',*,*,#3407,.T.);
#4764=ORIENTED_EDGE('',*,*,#3405,.T.);
#4765=ORIENTED_EDGE('',*,*,#3403,.T.);
#4766=ORIENTED_EDGE('',*,*,#3401,.T.);
#4767=ORIENTED_EDGE('',*,*,#3399,.T.);
#4768=ORIENTED_EDGE('',*,*,#3397,.T.);
#4769=ORIENTED_EDGE('',*,*,#3395,.T.);
#4770=ORIENTED_EDGE('',*,*,#3393,.T.);
#4771=ORIENTED_EDGE('',*,*,#3391,.T.);
#4772=ORIENTED_EDGE('',*,*,#3389,.T.);
#4773=ORIENTED_EDGE('',*,*,#3414,.T.);
#4774=ORIENTED_EDGE('',*,*,#3415,.T.);
#4775=ORIENTED_EDGE('',*,*,#3416,.T.);
#4776=ORIENTED_EDGE('',*,*,#3417,.T.);
#4777=ORIENTED_EDGE('',*,*,#3418,.T.);
#4778=ORIENTED_EDGE('',*,*,#3419,.T.);
#4779=ORIENTED_EDGE('',*,*,#3420,.T.);
#4780=ORIENTED_EDGE('',*,*,#3421,.T.);
#4781=ORIENTED_EDGE('',*,*,#3422,.T.);
#4782=ORIENTED_EDGE('',*,*,#3423,.T.);
#4783=ORIENTED_EDGE('',*,*,#3424,.T.);
#4784=ORIENTED_EDGE('',*,*,#3425,.T.);
#4785=ORIENTED_EDGE('',*,*,#3426,.T.);
#4786=ORIENTED_EDGE('',*,*,#3427,.T.);
#4787=ORIENTED_EDGE('',*,*,#3428,.F.);
#4788=ORIENTED_EDGE('',*,*,#3429,.F.);
#4789=ORIENTED_EDGE('',*,*,#3415,.F.);
#4790=ORIENTED_EDGE('',*,*,#3429,.T.);
#4791=ORIENTED_EDGE('',*,*,#3430,.F.);
#4792=ORIENTED_EDGE('',*,*,#3431,.F.);
#4793=ORIENTED_EDGE('',*,*,#3416,.F.);
#4794=ORIENTED_EDGE('',*,*,#3431,.T.);
#4795=ORIENTED_EDGE('',*,*,#3432,.F.);
#4796=ORIENTED_EDGE('',*,*,#3433,.F.);
#4797=ORIENTED_EDGE('',*,*,#3417,.F.);
#4798=ORIENTED_EDGE('',*,*,#3433,.T.);
#4799=ORIENTED_EDGE('',*,*,#3434,.F.);
#4800=ORIENTED_EDGE('',*,*,#3435,.F.);
#4801=ORIENTED_EDGE('',*,*,#3418,.F.);
#4802=ORIENTED_EDGE('',*,*,#3435,.T.);
#4803=ORIENTED_EDGE('',*,*,#3436,.F.);
#4804=ORIENTED_EDGE('',*,*,#3437,.F.);
#4805=ORIENTED_EDGE('',*,*,#3419,.F.);
#4806=ORIENTED_EDGE('',*,*,#3437,.T.);
#4807=ORIENTED_EDGE('',*,*,#3438,.F.);
#4808=ORIENTED_EDGE('',*,*,#3439,.F.);
#4809=ORIENTED_EDGE('',*,*,#3420,.F.);
#4810=ORIENTED_EDGE('',*,*,#3439,.T.);
#4811=ORIENTED_EDGE('',*,*,#3440,.F.);
#4812=ORIENTED_EDGE('',*,*,#3441,.F.);
#4813=ORIENTED_EDGE('',*,*,#3421,.F.);
#4814=ORIENTED_EDGE('',*,*,#3441,.T.);
#4815=ORIENTED_EDGE('',*,*,#3442,.F.);
#4816=ORIENTED_EDGE('',*,*,#3443,.F.);
#4817=ORIENTED_EDGE('',*,*,#3422,.F.);
#4818=ORIENTED_EDGE('',*,*,#3443,.T.);
#4819=ORIENTED_EDGE('',*,*,#3444,.F.);
#4820=ORIENTED_EDGE('',*,*,#3445,.T.);
#4821=ORIENTED_EDGE('',*,*,#3423,.F.);
#4822=ORIENTED_EDGE('',*,*,#3445,.F.);
#4823=ORIENTED_EDGE('',*,*,#3446,.F.);
#4824=ORIENTED_EDGE('',*,*,#3447,.F.);
#4825=ORIENTED_EDGE('',*,*,#3424,.F.);
#4826=ORIENTED_EDGE('',*,*,#3447,.T.);
#4827=ORIENTED_EDGE('',*,*,#3448,.F.);
#4828=ORIENTED_EDGE('',*,*,#3449,.F.);
#4829=ORIENTED_EDGE('',*,*,#3425,.F.);
#4830=ORIENTED_EDGE('',*,*,#3449,.T.);
#4831=ORIENTED_EDGE('',*,*,#3450,.F.);
#4832=ORIENTED_EDGE('',*,*,#3451,.F.);
#4833=ORIENTED_EDGE('',*,*,#3426,.F.);
#4834=ORIENTED_EDGE('',*,*,#3451,.T.);
#4835=ORIENTED_EDGE('',*,*,#3452,.F.);
#4836=ORIENTED_EDGE('',*,*,#3427,.F.);
#4837=ORIENTED_EDGE('',*,*,#3414,.F.);
#4838=ORIENTED_EDGE('',*,*,#3452,.T.);
#4839=ORIENTED_EDGE('',*,*,#3450,.T.);
#4840=ORIENTED_EDGE('',*,*,#3448,.T.);
#4841=ORIENTED_EDGE('',*,*,#3446,.T.);
#4842=ORIENTED_EDGE('',*,*,#3444,.T.);
#4843=ORIENTED_EDGE('',*,*,#3442,.T.);
#4844=ORIENTED_EDGE('',*,*,#3440,.T.);
#4845=ORIENTED_EDGE('',*,*,#3438,.T.);
#4846=ORIENTED_EDGE('',*,*,#3436,.T.);
#4847=ORIENTED_EDGE('',*,*,#3434,.T.);
#4848=ORIENTED_EDGE('',*,*,#3432,.T.);
#4849=ORIENTED_EDGE('',*,*,#3430,.T.);
#4850=ORIENTED_EDGE('',*,*,#3428,.T.);
#4851=ORIENTED_EDGE('',*,*,#3453,.T.);
#4852=ORIENTED_EDGE('',*,*,#3454,.T.);
#4853=ORIENTED_EDGE('',*,*,#3455,.T.);
#4854=ORIENTED_EDGE('',*,*,#3456,.T.);
#4855=ORIENTED_EDGE('',*,*,#3457,.T.);
#4856=ORIENTED_EDGE('',*,*,#3458,.T.);
#4857=ORIENTED_EDGE('',*,*,#3459,.T.);
#4858=ORIENTED_EDGE('',*,*,#3460,.T.);
#4859=ORIENTED_EDGE('',*,*,#3461,.T.);
#4860=ORIENTED_EDGE('',*,*,#3462,.T.);
#4861=ORIENTED_EDGE('',*,*,#3463,.T.);
#4862=ORIENTED_EDGE('',*,*,#3464,.T.);
#4863=ORIENTED_EDGE('',*,*,#3465,.T.);
#4864=ORIENTED_EDGE('',*,*,#3466,.T.);
#4865=ORIENTED_EDGE('',*,*,#3467,.F.);
#4866=ORIENTED_EDGE('',*,*,#3468,.F.);
#4867=ORIENTED_EDGE('',*,*,#3454,.F.);
#4868=ORIENTED_EDGE('',*,*,#3468,.T.);
#4869=ORIENTED_EDGE('',*,*,#3469,.F.);
#4870=ORIENTED_EDGE('',*,*,#3470,.F.);
#4871=ORIENTED_EDGE('',*,*,#3455,.F.);
#4872=ORIENTED_EDGE('',*,*,#3470,.T.);
#4873=ORIENTED_EDGE('',*,*,#3471,.F.);
#4874=ORIENTED_EDGE('',*,*,#3472,.F.);
#4875=ORIENTED_EDGE('',*,*,#3456,.F.);
#4876=ORIENTED_EDGE('',*,*,#3472,.T.);
#4877=ORIENTED_EDGE('',*,*,#3473,.F.);
#4878=ORIENTED_EDGE('',*,*,#3474,.F.);
#4879=ORIENTED_EDGE('',*,*,#3457,.F.);
#4880=ORIENTED_EDGE('',*,*,#3474,.T.);
#4881=ORIENTED_EDGE('',*,*,#3475,.F.);
#4882=ORIENTED_EDGE('',*,*,#3476,.F.);
#4883=ORIENTED_EDGE('',*,*,#3458,.F.);
#4884=ORIENTED_EDGE('',*,*,#3476,.T.);
#4885=ORIENTED_EDGE('',*,*,#3477,.F.);
#4886=ORIENTED_EDGE('',*,*,#3478,.F.);
#4887=ORIENTED_EDGE('',*,*,#3459,.F.);
#4888=ORIENTED_EDGE('',*,*,#3478,.T.);
#4889=ORIENTED_EDGE('',*,*,#3479,.F.);
#4890=ORIENTED_EDGE('',*,*,#3480,.F.);
#4891=ORIENTED_EDGE('',*,*,#3460,.F.);
#4892=ORIENTED_EDGE('',*,*,#3480,.T.);
#4893=ORIENTED_EDGE('',*,*,#3481,.F.);
#4894=ORIENTED_EDGE('',*,*,#3482,.F.);
#4895=ORIENTED_EDGE('',*,*,#3461,.F.);
#4896=ORIENTED_EDGE('',*,*,#3482,.T.);
#4897=ORIENTED_EDGE('',*,*,#3483,.F.);
#4898=ORIENTED_EDGE('',*,*,#3484,.T.);
#4899=ORIENTED_EDGE('',*,*,#3462,.F.);
#4900=ORIENTED_EDGE('',*,*,#3484,.F.);
#4901=ORIENTED_EDGE('',*,*,#3485,.F.);
#4902=ORIENTED_EDGE('',*,*,#3486,.F.);
#4903=ORIENTED_EDGE('',*,*,#3463,.F.);
#4904=ORIENTED_EDGE('',*,*,#3486,.T.);
#4905=ORIENTED_EDGE('',*,*,#3487,.F.);
#4906=ORIENTED_EDGE('',*,*,#3488,.F.);
#4907=ORIENTED_EDGE('',*,*,#3464,.F.);
#4908=ORIENTED_EDGE('',*,*,#3488,.T.);
#4909=ORIENTED_EDGE('',*,*,#3489,.F.);
#4910=ORIENTED_EDGE('',*,*,#3490,.F.);
#4911=ORIENTED_EDGE('',*,*,#3465,.F.);
#4912=ORIENTED_EDGE('',*,*,#3490,.T.);
#4913=ORIENTED_EDGE('',*,*,#3491,.F.);
#4914=ORIENTED_EDGE('',*,*,#3466,.F.);
#4915=ORIENTED_EDGE('',*,*,#3453,.F.);
#4916=ORIENTED_EDGE('',*,*,#3491,.T.);
#4917=ORIENTED_EDGE('',*,*,#3489,.T.);
#4918=ORIENTED_EDGE('',*,*,#3487,.T.);
#4919=ORIENTED_EDGE('',*,*,#3485,.T.);
#4920=ORIENTED_EDGE('',*,*,#3483,.T.);
#4921=ORIENTED_EDGE('',*,*,#3481,.T.);
#4922=ORIENTED_EDGE('',*,*,#3479,.T.);
#4923=ORIENTED_EDGE('',*,*,#3477,.T.);
#4924=ORIENTED_EDGE('',*,*,#3475,.T.);
#4925=ORIENTED_EDGE('',*,*,#3473,.T.);
#4926=ORIENTED_EDGE('',*,*,#3471,.T.);
#4927=ORIENTED_EDGE('',*,*,#3469,.T.);
#4928=ORIENTED_EDGE('',*,*,#3467,.T.);
#4929=ORIENTED_EDGE('',*,*,#3492,.T.);
#4930=ORIENTED_EDGE('',*,*,#3493,.T.);
#4931=ORIENTED_EDGE('',*,*,#3494,.T.);
#4932=ORIENTED_EDGE('',*,*,#3495,.T.);
#4933=ORIENTED_EDGE('',*,*,#3496,.T.);
#4934=ORIENTED_EDGE('',*,*,#3497,.T.);
#4935=ORIENTED_EDGE('',*,*,#3498,.T.);
#4936=ORIENTED_EDGE('',*,*,#3499,.T.);
#4937=ORIENTED_EDGE('',*,*,#3500,.T.);
#4938=ORIENTED_EDGE('',*,*,#3501,.T.);
#4939=ORIENTED_EDGE('',*,*,#3502,.T.);
#4940=ORIENTED_EDGE('',*,*,#3503,.T.);
#4941=ORIENTED_EDGE('',*,*,#3504,.T.);
#4942=ORIENTED_EDGE('',*,*,#3505,.T.);
#4943=ORIENTED_EDGE('',*,*,#3506,.F.);
#4944=ORIENTED_EDGE('',*,*,#3507,.F.);
#4945=ORIENTED_EDGE('',*,*,#3493,.F.);
#4946=ORIENTED_EDGE('',*,*,#3507,.T.);
#4947=ORIENTED_EDGE('',*,*,#3508,.F.);
#4948=ORIENTED_EDGE('',*,*,#3509,.F.);
#4949=ORIENTED_EDGE('',*,*,#3494,.F.);
#4950=ORIENTED_EDGE('',*,*,#3509,.T.);
#4951=ORIENTED_EDGE('',*,*,#3510,.F.);
#4952=ORIENTED_EDGE('',*,*,#3511,.F.);
#4953=ORIENTED_EDGE('',*,*,#3495,.F.);
#4954=ORIENTED_EDGE('',*,*,#3511,.T.);
#4955=ORIENTED_EDGE('',*,*,#3512,.F.);
#4956=ORIENTED_EDGE('',*,*,#3513,.F.);
#4957=ORIENTED_EDGE('',*,*,#3496,.F.);
#4958=ORIENTED_EDGE('',*,*,#3513,.T.);
#4959=ORIENTED_EDGE('',*,*,#3514,.F.);
#4960=ORIENTED_EDGE('',*,*,#3515,.F.);
#4961=ORIENTED_EDGE('',*,*,#3497,.F.);
#4962=ORIENTED_EDGE('',*,*,#3515,.T.);
#4963=ORIENTED_EDGE('',*,*,#3516,.F.);
#4964=ORIENTED_EDGE('',*,*,#3517,.F.);
#4965=ORIENTED_EDGE('',*,*,#3498,.F.);
#4966=ORIENTED_EDGE('',*,*,#3517,.T.);
#4967=ORIENTED_EDGE('',*,*,#3518,.F.);
#4968=ORIENTED_EDGE('',*,*,#3519,.F.);
#4969=ORIENTED_EDGE('',*,*,#3499,.F.);
#4970=ORIENTED_EDGE('',*,*,#3519,.T.);
#4971=ORIENTED_EDGE('',*,*,#3520,.F.);
#4972=ORIENTED_EDGE('',*,*,#3521,.F.);
#4973=ORIENTED_EDGE('',*,*,#3500,.F.);
#4974=ORIENTED_EDGE('',*,*,#3521,.T.);
#4975=ORIENTED_EDGE('',*,*,#3522,.F.);
#4976=ORIENTED_EDGE('',*,*,#3523,.T.);
#4977=ORIENTED_EDGE('',*,*,#3501,.F.);
#4978=ORIENTED_EDGE('',*,*,#3523,.F.);
#4979=ORIENTED_EDGE('',*,*,#3524,.F.);
#4980=ORIENTED_EDGE('',*,*,#3525,.F.);
#4981=ORIENTED_EDGE('',*,*,#3502,.F.);
#4982=ORIENTED_EDGE('',*,*,#3525,.T.);
#4983=ORIENTED_EDGE('',*,*,#3526,.F.);
#4984=ORIENTED_EDGE('',*,*,#3527,.F.);
#4985=ORIENTED_EDGE('',*,*,#3503,.F.);
#4986=ORIENTED_EDGE('',*,*,#3527,.T.);
#4987=ORIENTED_EDGE('',*,*,#3528,.F.);
#4988=ORIENTED_EDGE('',*,*,#3529,.F.);
#4989=ORIENTED_EDGE('',*,*,#3504,.F.);
#4990=ORIENTED_EDGE('',*,*,#3529,.T.);
#4991=ORIENTED_EDGE('',*,*,#3530,.F.);
#4992=ORIENTED_EDGE('',*,*,#3505,.F.);
#4993=ORIENTED_EDGE('',*,*,#3492,.F.);
#4994=ORIENTED_EDGE('',*,*,#3530,.T.);
#4995=ORIENTED_EDGE('',*,*,#3528,.T.);
#4996=ORIENTED_EDGE('',*,*,#3526,.T.);
#4997=ORIENTED_EDGE('',*,*,#3524,.T.);
#4998=ORIENTED_EDGE('',*,*,#3522,.T.);
#4999=ORIENTED_EDGE('',*,*,#3520,.T.);
#5000=ORIENTED_EDGE('',*,*,#3518,.T.);
#5001=ORIENTED_EDGE('',*,*,#3516,.T.);
#5002=ORIENTED_EDGE('',*,*,#3514,.T.);
#5003=ORIENTED_EDGE('',*,*,#3512,.T.);
#5004=ORIENTED_EDGE('',*,*,#3510,.T.);
#5005=ORIENTED_EDGE('',*,*,#3508,.T.);
#5006=ORIENTED_EDGE('',*,*,#3506,.T.);
#5007=ORIENTED_EDGE('',*,*,#3531,.T.);
#5008=ORIENTED_EDGE('',*,*,#3532,.T.);
#5009=ORIENTED_EDGE('',*,*,#3533,.T.);
#5010=ORIENTED_EDGE('',*,*,#3534,.T.);
#5011=ORIENTED_EDGE('',*,*,#3535,.T.);
#5012=ORIENTED_EDGE('',*,*,#3536,.T.);
#5013=ORIENTED_EDGE('',*,*,#3537,.T.);
#5014=ORIENTED_EDGE('',*,*,#3538,.T.);
#5015=ORIENTED_EDGE('',*,*,#3539,.T.);
#5016=ORIENTED_EDGE('',*,*,#3540,.T.);
#5017=ORIENTED_EDGE('',*,*,#3541,.T.);
#5018=ORIENTED_EDGE('',*,*,#3542,.T.);
#5019=ORIENTED_EDGE('',*,*,#3543,.T.);
#5020=ORIENTED_EDGE('',*,*,#3544,.T.);
#5021=ORIENTED_EDGE('',*,*,#3545,.F.);
#5022=ORIENTED_EDGE('',*,*,#3546,.F.);
#5023=ORIENTED_EDGE('',*,*,#3532,.F.);
#5024=ORIENTED_EDGE('',*,*,#3546,.T.);
#5025=ORIENTED_EDGE('',*,*,#3547,.F.);
#5026=ORIENTED_EDGE('',*,*,#3548,.F.);
#5027=ORIENTED_EDGE('',*,*,#3533,.F.);
#5028=ORIENTED_EDGE('',*,*,#3548,.T.);
#5029=ORIENTED_EDGE('',*,*,#3549,.F.);
#5030=ORIENTED_EDGE('',*,*,#3550,.F.);
#5031=ORIENTED_EDGE('',*,*,#3534,.F.);
#5032=ORIENTED_EDGE('',*,*,#3550,.T.);
#5033=ORIENTED_EDGE('',*,*,#3551,.F.);
#5034=ORIENTED_EDGE('',*,*,#3552,.F.);
#5035=ORIENTED_EDGE('',*,*,#3535,.F.);
#5036=ORIENTED_EDGE('',*,*,#3552,.T.);
#5037=ORIENTED_EDGE('',*,*,#3553,.F.);
#5038=ORIENTED_EDGE('',*,*,#3554,.F.);
#5039=ORIENTED_EDGE('',*,*,#3536,.F.);
#5040=ORIENTED_EDGE('',*,*,#3554,.T.);
#5041=ORIENTED_EDGE('',*,*,#3555,.F.);
#5042=ORIENTED_EDGE('',*,*,#3556,.F.);
#5043=ORIENTED_EDGE('',*,*,#3537,.F.);
#5044=ORIENTED_EDGE('',*,*,#3556,.T.);
#5045=ORIENTED_EDGE('',*,*,#3557,.F.);
#5046=ORIENTED_EDGE('',*,*,#3558,.F.);
#5047=ORIENTED_EDGE('',*,*,#3538,.F.);
#5048=ORIENTED_EDGE('',*,*,#3558,.T.);
#5049=ORIENTED_EDGE('',*,*,#3559,.F.);
#5050=ORIENTED_EDGE('',*,*,#3560,.F.);
#5051=ORIENTED_EDGE('',*,*,#3539,.F.);
#5052=ORIENTED_EDGE('',*,*,#3560,.T.);
#5053=ORIENTED_EDGE('',*,*,#3561,.F.);
#5054=ORIENTED_EDGE('',*,*,#3562,.T.);
#5055=ORIENTED_EDGE('',*,*,#3540,.F.);
#5056=ORIENTED_EDGE('',*,*,#3562,.F.);
#5057=ORIENTED_EDGE('',*,*,#3563,.F.);
#5058=ORIENTED_EDGE('',*,*,#3564,.F.);
#5059=ORIENTED_EDGE('',*,*,#3541,.F.);
#5060=ORIENTED_EDGE('',*,*,#3564,.T.);
#5061=ORIENTED_EDGE('',*,*,#3565,.F.);
#5062=ORIENTED_EDGE('',*,*,#3566,.F.);
#5063=ORIENTED_EDGE('',*,*,#3542,.F.);
#5064=ORIENTED_EDGE('',*,*,#3566,.T.);
#5065=ORIENTED_EDGE('',*,*,#3567,.F.);
#5066=ORIENTED_EDGE('',*,*,#3568,.F.);
#5067=ORIENTED_EDGE('',*,*,#3543,.F.);
#5068=ORIENTED_EDGE('',*,*,#3568,.T.);
#5069=ORIENTED_EDGE('',*,*,#3569,.F.);
#5070=ORIENTED_EDGE('',*,*,#3544,.F.);
#5071=ORIENTED_EDGE('',*,*,#3531,.F.);
#5072=ORIENTED_EDGE('',*,*,#3569,.T.);
#5073=ORIENTED_EDGE('',*,*,#3567,.T.);
#5074=ORIENTED_EDGE('',*,*,#3565,.T.);
#5075=ORIENTED_EDGE('',*,*,#3563,.T.);
#5076=ORIENTED_EDGE('',*,*,#3561,.T.);
#5077=ORIENTED_EDGE('',*,*,#3559,.T.);
#5078=ORIENTED_EDGE('',*,*,#3557,.T.);
#5079=ORIENTED_EDGE('',*,*,#3555,.T.);
#5080=ORIENTED_EDGE('',*,*,#3553,.T.);
#5081=ORIENTED_EDGE('',*,*,#3551,.T.);
#5082=ORIENTED_EDGE('',*,*,#3549,.T.);
#5083=ORIENTED_EDGE('',*,*,#3547,.T.);
#5084=ORIENTED_EDGE('',*,*,#3545,.T.);
#5085=ORIENTED_EDGE('',*,*,#3570,.T.);
#5086=ORIENTED_EDGE('',*,*,#3571,.T.);
#5087=ORIENTED_EDGE('',*,*,#3572,.T.);
#5088=ORIENTED_EDGE('',*,*,#3573,.T.);
#5089=ORIENTED_EDGE('',*,*,#3574,.T.);
#5090=ORIENTED_EDGE('',*,*,#3575,.T.);
#5091=ORIENTED_EDGE('',*,*,#3576,.T.);
#5092=ORIENTED_EDGE('',*,*,#3577,.T.);
#5093=ORIENTED_EDGE('',*,*,#3578,.T.);
#5094=ORIENTED_EDGE('',*,*,#3579,.T.);
#5095=ORIENTED_EDGE('',*,*,#3580,.T.);
#5096=ORIENTED_EDGE('',*,*,#3581,.T.);
#5097=ORIENTED_EDGE('',*,*,#3582,.T.);
#5098=ORIENTED_EDGE('',*,*,#3583,.T.);
#5099=ORIENTED_EDGE('',*,*,#3584,.F.);
#5100=ORIENTED_EDGE('',*,*,#3585,.F.);
#5101=ORIENTED_EDGE('',*,*,#3571,.F.);
#5102=ORIENTED_EDGE('',*,*,#3585,.T.);
#5103=ORIENTED_EDGE('',*,*,#3586,.F.);
#5104=ORIENTED_EDGE('',*,*,#3587,.F.);
#5105=ORIENTED_EDGE('',*,*,#3572,.F.);
#5106=ORIENTED_EDGE('',*,*,#3587,.T.);
#5107=ORIENTED_EDGE('',*,*,#3588,.F.);
#5108=ORIENTED_EDGE('',*,*,#3589,.F.);
#5109=ORIENTED_EDGE('',*,*,#3573,.F.);
#5110=ORIENTED_EDGE('',*,*,#3589,.T.);
#5111=ORIENTED_EDGE('',*,*,#3590,.F.);
#5112=ORIENTED_EDGE('',*,*,#3591,.F.);
#5113=ORIENTED_EDGE('',*,*,#3574,.F.);
#5114=ORIENTED_EDGE('',*,*,#3591,.T.);
#5115=ORIENTED_EDGE('',*,*,#3592,.F.);
#5116=ORIENTED_EDGE('',*,*,#3593,.F.);
#5117=ORIENTED_EDGE('',*,*,#3575,.F.);
#5118=ORIENTED_EDGE('',*,*,#3593,.T.);
#5119=ORIENTED_EDGE('',*,*,#3594,.F.);
#5120=ORIENTED_EDGE('',*,*,#3595,.F.);
#5121=ORIENTED_EDGE('',*,*,#3576,.F.);
#5122=ORIENTED_EDGE('',*,*,#3595,.T.);
#5123=ORIENTED_EDGE('',*,*,#3596,.F.);
#5124=ORIENTED_EDGE('',*,*,#3597,.F.);
#5125=ORIENTED_EDGE('',*,*,#3577,.F.);
#5126=ORIENTED_EDGE('',*,*,#3597,.T.);
#5127=ORIENTED_EDGE('',*,*,#3598,.F.);
#5128=ORIENTED_EDGE('',*,*,#3599,.F.);
#5129=ORIENTED_EDGE('',*,*,#3578,.F.);
#5130=ORIENTED_EDGE('',*,*,#3599,.T.);
#5131=ORIENTED_EDGE('',*,*,#3600,.F.);
#5132=ORIENTED_EDGE('',*,*,#3601,.T.);
#5133=ORIENTED_EDGE('',*,*,#3579,.F.);
#5134=ORIENTED_EDGE('',*,*,#3601,.F.);
#5135=ORIENTED_EDGE('',*,*,#3602,.F.);
#5136=ORIENTED_EDGE('',*,*,#3603,.F.);
#5137=ORIENTED_EDGE('',*,*,#3580,.F.);
#5138=ORIENTED_EDGE('',*,*,#3603,.T.);
#5139=ORIENTED_EDGE('',*,*,#3604,.F.);
#5140=ORIENTED_EDGE('',*,*,#3605,.F.);
#5141=ORIENTED_EDGE('',*,*,#3581,.F.);
#5142=ORIENTED_EDGE('',*,*,#3605,.T.);
#5143=ORIENTED_EDGE('',*,*,#3606,.F.);
#5144=ORIENTED_EDGE('',*,*,#3607,.F.);
#5145=ORIENTED_EDGE('',*,*,#3582,.F.);
#5146=ORIENTED_EDGE('',*,*,#3607,.T.);
#5147=ORIENTED_EDGE('',*,*,#3608,.F.);
#5148=ORIENTED_EDGE('',*,*,#3583,.F.);
#5149=ORIENTED_EDGE('',*,*,#3570,.F.);
#5150=ORIENTED_EDGE('',*,*,#3608,.T.);
#5151=ORIENTED_EDGE('',*,*,#3606,.T.);
#5152=ORIENTED_EDGE('',*,*,#3604,.T.);
#5153=ORIENTED_EDGE('',*,*,#3602,.T.);
#5154=ORIENTED_EDGE('',*,*,#3600,.T.);
#5155=ORIENTED_EDGE('',*,*,#3598,.T.);
#5156=ORIENTED_EDGE('',*,*,#3596,.T.);
#5157=ORIENTED_EDGE('',*,*,#3594,.T.);
#5158=ORIENTED_EDGE('',*,*,#3592,.T.);
#5159=ORIENTED_EDGE('',*,*,#3590,.T.);
#5160=ORIENTED_EDGE('',*,*,#3588,.T.);
#5161=ORIENTED_EDGE('',*,*,#3586,.T.);
#5162=ORIENTED_EDGE('',*,*,#3584,.T.);
#5163=ORIENTED_EDGE('',*,*,#3609,.T.);
#5164=ORIENTED_EDGE('',*,*,#3610,.T.);
#5165=ORIENTED_EDGE('',*,*,#3611,.T.);
#5166=ORIENTED_EDGE('',*,*,#3612,.T.);
#5167=ORIENTED_EDGE('',*,*,#3613,.T.);
#5168=ORIENTED_EDGE('',*,*,#3614,.T.);
#5169=ORIENTED_EDGE('',*,*,#3615,.T.);
#5170=ORIENTED_EDGE('',*,*,#3616,.T.);
#5171=ORIENTED_EDGE('',*,*,#3617,.T.);
#5172=ORIENTED_EDGE('',*,*,#3618,.T.);
#5173=ORIENTED_EDGE('',*,*,#3619,.T.);
#5174=ORIENTED_EDGE('',*,*,#3620,.T.);
#5175=ORIENTED_EDGE('',*,*,#3621,.T.);
#5176=ORIENTED_EDGE('',*,*,#3622,.T.);
#5177=ORIENTED_EDGE('',*,*,#3623,.F.);
#5178=ORIENTED_EDGE('',*,*,#3624,.F.);
#5179=ORIENTED_EDGE('',*,*,#3610,.F.);
#5180=ORIENTED_EDGE('',*,*,#3624,.T.);
#5181=ORIENTED_EDGE('',*,*,#3625,.F.);
#5182=ORIENTED_EDGE('',*,*,#3626,.F.);
#5183=ORIENTED_EDGE('',*,*,#3611,.F.);
#5184=ORIENTED_EDGE('',*,*,#3626,.T.);
#5185=ORIENTED_EDGE('',*,*,#3627,.F.);
#5186=ORIENTED_EDGE('',*,*,#3628,.F.);
#5187=ORIENTED_EDGE('',*,*,#3612,.F.);
#5188=ORIENTED_EDGE('',*,*,#3628,.T.);
#5189=ORIENTED_EDGE('',*,*,#3629,.F.);
#5190=ORIENTED_EDGE('',*,*,#3630,.F.);
#5191=ORIENTED_EDGE('',*,*,#3613,.F.);
#5192=ORIENTED_EDGE('',*,*,#3630,.T.);
#5193=ORIENTED_EDGE('',*,*,#3631,.F.);
#5194=ORIENTED_EDGE('',*,*,#3632,.F.);
#5195=ORIENTED_EDGE('',*,*,#3614,.F.);
#5196=ORIENTED_EDGE('',*,*,#3632,.T.);
#5197=ORIENTED_EDGE('',*,*,#3633,.F.);
#5198=ORIENTED_EDGE('',*,*,#3634,.F.);
#5199=ORIENTED_EDGE('',*,*,#3615,.F.);
#5200=ORIENTED_EDGE('',*,*,#3634,.T.);
#5201=ORIENTED_EDGE('',*,*,#3635,.F.);
#5202=ORIENTED_EDGE('',*,*,#3636,.F.);
#5203=ORIENTED_EDGE('',*,*,#3616,.F.);
#5204=ORIENTED_EDGE('',*,*,#3636,.T.);
#5205=ORIENTED_EDGE('',*,*,#3637,.F.);
#5206=ORIENTED_EDGE('',*,*,#3638,.F.);
#5207=ORIENTED_EDGE('',*,*,#3617,.F.);
#5208=ORIENTED_EDGE('',*,*,#3638,.T.);
#5209=ORIENTED_EDGE('',*,*,#3639,.F.);
#5210=ORIENTED_EDGE('',*,*,#3640,.T.);
#5211=ORIENTED_EDGE('',*,*,#3618,.F.);
#5212=ORIENTED_EDGE('',*,*,#3640,.F.);
#5213=ORIENTED_EDGE('',*,*,#3641,.F.);
#5214=ORIENTED_EDGE('',*,*,#3642,.F.);
#5215=ORIENTED_EDGE('',*,*,#3619,.F.);
#5216=ORIENTED_EDGE('',*,*,#3642,.T.);
#5217=ORIENTED_EDGE('',*,*,#3643,.F.);
#5218=ORIENTED_EDGE('',*,*,#3644,.F.);
#5219=ORIENTED_EDGE('',*,*,#3620,.F.);
#5220=ORIENTED_EDGE('',*,*,#3644,.T.);
#5221=ORIENTED_EDGE('',*,*,#3645,.F.);
#5222=ORIENTED_EDGE('',*,*,#3646,.F.);
#5223=ORIENTED_EDGE('',*,*,#3621,.F.);
#5224=ORIENTED_EDGE('',*,*,#3646,.T.);
#5225=ORIENTED_EDGE('',*,*,#3647,.F.);
#5226=ORIENTED_EDGE('',*,*,#3622,.F.);
#5227=ORIENTED_EDGE('',*,*,#3609,.F.);
#5228=ORIENTED_EDGE('',*,*,#3647,.T.);
#5229=ORIENTED_EDGE('',*,*,#3645,.T.);
#5230=ORIENTED_EDGE('',*,*,#3643,.T.);
#5231=ORIENTED_EDGE('',*,*,#3641,.T.);
#5232=ORIENTED_EDGE('',*,*,#3639,.T.);
#5233=ORIENTED_EDGE('',*,*,#3637,.T.);
#5234=ORIENTED_EDGE('',*,*,#3635,.T.);
#5235=ORIENTED_EDGE('',*,*,#3633,.T.);
#5236=ORIENTED_EDGE('',*,*,#3631,.T.);
#5237=ORIENTED_EDGE('',*,*,#3629,.T.);
#5238=ORIENTED_EDGE('',*,*,#3627,.T.);
#5239=ORIENTED_EDGE('',*,*,#3625,.T.);
#5240=ORIENTED_EDGE('',*,*,#3623,.T.);
#5241=ORIENTED_EDGE('',*,*,#3648,.T.);
#5242=ORIENTED_EDGE('',*,*,#3649,.T.);
#5243=ORIENTED_EDGE('',*,*,#3650,.T.);
#5244=ORIENTED_EDGE('',*,*,#3651,.T.);
#5245=ORIENTED_EDGE('',*,*,#3652,.T.);
#5246=ORIENTED_EDGE('',*,*,#3653,.T.);
#5247=ORIENTED_EDGE('',*,*,#3654,.T.);
#5248=ORIENTED_EDGE('',*,*,#3655,.T.);
#5249=ORIENTED_EDGE('',*,*,#3656,.T.);
#5250=ORIENTED_EDGE('',*,*,#3657,.T.);
#5251=ORIENTED_EDGE('',*,*,#3658,.T.);
#5252=ORIENTED_EDGE('',*,*,#3659,.T.);
#5253=ORIENTED_EDGE('',*,*,#3660,.T.);
#5254=ORIENTED_EDGE('',*,*,#3661,.T.);
#5255=ORIENTED_EDGE('',*,*,#3662,.F.);
#5256=ORIENTED_EDGE('',*,*,#3663,.F.);
#5257=ORIENTED_EDGE('',*,*,#3649,.F.);
#5258=ORIENTED_EDGE('',*,*,#3663,.T.);
#5259=ORIENTED_EDGE('',*,*,#3664,.F.);
#5260=ORIENTED_EDGE('',*,*,#3665,.F.);
#5261=ORIENTED_EDGE('',*,*,#3650,.F.);
#5262=ORIENTED_EDGE('',*,*,#3665,.T.);
#5263=ORIENTED_EDGE('',*,*,#3666,.F.);
#5264=ORIENTED_EDGE('',*,*,#3667,.F.);
#5265=ORIENTED_EDGE('',*,*,#3651,.F.);
#5266=ORIENTED_EDGE('',*,*,#3667,.T.);
#5267=ORIENTED_EDGE('',*,*,#3668,.F.);
#5268=ORIENTED_EDGE('',*,*,#3669,.F.);
#5269=ORIENTED_EDGE('',*,*,#3652,.F.);
#5270=ORIENTED_EDGE('',*,*,#3669,.T.);
#5271=ORIENTED_EDGE('',*,*,#3670,.F.);
#5272=ORIENTED_EDGE('',*,*,#3671,.F.);
#5273=ORIENTED_EDGE('',*,*,#3653,.F.);
#5274=ORIENTED_EDGE('',*,*,#3671,.T.);
#5275=ORIENTED_EDGE('',*,*,#3672,.F.);
#5276=ORIENTED_EDGE('',*,*,#3673,.F.);
#5277=ORIENTED_EDGE('',*,*,#3654,.F.);
#5278=ORIENTED_EDGE('',*,*,#3673,.T.);
#5279=ORIENTED_EDGE('',*,*,#3674,.F.);
#5280=ORIENTED_EDGE('',*,*,#3675,.F.);
#5281=ORIENTED_EDGE('',*,*,#3655,.F.);
#5282=ORIENTED_EDGE('',*,*,#3675,.T.);
#5283=ORIENTED_EDGE('',*,*,#3676,.F.);
#5284=ORIENTED_EDGE('',*,*,#3677,.F.);
#5285=ORIENTED_EDGE('',*,*,#3656,.F.);
#5286=ORIENTED_EDGE('',*,*,#3677,.T.);
#5287=ORIENTED_EDGE('',*,*,#3678,.F.);
#5288=ORIENTED_EDGE('',*,*,#3679,.T.);
#5289=ORIENTED_EDGE('',*,*,#3657,.F.);
#5290=ORIENTED_EDGE('',*,*,#3679,.F.);
#5291=ORIENTED_EDGE('',*,*,#3680,.F.);
#5292=ORIENTED_EDGE('',*,*,#3681,.F.);
#5293=ORIENTED_EDGE('',*,*,#3658,.F.);
#5294=ORIENTED_EDGE('',*,*,#3681,.T.);
#5295=ORIENTED_EDGE('',*,*,#3682,.F.);
#5296=ORIENTED_EDGE('',*,*,#3683,.F.);
#5297=ORIENTED_EDGE('',*,*,#3659,.F.);
#5298=ORIENTED_EDGE('',*,*,#3683,.T.);
#5299=ORIENTED_EDGE('',*,*,#3684,.F.);
#5300=ORIENTED_EDGE('',*,*,#3685,.F.);
#5301=ORIENTED_EDGE('',*,*,#3660,.F.);
#5302=ORIENTED_EDGE('',*,*,#3685,.T.);
#5303=ORIENTED_EDGE('',*,*,#3686,.F.);
#5304=ORIENTED_EDGE('',*,*,#3661,.F.);
#5305=ORIENTED_EDGE('',*,*,#3648,.F.);
#5306=ORIENTED_EDGE('',*,*,#3686,.T.);
#5307=ORIENTED_EDGE('',*,*,#3684,.T.);
#5308=ORIENTED_EDGE('',*,*,#3682,.T.);
#5309=ORIENTED_EDGE('',*,*,#3680,.T.);
#5310=ORIENTED_EDGE('',*,*,#3678,.T.);
#5311=ORIENTED_EDGE('',*,*,#3676,.T.);
#5312=ORIENTED_EDGE('',*,*,#3674,.T.);
#5313=ORIENTED_EDGE('',*,*,#3672,.T.);
#5314=ORIENTED_EDGE('',*,*,#3670,.T.);
#5315=ORIENTED_EDGE('',*,*,#3668,.T.);
#5316=ORIENTED_EDGE('',*,*,#3666,.T.);
#5317=ORIENTED_EDGE('',*,*,#3664,.T.);
#5318=ORIENTED_EDGE('',*,*,#3662,.T.);
#5319=ORIENTED_EDGE('',*,*,#3687,.F.);
#5320=ORIENTED_EDGE('',*,*,#3688,.T.);
#5321=ORIENTED_EDGE('',*,*,#3689,.F.);
#5322=ORIENTED_EDGE('',*,*,#3690,.F.);
#5323=ORIENTED_EDGE('',*,*,#3691,.F.);
#5324=ORIENTED_EDGE('',*,*,#3690,.T.);
#5325=ORIENTED_EDGE('',*,*,#3692,.F.);
#5326=ORIENTED_EDGE('',*,*,#3693,.F.);
#5327=ORIENTED_EDGE('',*,*,#3694,.F.);
#5328=ORIENTED_EDGE('',*,*,#3693,.T.);
#5329=ORIENTED_EDGE('',*,*,#3695,.F.);
#5330=ORIENTED_EDGE('',*,*,#3696,.F.);
#5331=ORIENTED_EDGE('',*,*,#3697,.F.);
#5332=ORIENTED_EDGE('',*,*,#3696,.T.);
#5333=ORIENTED_EDGE('',*,*,#3698,.F.);
#5334=ORIENTED_EDGE('',*,*,#3699,.F.);
#5335=ORIENTED_EDGE('',*,*,#3700,.F.);
#5336=ORIENTED_EDGE('',*,*,#3699,.T.);
#5337=ORIENTED_EDGE('',*,*,#3701,.F.);
#5338=ORIENTED_EDGE('',*,*,#3702,.F.);
#5339=ORIENTED_EDGE('',*,*,#3703,.F.);
#5340=ORIENTED_EDGE('',*,*,#3702,.T.);
#5341=ORIENTED_EDGE('',*,*,#3704,.F.);
#5342=ORIENTED_EDGE('',*,*,#3688,.F.);
#5343=ORIENTED_EDGE('',*,*,#3704,.T.);
#5344=ORIENTED_EDGE('',*,*,#3701,.T.);
#5345=ORIENTED_EDGE('',*,*,#3698,.T.);
#5346=ORIENTED_EDGE('',*,*,#3695,.T.);
#5347=ORIENTED_EDGE('',*,*,#3692,.T.);
#5348=ORIENTED_EDGE('',*,*,#3689,.T.);
#5349=ORIENTED_EDGE('',*,*,#3703,.T.);
#5350=ORIENTED_EDGE('',*,*,#3687,.T.);
#5351=ORIENTED_EDGE('',*,*,#3691,.T.);
#5352=ORIENTED_EDGE('',*,*,#3694,.T.);
#5353=ORIENTED_EDGE('',*,*,#3697,.T.);
#5354=ORIENTED_EDGE('',*,*,#3700,.T.);
#5355=ORIENTED_EDGE('',*,*,#3705,.T.);
#5356=ORIENTED_EDGE('',*,*,#3706,.T.);
#5357=ORIENTED_EDGE('',*,*,#3707,.T.);
#5358=ORIENTED_EDGE('',*,*,#3708,.F.);
#5359=ORIENTED_EDGE('',*,*,#3709,.T.);
#5360=ORIENTED_EDGE('',*,*,#3710,.T.);
#5361=ORIENTED_EDGE('',*,*,#3711,.T.);
#5362=ORIENTED_EDGE('',*,*,#3706,.F.);
#5363=ORIENTED_EDGE('',*,*,#3712,.T.);
#5364=ORIENTED_EDGE('',*,*,#3713,.T.);
#5365=ORIENTED_EDGE('',*,*,#3714,.T.);
#5366=ORIENTED_EDGE('',*,*,#3710,.F.);
#5367=ORIENTED_EDGE('',*,*,#3715,.T.);
#5368=ORIENTED_EDGE('',*,*,#3716,.T.);
#5369=ORIENTED_EDGE('',*,*,#3717,.T.);
#5370=ORIENTED_EDGE('',*,*,#3713,.F.);
#5371=ORIENTED_EDGE('',*,*,#3718,.T.);
#5372=ORIENTED_EDGE('',*,*,#3719,.T.);
#5373=ORIENTED_EDGE('',*,*,#3720,.T.);
#5374=ORIENTED_EDGE('',*,*,#3716,.F.);
#5375=ORIENTED_EDGE('',*,*,#3721,.T.);
#5376=ORIENTED_EDGE('',*,*,#3708,.T.);
#5377=ORIENTED_EDGE('',*,*,#3722,.T.);
#5378=ORIENTED_EDGE('',*,*,#3719,.F.);
#5379=ORIENTED_EDGE('',*,*,#3722,.F.);
#5380=ORIENTED_EDGE('',*,*,#3707,.F.);
#5381=ORIENTED_EDGE('',*,*,#3711,.F.);
#5382=ORIENTED_EDGE('',*,*,#3714,.F.);
#5383=ORIENTED_EDGE('',*,*,#3717,.F.);
#5384=ORIENTED_EDGE('',*,*,#3720,.F.);
#5385=ORIENTED_EDGE('',*,*,#3721,.F.);
#5386=ORIENTED_EDGE('',*,*,#3718,.F.);
#5387=ORIENTED_EDGE('',*,*,#3715,.F.);
#5388=ORIENTED_EDGE('',*,*,#3712,.F.);
#5389=ORIENTED_EDGE('',*,*,#3709,.F.);
#5390=ORIENTED_EDGE('',*,*,#3705,.F.);
#5391=PLANE('',#6003);
#5392=PLANE('',#6004);
#5393=PLANE('',#6005);
#5394=PLANE('',#6006);
#5395=PLANE('',#6007);
#5396=PLANE('',#6008);
#5397=PLANE('',#6009);
#5398=PLANE('',#6010);
#5399=PLANE('',#6011);
#5400=PLANE('',#6012);
#5401=PLANE('',#6013);
#5402=PLANE('',#6014);
#5403=PLANE('',#6015);
#5404=PLANE('',#6016);
#5405=PLANE('',#6017);
#5406=PLANE('',#6018);
#5407=PLANE('',#6019);
#5408=PLANE('',#6020);
#5409=PLANE('',#6021);
#5410=PLANE('',#6022);
#5411=PLANE('',#6023);
#5412=PLANE('',#6024);
#5413=PLANE('',#6025);
#5414=PLANE('',#6026);
#5415=PLANE('',#6027);
#5416=PLANE('',#6028);
#5417=PLANE('',#6029);
#5418=PLANE('',#6030);
#5419=PLANE('',#6031);
#5420=PLANE('',#6032);
#5421=PLANE('',#6033);
#5422=PLANE('',#6034);
#5423=PLANE('',#6035);
#5424=PLANE('',#6036);
#5425=PLANE('',#6037);
#5426=PLANE('',#6038);
#5427=PLANE('',#6039);
#5428=PLANE('',#6040);
#5429=PLANE('',#6041);
#5430=PLANE('',#6042);
#5431=PLANE('',#6043);
#5432=PLANE('',#6044);
#5433=PLANE('',#6045);
#5434=PLANE('',#6046);
#5435=PLANE('',#6047);
#5436=PLANE('',#6048);
#5437=PLANE('',#6049);
#5438=PLANE('',#6050);
#5439=PLANE('',#6051);
#5440=PLANE('',#6052);
#5441=PLANE('',#6053);
#5442=PLANE('',#6054);
#5443=PLANE('',#6055);
#5444=PLANE('',#6056);
#5445=PLANE('',#6057);
#5446=PLANE('',#6058);
#5447=PLANE('',#6059);
#5448=PLANE('',#6060);
#5449=PLANE('',#6061);
#5450=PLANE('',#6062);
#5451=PLANE('',#6063);
#5452=PLANE('',#6064);
#5453=PLANE('',#6065);
#5454=PLANE('',#6066);
#5455=PLANE('',#6067);
#5456=PLANE('',#6068);
#5457=PLANE('',#6069);
#5458=PLANE('',#6070);
#5459=PLANE('',#6071);
#5460=PLANE('',#6072);
#5461=PLANE('',#6073);
#5462=PLANE('',#6074);
#5463=PLANE('',#6075);
#5464=PLANE('',#6076);
#5465=PLANE('',#6077);
#5466=PLANE('',#6078);
#5467=PLANE('',#6079);
#5468=PLANE('',#6080);
#5469=PLANE('',#6081);
#5470=PLANE('',#6082);
#5471=PLANE('',#6083);
#5472=PLANE('',#6084);
#5473=PLANE('',#6085);
#5474=PLANE('',#6086);
#5475=PLANE('',#6087);
#5476=PLANE('',#6088);
#5477=PLANE('',#6089);
#5478=PLANE('',#6090);
#5479=PLANE('',#6091);
#5480=PLANE('',#6092);
#5481=PLANE('',#6093);
#5482=PLANE('',#6094);
#5483=PLANE('',#6095);
#5484=PLANE('',#6096);
#5485=PLANE('',#6097);
#5486=PLANE('',#6098);
#5487=PLANE('',#6099);
#5488=PLANE('',#6100);
#5489=PLANE('',#6101);
#5490=PLANE('',#6102);
#5491=PLANE('',#6103);
#5492=PLANE('',#6104);
#5493=PLANE('',#6105);
#5494=PLANE('',#6106);
#5495=PLANE('',#6107);
#5496=PLANE('',#6108);
#5497=PLANE('',#6109);
#5498=PLANE('',#6110);
#5499=PLANE('',#6111);
#5500=PLANE('',#6112);
#5501=PLANE('',#6113);
#5502=PLANE('',#6114);
#5503=PLANE('',#6115);
#5504=PLANE('',#6116);
#5505=PLANE('',#6117);
#5506=PLANE('',#6118);
#5507=PLANE('',#6119);
#5508=PLANE('',#6120);
#5509=PLANE('',#6121);
#5510=PLANE('',#6122);
#5511=PLANE('',#6123);
#5512=PLANE('',#6124);
#5513=PLANE('',#6125);
#5514=PLANE('',#6126);
#5515=PLANE('',#6127);
#5516=PLANE('',#6128);
#5517=PLANE('',#6129);
#5518=PLANE('',#6130);
#5519=PLANE('',#6131);
#5520=PLANE('',#6132);
#5521=PLANE('',#6133);
#5522=PLANE('',#6134);
#5523=PLANE('',#6135);
#5524=PLANE('',#6136);
#5525=PLANE('',#6137);
#5526=PLANE('',#6138);
#5527=PLANE('',#6139);
#5528=PLANE('',#6140);
#5529=PLANE('',#6141);
#5530=PLANE('',#6144);
#5531=PLANE('',#6145);
#5532=PLANE('',#6146);
#5533=PLANE('',#6147);
#5534=PLANE('',#6148);
#5535=PLANE('',#6149);
#5536=PLANE('',#6150);
#5537=PLANE('',#6151);
#5538=PLANE('',#6152);
#5539=PLANE('',#6155);
#5540=PLANE('',#6158);
#5541=PLANE('',#6159);
#5542=PLANE('',#6160);
#5543=PLANE('',#6163);
#5544=PLANE('',#6164);
#5545=PLANE('',#6165);
#5546=PLANE('',#6166);
#5547=PLANE('',#6167);
#5548=PLANE('',#6168);
#5549=PLANE('',#6169);
#5550=PLANE('',#6170);
#5551=PLANE('',#6171);
#5552=PLANE('',#6174);
#5553=PLANE('',#6177);
#5554=PLANE('',#6178);
#5555=PLANE('',#6179);
#5556=PLANE('',#6182);
#5557=PLANE('',#6183);
#5558=PLANE('',#6184);
#5559=PLANE('',#6185);
#5560=PLANE('',#6186);
#5561=PLANE('',#6187);
#5562=PLANE('',#6188);
#5563=PLANE('',#6189);
#5564=PLANE('',#6190);
#5565=PLANE('',#6193);
#5566=PLANE('',#6196);
#5567=PLANE('',#6197);
#5568=PLANE('',#6198);
#5569=PLANE('',#6201);
#5570=PLANE('',#6202);
#5571=PLANE('',#6203);
#5572=PLANE('',#6204);
#5573=PLANE('',#6205);
#5574=PLANE('',#6206);
#5575=PLANE('',#6207);
#5576=PLANE('',#6208);
#5577=PLANE('',#6209);
#5578=PLANE('',#6212);
#5579=PLANE('',#6215);
#5580=PLANE('',#6216);
#5581=PLANE('',#6217);
#5582=PLANE('',#6220);
#5583=PLANE('',#6221);
#5584=PLANE('',#6222);
#5585=PLANE('',#6223);
#5586=PLANE('',#6224);
#5587=PLANE('',#6225);
#5588=PLANE('',#6226);
#5589=PLANE('',#6227);
#5590=PLANE('',#6228);
#5591=PLANE('',#6231);
#5592=PLANE('',#6234);
#5593=PLANE('',#6235);
#5594=PLANE('',#6236);
#5595=PLANE('',#6239);
#5596=PLANE('',#6240);
#5597=PLANE('',#6241);
#5598=PLANE('',#6242);
#5599=PLANE('',#6243);
#5600=PLANE('',#6244);
#5601=PLANE('',#6245);
#5602=PLANE('',#6246);
#5603=PLANE('',#6247);
#5604=PLANE('',#6250);
#5605=PLANE('',#6253);
#5606=PLANE('',#6254);
#5607=PLANE('',#6255);
#5608=PLANE('',#6258);
#5609=PLANE('',#6259);
#5610=PLANE('',#6260);
#5611=PLANE('',#6261);
#5612=PLANE('',#6262);
#5613=PLANE('',#6263);
#5614=PLANE('',#6264);
#5615=PLANE('',#6265);
#5616=PLANE('',#6266);
#5617=PLANE('',#6269);
#5618=PLANE('',#6272);
#5619=PLANE('',#6273);
#5620=PLANE('',#6274);
#5621=PLANE('',#6277);
#5622=PLANE('',#6278);
#5623=PLANE('',#6279);
#5624=PLANE('',#6280);
#5625=PLANE('',#6281);
#5626=PLANE('',#6282);
#5627=PLANE('',#6283);
#5628=PLANE('',#6284);
#5629=PLANE('',#6285);
#5630=PLANE('',#6288);
#5631=PLANE('',#6291);
#5632=PLANE('',#6292);
#5633=PLANE('',#6293);
#5634=PLANE('',#6296);
#5635=PLANE('',#6297);
#5636=PLANE('',#6298);
#5637=PLANE('',#6299);
#5638=PLANE('',#6300);
#5639=PLANE('',#6301);
#5640=PLANE('',#6302);
#5641=PLANE('',#6303);
#5642=PLANE('',#6304);
#5643=PLANE('',#6307);
#5644=PLANE('',#6310);
#5645=PLANE('',#6311);
#5646=PLANE('',#6312);
#5647=PLANE('',#6315);
#5648=PLANE('',#6316);
#5649=PLANE('',#6317);
#5650=PLANE('',#6318);
#5651=PLANE('',#6319);
#5652=PLANE('',#6320);
#5653=PLANE('',#6321);
#5654=PLANE('',#6322);
#5655=PLANE('',#6323);
#5656=PLANE('',#6326);
#5657=PLANE('',#6329);
#5658=PLANE('',#6330);
#5659=PLANE('',#6334);
#5660=PLANE('',#6335);
#5661=PLANE('',#6336);
#5662=PLANE('',#6337);
#5663=PLANE('',#6338);
#5664=PLANE('',#6339);
#5665=PLANE('',#6340);
#5666=PLANE('',#6344);
#5667=PLANE('',#6345);
#5668=PLANE('',#6346);
#5669=PLANE('',#6347);
#5670=PLANE('',#6348);
#5671=PLANE('',#6349);
#5672=PLANE('',#6350);
#5673=ADVANCED_FACE('',(#125),#5391,.T.);
#5674=ADVANCED_FACE('',(#126),#5392,.T.);
#5675=ADVANCED_FACE('',(#127),#5393,.T.);
#5676=ADVANCED_FACE('',(#128),#5394,.F.);
#5677=ADVANCED_FACE('',(#129),#5395,.F.);
#5678=ADVANCED_FACE('',(#130),#5396,.F.);
#5679=ADVANCED_FACE('',(#131),#5397,.F.);
#5680=ADVANCED_FACE('',(#132),#5398,.F.);
#5681=ADVANCED_FACE('',(#133),#5399,.F.);
#5682=ADVANCED_FACE('',(#134),#5400,.F.);
#5683=ADVANCED_FACE('',(#135),#5401,.F.);
#5684=ADVANCED_FACE('',(#136),#5402,.T.);
#5685=ADVANCED_FACE('',(#137),#5403,.T.);
#5686=ADVANCED_FACE('',(#138),#5404,.T.);
#5687=ADVANCED_FACE('',(#139),#5405,.T.);
#5688=ADVANCED_FACE('',(#140),#5406,.T.);
#5689=ADVANCED_FACE('',(#141),#5407,.T.);
#5690=ADVANCED_FACE('',(#142),#5408,.T.);
#5691=ADVANCED_FACE('',(#143),#5409,.F.);
#5692=ADVANCED_FACE('',(#144),#5410,.F.);
#5693=ADVANCED_FACE('',(#145),#5411,.F.);
#5694=ADVANCED_FACE('',(#146),#5412,.T.);
#5695=ADVANCED_FACE('',(#147),#5413,.T.);
#5696=ADVANCED_FACE('',(#148),#5414,.F.);
#5697=ADVANCED_FACE('',(#149),#5415,.F.);
#5698=ADVANCED_FACE('',(#150),#5416,.T.);
#5699=ADVANCED_FACE('',(#151),#5417,.T.);
#5700=ADVANCED_FACE('',(#152),#5418,.T.);
#5701=ADVANCED_FACE('',(#153),#5419,.F.);
#5702=ADVANCED_FACE('',(#154),#5420,.F.);
#5703=ADVANCED_FACE('',(#155),#5421,.F.);
#5704=ADVANCED_FACE('',(#156),#5422,.T.);
#5705=ADVANCED_FACE('',(#157),#5423,.T.);
#5706=ADVANCED_FACE('',(#158),#5424,.F.);
#5707=ADVANCED_FACE('',(#159),#5425,.F.);
#5708=ADVANCED_FACE('',(#160),#5426,.F.);
#5709=ADVANCED_FACE('',(#161),#5427,.F.);
#5710=ADVANCED_FACE('',(#162),#5428,.F.);
#5711=ADVANCED_FACE('',(#163),#5429,.T.);
#5712=ADVANCED_FACE('',(#164),#5430,.T.);
#5713=ADVANCED_FACE('',(#165),#5431,.F.);
#5714=ADVANCED_FACE('',(#166),#5432,.F.);
#5715=ADVANCED_FACE('',(#167),#5433,.T.);
#5716=ADVANCED_FACE('',(#168),#5434,.T.);
#5717=ADVANCED_FACE('',(#169),#5435,.F.);
#5718=ADVANCED_FACE('',(#170),#5436,.F.);
#5719=ADVANCED_FACE('',(#171),#5437,.F.);
#5720=ADVANCED_FACE('',(#172),#5438,.T.);
#5721=ADVANCED_FACE('',(#173),#5439,.T.);
#5722=ADVANCED_FACE('',(#174),#5440,.F.);
#5723=ADVANCED_FACE('',(#175),#5441,.F.);
#5724=ADVANCED_FACE('',(#176),#5442,.F.);
#5725=ADVANCED_FACE('',(#177),#5443,.F.);
#5726=ADVANCED_FACE('',(#178),#5444,.F.);
#5727=ADVANCED_FACE('',(#179),#5445,.T.);
#5728=ADVANCED_FACE('',(#180),#5446,.T.);
#5729=ADVANCED_FACE('',(#181),#5447,.F.);
#5730=ADVANCED_FACE('',(#182),#5448,.F.);
#5731=ADVANCED_FACE('',(#183),#5449,.T.);
#5732=ADVANCED_FACE('',(#184),#5450,.T.);
#5733=ADVANCED_FACE('',(#185),#5451,.F.);
#5734=ADVANCED_FACE('',(#186),#5452,.F.);
#5735=ADVANCED_FACE('',(#187),#5453,.F.);
#5736=ADVANCED_FACE('',(#188),#5454,.T.);
#5737=ADVANCED_FACE('',(#189),#5455,.T.);
#5738=ADVANCED_FACE('',(#190),#5456,.F.);
#5739=ADVANCED_FACE('',(#191),#5457,.F.);
#5740=ADVANCED_FACE('',(#192),#5458,.F.);
#5741=ADVANCED_FACE('',(#193),#5459,.F.);
#5742=ADVANCED_FACE('',(#194),#5460,.F.);
#5743=ADVANCED_FACE('',(#195),#5461,.T.);
#5744=ADVANCED_FACE('',(#196),#5462,.T.);
#5745=ADVANCED_FACE('',(#197),#5463,.F.);
#5746=ADVANCED_FACE('',(#198),#5464,.F.);
#5747=ADVANCED_FACE('',(#199),#5465,.T.);
#5748=ADVANCED_FACE('',(#200),#5466,.T.);
#5749=ADVANCED_FACE('',(#201),#5467,.F.);
#5750=ADVANCED_FACE('',(#202),#5468,.F.);
#5751=ADVANCED_FACE('',(#203),#5469,.F.);
#5752=ADVANCED_FACE('',(#204),#5470,.T.);
#5753=ADVANCED_FACE('',(#205),#5471,.T.);
#5754=ADVANCED_FACE('',(#206),#5472,.F.);
#5755=ADVANCED_FACE('',(#207),#5473,.F.);
#5756=ADVANCED_FACE('',(#208),#5474,.F.);
#5757=ADVANCED_FACE('',(#209),#5475,.F.);
#5758=ADVANCED_FACE('',(#210),#5476,.F.);
#5759=ADVANCED_FACE('',(#211),#5477,.T.);
#5760=ADVANCED_FACE('',(#212),#5478,.T.);
#5761=ADVANCED_FACE('',(#213),#5479,.F.);
#5762=ADVANCED_FACE('',(#214),#5480,.F.);
#5763=ADVANCED_FACE('',(#215),#5481,.T.);
#5764=ADVANCED_FACE('',(#216),#5482,.T.);
#5765=ADVANCED_FACE('',(#217),#5483,.F.);
#5766=ADVANCED_FACE('',(#218),#5484,.F.);
#5767=ADVANCED_FACE('',(#219),#5485,.F.);
#5768=ADVANCED_FACE('',(#220),#5486,.T.);
#5769=ADVANCED_FACE('',(#221),#5487,.T.);
#5770=ADVANCED_FACE('',(#222),#5488,.F.);
#5771=ADVANCED_FACE('',(#223),#5489,.F.);
#5772=ADVANCED_FACE('',(#224),#5490,.F.);
#5773=ADVANCED_FACE('',(#225),#5491,.F.);
#5774=ADVANCED_FACE('',(#226),#5492,.F.);
#5775=ADVANCED_FACE('',(#227),#5493,.F.);
#5776=ADVANCED_FACE('',(#228),#5494,.F.);
#5777=ADVANCED_FACE('',(#229),#5495,.F.);
#5778=ADVANCED_FACE('',(#230),#5496,.F.);
#5779=ADVANCED_FACE('',(#231),#5497,.F.);
#5780=ADVANCED_FACE('',(#232),#5498,.F.);
#5781=ADVANCED_FACE('',(#233),#5499,.F.);
#5782=ADVANCED_FACE('',(#234),#5500,.T.);
#5783=ADVANCED_FACE('',(#235),#5501,.T.);
#5784=ADVANCED_FACE('',(#236),#5502,.T.);
#5785=ADVANCED_FACE('',(#237),#5503,.F.);
#5786=ADVANCED_FACE('',(#238),#5504,.F.);
#5787=ADVANCED_FACE('',(#239),#5505,.F.);
#5788=ADVANCED_FACE('',(#240),#5506,.F.);
#5789=ADVANCED_FACE('',(#241),#5507,.F.);
#5790=ADVANCED_FACE('',(#242),#5508,.F.);
#5791=ADVANCED_FACE('',(#243),#5509,.T.);
#5792=ADVANCED_FACE('',(#244),#5510,.F.);
#5793=ADVANCED_FACE('',(#245),#5511,.F.);
#5794=ADVANCED_FACE('',(#246),#5512,.F.);
#5795=ADVANCED_FACE('',(#247,#105,#106,#107,#108,#109,#110,#111,#112,#113,
#114),#5513,.F.);
#5796=ADVANCED_FACE('',(#248),#5514,.F.);
#5797=ADVANCED_FACE('',(#249),#5515,.T.);
#5798=ADVANCED_FACE('',(#250),#5516,.T.);
#5799=ADVANCED_FACE('',(#251),#5517,.T.);
#5800=ADVANCED_FACE('',(#252,#115,#116,#117,#118,#119,#120,#121,#122,#123,
#124),#5518,.T.);
#5801=ADVANCED_FACE('',(#253),#5519,.T.);
#5802=ADVANCED_FACE('',(#254),#5520,.T.);
#5803=ADVANCED_FACE('',(#255),#5521,.T.);
#5804=ADVANCED_FACE('',(#256),#5522,.T.);
#5805=ADVANCED_FACE('',(#257),#5523,.T.);
#5806=ADVANCED_FACE('',(#258),#5524,.T.);
#5807=ADVANCED_FACE('',(#259),#5525,.T.);
#5808=ADVANCED_FACE('',(#260),#5526,.T.);
#5809=ADVANCED_FACE('',(#261),#5527,.T.);
#5810=ADVANCED_FACE('',(#262),#5528,.T.);
#5811=ADVANCED_FACE('',(#263),#5529,.F.);
#5812=ADVANCED_FACE('',(#264),#5530,.T.);
#5813=ADVANCED_FACE('',(#265),#5531,.T.);
#5814=ADVANCED_FACE('',(#266),#5532,.T.);
#5815=ADVANCED_FACE('',(#267),#5533,.T.);
#5816=ADVANCED_FACE('',(#268),#5534,.T.);
#5817=ADVANCED_FACE('',(#269),#5535,.T.);
#5818=ADVANCED_FACE('',(#270),#5536,.T.);
#5819=ADVANCED_FACE('',(#271),#5537,.T.);
#5820=ADVANCED_FACE('',(#272),#5538,.T.);
#5821=ADVANCED_FACE('',(#273),#13,.F.);
#5822=ADVANCED_FACE('',(#274),#5539,.T.);
#5823=ADVANCED_FACE('',(#275),#14,.T.);
#5824=ADVANCED_FACE('',(#276),#5540,.T.);
#5825=ADVANCED_FACE('',(#277),#5541,.T.);
#5826=ADVANCED_FACE('',(#278),#5542,.F.);
#5827=ADVANCED_FACE('',(#279),#5543,.T.);
#5828=ADVANCED_FACE('',(#280),#5544,.T.);
#5829=ADVANCED_FACE('',(#281),#5545,.T.);
#5830=ADVANCED_FACE('',(#282),#5546,.T.);
#5831=ADVANCED_FACE('',(#283),#5547,.T.);
#5832=ADVANCED_FACE('',(#284),#5548,.T.);
#5833=ADVANCED_FACE('',(#285),#5549,.T.);
#5834=ADVANCED_FACE('',(#286),#5550,.T.);
#5835=ADVANCED_FACE('',(#287),#5551,.T.);
#5836=ADVANCED_FACE('',(#288),#15,.F.);
#5837=ADVANCED_FACE('',(#289),#5552,.T.);
#5838=ADVANCED_FACE('',(#290),#16,.T.);
#5839=ADVANCED_FACE('',(#291),#5553,.T.);
#5840=ADVANCED_FACE('',(#292),#5554,.T.);
#5841=ADVANCED_FACE('',(#293),#5555,.F.);
#5842=ADVANCED_FACE('',(#294),#5556,.T.);
#5843=ADVANCED_FACE('',(#295),#5557,.T.);
#5844=ADVANCED_FACE('',(#296),#5558,.T.);
#5845=ADVANCED_FACE('',(#297),#5559,.T.);
#5846=ADVANCED_FACE('',(#298),#5560,.T.);
#5847=ADVANCED_FACE('',(#299),#5561,.T.);
#5848=ADVANCED_FACE('',(#300),#5562,.T.);
#5849=ADVANCED_FACE('',(#301),#5563,.T.);
#5850=ADVANCED_FACE('',(#302),#5564,.T.);
#5851=ADVANCED_FACE('',(#303),#17,.F.);
#5852=ADVANCED_FACE('',(#304),#5565,.T.);
#5853=ADVANCED_FACE('',(#305),#18,.T.);
#5854=ADVANCED_FACE('',(#306),#5566,.T.);
#5855=ADVANCED_FACE('',(#307),#5567,.T.);
#5856=ADVANCED_FACE('',(#308),#5568,.F.);
#5857=ADVANCED_FACE('',(#309),#5569,.T.);
#5858=ADVANCED_FACE('',(#310),#5570,.T.);
#5859=ADVANCED_FACE('',(#311),#5571,.T.);
#5860=ADVANCED_FACE('',(#312),#5572,.T.);
#5861=ADVANCED_FACE('',(#313),#5573,.T.);
#5862=ADVANCED_FACE('',(#314),#5574,.T.);
#5863=ADVANCED_FACE('',(#315),#5575,.T.);
#5864=ADVANCED_FACE('',(#316),#5576,.T.);
#5865=ADVANCED_FACE('',(#317),#5577,.T.);
#5866=ADVANCED_FACE('',(#318),#19,.F.);
#5867=ADVANCED_FACE('',(#319),#5578,.T.);
#5868=ADVANCED_FACE('',(#320),#20,.T.);
#5869=ADVANCED_FACE('',(#321),#5579,.T.);
#5870=ADVANCED_FACE('',(#322),#5580,.T.);
#5871=ADVANCED_FACE('',(#323),#5581,.F.);
#5872=ADVANCED_FACE('',(#324),#5582,.T.);
#5873=ADVANCED_FACE('',(#325),#5583,.T.);
#5874=ADVANCED_FACE('',(#326),#5584,.T.);
#5875=ADVANCED_FACE('',(#327),#5585,.T.);
#5876=ADVANCED_FACE('',(#328),#5586,.T.);
#5877=ADVANCED_FACE('',(#329),#5587,.T.);
#5878=ADVANCED_FACE('',(#330),#5588,.T.);
#5879=ADVANCED_FACE('',(#331),#5589,.T.);
#5880=ADVANCED_FACE('',(#332),#5590,.T.);
#5881=ADVANCED_FACE('',(#333),#21,.F.);
#5882=ADVANCED_FACE('',(#334),#5591,.T.);
#5883=ADVANCED_FACE('',(#335),#22,.T.);
#5884=ADVANCED_FACE('',(#336),#5592,.T.);
#5885=ADVANCED_FACE('',(#337),#5593,.T.);
#5886=ADVANCED_FACE('',(#338),#5594,.F.);
#5887=ADVANCED_FACE('',(#339),#5595,.T.);
#5888=ADVANCED_FACE('',(#340),#5596,.T.);
#5889=ADVANCED_FACE('',(#341),#5597,.T.);
#5890=ADVANCED_FACE('',(#342),#5598,.T.);
#5891=ADVANCED_FACE('',(#343),#5599,.T.);
#5892=ADVANCED_FACE('',(#344),#5600,.T.);
#5893=ADVANCED_FACE('',(#345),#5601,.T.);
#5894=ADVANCED_FACE('',(#346),#5602,.T.);
#5895=ADVANCED_FACE('',(#347),#5603,.T.);
#5896=ADVANCED_FACE('',(#348),#23,.F.);
#5897=ADVANCED_FACE('',(#349),#5604,.T.);
#5898=ADVANCED_FACE('',(#350),#24,.T.);
#5899=ADVANCED_FACE('',(#351),#5605,.T.);
#5900=ADVANCED_FACE('',(#352),#5606,.T.);
#5901=ADVANCED_FACE('',(#353),#5607,.F.);
#5902=ADVANCED_FACE('',(#354),#5608,.T.);
#5903=ADVANCED_FACE('',(#355),#5609,.T.);
#5904=ADVANCED_FACE('',(#356),#5610,.T.);
#5905=ADVANCED_FACE('',(#357),#5611,.T.);
#5906=ADVANCED_FACE('',(#358),#5612,.T.);
#5907=ADVANCED_FACE('',(#359),#5613,.T.);
#5908=ADVANCED_FACE('',(#360),#5614,.T.);
#5909=ADVANCED_FACE('',(#361),#5615,.T.);
#5910=ADVANCED_FACE('',(#362),#5616,.T.);
#5911=ADVANCED_FACE('',(#363),#25,.F.);
#5912=ADVANCED_FACE('',(#364),#5617,.T.);
#5913=ADVANCED_FACE('',(#365),#26,.T.);
#5914=ADVANCED_FACE('',(#366),#5618,.T.);
#5915=ADVANCED_FACE('',(#367),#5619,.T.);
#5916=ADVANCED_FACE('',(#368),#5620,.F.);
#5917=ADVANCED_FACE('',(#369),#5621,.T.);
#5918=ADVANCED_FACE('',(#370),#5622,.T.);
#5919=ADVANCED_FACE('',(#371),#5623,.T.);
#5920=ADVANCED_FACE('',(#372),#5624,.T.);
#5921=ADVANCED_FACE('',(#373),#5625,.T.);
#5922=ADVANCED_FACE('',(#374),#5626,.T.);
#5923=ADVANCED_FACE('',(#375),#5627,.T.);
#5924=ADVANCED_FACE('',(#376),#5628,.T.);
#5925=ADVANCED_FACE('',(#377),#5629,.T.);
#5926=ADVANCED_FACE('',(#378),#27,.F.);
#5927=ADVANCED_FACE('',(#379),#5630,.T.);
#5928=ADVANCED_FACE('',(#380),#28,.T.);
#5929=ADVANCED_FACE('',(#381),#5631,.T.);
#5930=ADVANCED_FACE('',(#382),#5632,.T.);
#5931=ADVANCED_FACE('',(#383),#5633,.F.);
#5932=ADVANCED_FACE('',(#384),#5634,.T.);
#5933=ADVANCED_FACE('',(#385),#5635,.T.);
#5934=ADVANCED_FACE('',(#386),#5636,.T.);
#5935=ADVANCED_FACE('',(#387),#5637,.T.);
#5936=ADVANCED_FACE('',(#388),#5638,.T.);
#5937=ADVANCED_FACE('',(#389),#5639,.T.);
#5938=ADVANCED_FACE('',(#390),#5640,.T.);
#5939=ADVANCED_FACE('',(#391),#5641,.T.);
#5940=ADVANCED_FACE('',(#392),#5642,.T.);
#5941=ADVANCED_FACE('',(#393),#29,.F.);
#5942=ADVANCED_FACE('',(#394),#5643,.T.);
#5943=ADVANCED_FACE('',(#395),#30,.T.);
#5944=ADVANCED_FACE('',(#396),#5644,.T.);
#5945=ADVANCED_FACE('',(#397),#5645,.T.);
#5946=ADVANCED_FACE('',(#398),#5646,.F.);
#5947=ADVANCED_FACE('',(#399),#5647,.T.);
#5948=ADVANCED_FACE('',(#400),#5648,.T.);
#5949=ADVANCED_FACE('',(#401),#5649,.T.);
#5950=ADVANCED_FACE('',(#402),#5650,.T.);
#5951=ADVANCED_FACE('',(#403),#5651,.T.);
#5952=ADVANCED_FACE('',(#404),#5652,.T.);
#5953=ADVANCED_FACE('',(#405),#5653,.T.);
#5954=ADVANCED_FACE('',(#406),#5654,.T.);
#5955=ADVANCED_FACE('',(#407),#5655,.T.);
#5956=ADVANCED_FACE('',(#408),#31,.F.);
#5957=ADVANCED_FACE('',(#409),#5656,.T.);
#5958=ADVANCED_FACE('',(#410),#32,.T.);
#5959=ADVANCED_FACE('',(#411),#5657,.T.);
#5960=ADVANCED_FACE('',(#412),#5658,.T.);
#5961=ADVANCED_FACE('',(#413),#33,.F.);
#5962=ADVANCED_FACE('',(#414),#5659,.T.);
#5963=ADVANCED_FACE('',(#415),#5660,.T.);
#5964=ADVANCED_FACE('',(#416),#5661,.T.);
#5965=ADVANCED_FACE('',(#417),#5662,.T.);
#5966=ADVANCED_FACE('',(#418),#5663,.T.);
#5967=ADVANCED_FACE('',(#419),#5664,.T.);
#5968=ADVANCED_FACE('',(#420),#5665,.F.);
#5969=ADVANCED_FACE('',(#421),#34,.F.);
#5970=ADVANCED_FACE('',(#422),#5666,.F.);
#5971=ADVANCED_FACE('',(#423),#5667,.F.);
#5972=ADVANCED_FACE('',(#424),#5668,.F.);
#5973=ADVANCED_FACE('',(#425),#5669,.F.);
#5974=ADVANCED_FACE('',(#426),#5670,.F.);
#5975=ADVANCED_FACE('',(#427),#5671,.F.);
#5976=ADVANCED_FACE('',(#428),#5672,.T.);
#5977=CLOSED_SHELL('',(#5673,#5674,#5675,#5676,#5677,#5678,#5679,#5680,
#5681,#5682,#5683,#5684,#5685,#5686,#5687,#5688,#5689,#5690,#5691,#5692,
#5693,#5694,#5695,#5696,#5697,#5698,#5699,#5700,#5701,#5702,#5703,#5704,
#5705,#5706,#5707,#5708,#5709,#5710,#5711,#5712,#5713,#5714,#5715,#5716,
#5717,#5718,#5719,#5720,#5721,#5722,#5723,#5724,#5725,#5726,#5727,#5728,
#5729,#5730,#5731,#5732,#5733,#5734,#5735,#5736,#5737,#5738,#5739,#5740,
#5741,#5742,#5743,#5744,#5745,#5746,#5747,#5748,#5749,#5750,#5751,#5752,
#5753,#5754,#5755,#5756,#5757,#5758,#5759,#5760,#5761,#5762,#5763,#5764,
#5765,#5766,#5767,#5768,#5769,#5770,#5771,#5772,#5773,#5774,#5775,#5776,
#5777,#5778,#5779,#5780,#5781,#5782,#5783,#5784,#5785,#5786,#5787,#5788,
#5789,#5790,#5791,#5792,#5793,#5794,#5795,#5796,#5797,#5798,#5799,#5800,
#5801,#5802,#5803,#5804,#5805,#5806,#5807,#5808,#5809,#5810));
#5978=CLOSED_SHELL('',(#5811,#5812,#5813,#5814,#5815,#5816,#5817,#5818,
#5819,#5820,#5821,#5822,#5823,#5824,#5825));
#5979=CLOSED_SHELL('',(#5826,#5827,#5828,#5829,#5830,#5831,#5832,#5833,
#5834,#5835,#5836,#5837,#5838,#5839,#5840));
#5980=CLOSED_SHELL('',(#5841,#5842,#5843,#5844,#5845,#5846,#5847,#5848,
#5849,#5850,#5851,#5852,#5853,#5854,#5855));
#5981=CLOSED_SHELL('',(#5856,#5857,#5858,#5859,#5860,#5861,#5862,#5863,
#5864,#5865,#5866,#5867,#5868,#5869,#5870));
#5982=CLOSED_SHELL('',(#5871,#5872,#5873,#5874,#5875,#5876,#5877,#5878,
#5879,#5880,#5881,#5882,#5883,#5884,#5885));
#5983=CLOSED_SHELL('',(#5886,#5887,#5888,#5889,#5890,#5891,#5892,#5893,
#5894,#5895,#5896,#5897,#5898,#5899,#5900));
#5984=CLOSED_SHELL('',(#5901,#5902,#5903,#5904,#5905,#5906,#5907,#5908,
#5909,#5910,#5911,#5912,#5913,#5914,#5915));
#5985=CLOSED_SHELL('',(#5916,#5917,#5918,#5919,#5920,#5921,#5922,#5923,
#5924,#5925,#5926,#5927,#5928,#5929,#5930));
#5986=CLOSED_SHELL('',(#5931,#5932,#5933,#5934,#5935,#5936,#5937,#5938,
#5939,#5940,#5941,#5942,#5943,#5944,#5945));
#5987=CLOSED_SHELL('',(#5946,#5947,#5948,#5949,#5950,#5951,#5952,#5953,
#5954,#5955,#5956,#5957,#5958,#5959,#5960));
#5988=CLOSED_SHELL('',(#5961,#5962,#5963,#5964,#5965,#5966,#5967,#5968));
#5989=CLOSED_SHELL('',(#5969,#5970,#5971,#5972,#5973,#5974,#5975,#5976));
#5990=DERIVED_UNIT_ELEMENT(#5992,1.);
#5991=DERIVED_UNIT_ELEMENT(#9539,-3.);
#5992=(
MASS_UNIT()
NAMED_UNIT(*)
SI_UNIT(.KILO.,.GRAM.)
);
#5993=DERIVED_UNIT((#5990,#5991));
#5994=MEASURE_REPRESENTATION_ITEM('density measure',
POSITIVE_RATIO_MEASURE(7850.),#5993);
#5995=PROPERTY_DEFINITION_REPRESENTATION(#6000,#5997);
#5996=PROPERTY_DEFINITION_REPRESENTATION(#6001,#5998);
#5997=REPRESENTATION('material name',(#5999),#9536);
#5998=REPRESENTATION('density',(#5994),#9536);
#5999=DESCRIPTIVE_REPRESENTATION_ITEM('Steel','Steel');
#6000=PROPERTY_DEFINITION('material property','material name',#9546);
#6001=PROPERTY_DEFINITION('material property','density of part',#9546);
#6002=AXIS2_PLACEMENT_3D('',#7839,#6351,#6352);
#6003=AXIS2_PLACEMENT_3D('',#7840,#6353,#6354);
#6004=AXIS2_PLACEMENT_3D('',#7849,#6359,#6360);
#6005=AXIS2_PLACEMENT_3D('',#7855,#6364,#6365);
#6006=AXIS2_PLACEMENT_3D('',#7887,#6382,#6383);
#6007=AXIS2_PLACEMENT_3D('',#7893,#6387,#6388);
#6008=AXIS2_PLACEMENT_3D('',#7899,#6392,#6393);
#6009=AXIS2_PLACEMENT_3D('',#7903,#6396,#6397);
#6010=AXIS2_PLACEMENT_3D('',#7907,#6400,#6401);
#6011=AXIS2_PLACEMENT_3D('',#7909,#6403,#6404);
#6012=AXIS2_PLACEMENT_3D('',#7911,#6406,#6407);
#6013=AXIS2_PLACEMENT_3D('',#7920,#6412,#6413);
#6014=AXIS2_PLACEMENT_3D('',#7926,#6417,#6418);
#6015=AXIS2_PLACEMENT_3D('',#7958,#6435,#6436);
#6016=AXIS2_PLACEMENT_3D('',#7964,#6440,#6441);
#6017=AXIS2_PLACEMENT_3D('',#7968,#6444,#6445);
#6018=AXIS2_PLACEMENT_3D('',#7974,#6449,#6450);
#6019=AXIS2_PLACEMENT_3D('',#7978,#6453,#6454);
#6020=AXIS2_PLACEMENT_3D('',#7980,#6456,#6457);
#6021=AXIS2_PLACEMENT_3D('',#7982,#6459,#6460);
#6022=AXIS2_PLACEMENT_3D('',#7991,#6465,#6466);
#6023=AXIS2_PLACEMENT_3D('',#8000,#6471,#6472);
#6024=AXIS2_PLACEMENT_3D('',#8006,#6476,#6477);
#6025=AXIS2_PLACEMENT_3D('',#8012,#6481,#6482);
#6026=AXIS2_PLACEMENT_3D('',#8021,#6487,#6488);
#6027=AXIS2_PLACEMENT_3D('',#8024,#6491,#6492);
#6028=AXIS2_PLACEMENT_3D('',#8027,#6495,#6496);
#6029=AXIS2_PLACEMENT_3D('',#8034,#6501,#6502);
#6030=AXIS2_PLACEMENT_3D('',#8040,#6506,#6507);
#6031=AXIS2_PLACEMENT_3D('',#8113,#6545,#6546);
#6032=AXIS2_PLACEMENT_3D('',#8122,#6551,#6552);
#6033=AXIS2_PLACEMENT_3D('',#8128,#6556,#6557);
#6034=AXIS2_PLACEMENT_3D('',#8134,#6561,#6562);
#6035=AXIS2_PLACEMENT_3D('',#8140,#6566,#6567);
#6036=AXIS2_PLACEMENT_3D('',#8144,#6570,#6571);
#6037=AXIS2_PLACEMENT_3D('',#8147,#6574,#6575);
#6038=AXIS2_PLACEMENT_3D('',#8149,#6577,#6578);
#6039=AXIS2_PLACEMENT_3D('',#8158,#6583,#6584);
#6040=AXIS2_PLACEMENT_3D('',#8164,#6588,#6589);
#6041=AXIS2_PLACEMENT_3D('',#8170,#6593,#6594);
#6042=AXIS2_PLACEMENT_3D('',#8176,#6598,#6599);
#6043=AXIS2_PLACEMENT_3D('',#8182,#6603,#6604);
#6044=AXIS2_PLACEMENT_3D('',#8185,#6607,#6608);
#6045=AXIS2_PLACEMENT_3D('',#8187,#6610,#6611);
#6046=AXIS2_PLACEMENT_3D('',#8189,#6613,#6614);
#6047=AXIS2_PLACEMENT_3D('',#8193,#6617,#6618);
#6048=AXIS2_PLACEMENT_3D('',#8202,#6623,#6624);
#6049=AXIS2_PLACEMENT_3D('',#8208,#6628,#6629);
#6050=AXIS2_PLACEMENT_3D('',#8214,#6633,#6634);
#6051=AXIS2_PLACEMENT_3D('',#8220,#6638,#6639);
#6052=AXIS2_PLACEMENT_3D('',#8224,#6642,#6643);
#6053=AXIS2_PLACEMENT_3D('',#8227,#6646,#6647);
#6054=AXIS2_PLACEMENT_3D('',#8229,#6649,#6650);
#6055=AXIS2_PLACEMENT_3D('',#8238,#6655,#6656);
#6056=AXIS2_PLACEMENT_3D('',#8244,#6660,#6661);
#6057=AXIS2_PLACEMENT_3D('',#8250,#6665,#6666);
#6058=AXIS2_PLACEMENT_3D('',#8256,#6670,#6671);
#6059=AXIS2_PLACEMENT_3D('',#8262,#6675,#6676);
#6060=AXIS2_PLACEMENT_3D('',#8265,#6679,#6680);
#6061=AXIS2_PLACEMENT_3D('',#8267,#6682,#6683);
#6062=AXIS2_PLACEMENT_3D('',#8269,#6685,#6686);
#6063=AXIS2_PLACEMENT_3D('',#8273,#6689,#6690);
#6064=AXIS2_PLACEMENT_3D('',#8282,#6695,#6696);
#6065=AXIS2_PLACEMENT_3D('',#8288,#6700,#6701);
#6066=AXIS2_PLACEMENT_3D('',#8294,#6705,#6706);
#6067=AXIS2_PLACEMENT_3D('',#8300,#6710,#6711);
#6068=AXIS2_PLACEMENT_3D('',#8304,#6714,#6715);
#6069=AXIS2_PLACEMENT_3D('',#8307,#6718,#6719);
#6070=AXIS2_PLACEMENT_3D('',#8309,#6721,#6722);
#6071=AXIS2_PLACEMENT_3D('',#8318,#6727,#6728);
#6072=AXIS2_PLACEMENT_3D('',#8324,#6732,#6733);
#6073=AXIS2_PLACEMENT_3D('',#8330,#6737,#6738);
#6074=AXIS2_PLACEMENT_3D('',#8336,#6742,#6743);
#6075=AXIS2_PLACEMENT_3D('',#8342,#6747,#6748);
#6076=AXIS2_PLACEMENT_3D('',#8345,#6751,#6752);
#6077=AXIS2_PLACEMENT_3D('',#8347,#6754,#6755);
#6078=AXIS2_PLACEMENT_3D('',#8349,#6757,#6758);
#6079=AXIS2_PLACEMENT_3D('',#8353,#6761,#6762);
#6080=AXIS2_PLACEMENT_3D('',#8362,#6767,#6768);
#6081=AXIS2_PLACEMENT_3D('',#8368,#6772,#6773);
#6082=AXIS2_PLACEMENT_3D('',#8374,#6777,#6778);
#6083=AXIS2_PLACEMENT_3D('',#8380,#6782,#6783);
#6084=AXIS2_PLACEMENT_3D('',#8384,#6786,#6787);
#6085=AXIS2_PLACEMENT_3D('',#8387,#6790,#6791);
#6086=AXIS2_PLACEMENT_3D('',#8389,#6793,#6794);
#6087=AXIS2_PLACEMENT_3D('',#8398,#6799,#6800);
#6088=AXIS2_PLACEMENT_3D('',#8404,#6804,#6805);
#6089=AXIS2_PLACEMENT_3D('',#8410,#6809,#6810);
#6090=AXIS2_PLACEMENT_3D('',#8416,#6814,#6815);
#6091=AXIS2_PLACEMENT_3D('',#8422,#6819,#6820);
#6092=AXIS2_PLACEMENT_3D('',#8425,#6823,#6824);
#6093=AXIS2_PLACEMENT_3D('',#8427,#6826,#6827);
#6094=AXIS2_PLACEMENT_3D('',#8429,#6829,#6830);
#6095=AXIS2_PLACEMENT_3D('',#8433,#6833,#6834);
#6096=AXIS2_PLACEMENT_3D('',#8442,#6839,#6840);
#6097=AXIS2_PLACEMENT_3D('',#8448,#6844,#6845);
#6098=AXIS2_PLACEMENT_3D('',#8454,#6849,#6850);
#6099=AXIS2_PLACEMENT_3D('',#8458,#6853,#6854);
#6100=AXIS2_PLACEMENT_3D('',#8464,#6858,#6859);
#6101=AXIS2_PLACEMENT_3D('',#8467,#6862,#6863);
#6102=AXIS2_PLACEMENT_3D('',#8469,#6865,#6866);
#6103=AXIS2_PLACEMENT_3D('',#8478,#6871,#6872);
#6104=AXIS2_PLACEMENT_3D('',#8484,#6876,#6877);
#6105=AXIS2_PLACEMENT_3D('',#8490,#6881,#6882);
#6106=AXIS2_PLACEMENT_3D('',#8496,#6886,#6887);
#6107=AXIS2_PLACEMENT_3D('',#8502,#6891,#6892);
#6108=AXIS2_PLACEMENT_3D('',#8511,#6897,#6898);
#6109=AXIS2_PLACEMENT_3D('',#8517,#6902,#6903);
#6110=AXIS2_PLACEMENT_3D('',#8523,#6907,#6908);
#6111=AXIS2_PLACEMENT_3D('',#8529,#6912,#6913);
#6112=AXIS2_PLACEMENT_3D('',#8535,#6917,#6918);
#6113=AXIS2_PLACEMENT_3D('',#8540,#6923,#6924);
#6114=AXIS2_PLACEMENT_3D('',#8542,#6926,#6927);
#6115=AXIS2_PLACEMENT_3D('',#8544,#6929,#6930);
#6116=AXIS2_PLACEMENT_3D('',#8550,#6934,#6935);
#6117=AXIS2_PLACEMENT_3D('',#8554,#6938,#6939);
#6118=AXIS2_PLACEMENT_3D('',#8560,#6943,#6944);
#6119=AXIS2_PLACEMENT_3D('',#8564,#6947,#6948);
#6120=AXIS2_PLACEMENT_3D('',#8570,#6952,#6953);
#6121=AXIS2_PLACEMENT_3D('',#8572,#6955,#6956);
#6122=AXIS2_PLACEMENT_3D('',#8574,#6958,#6959);
#6123=AXIS2_PLACEMENT_3D('',#8582,#6964,#6965);
#6124=AXIS2_PLACEMENT_3D('',#8590,#6970,#6971);
#6125=AXIS2_PLACEMENT_3D('',#8592,#6973,#6974);
#6126=AXIS2_PLACEMENT_3D('',#8594,#6976,#6977);
#6127=AXIS2_PLACEMENT_3D('',#8596,#6979,#6980);
#6128=AXIS2_PLACEMENT_3D('',#8602,#6984,#6985);
#6129=AXIS2_PLACEMENT_3D('',#8620,#6995,#6996);
#6130=AXIS2_PLACEMENT_3D('',#8626,#7000,#7001);
#6131=AXIS2_PLACEMENT_3D('',#8630,#7004,#7005);
#6132=AXIS2_PLACEMENT_3D('',#8634,#7008,#7009);
#6133=AXIS2_PLACEMENT_3D('',#8638,#7012,#7013);
#6134=AXIS2_PLACEMENT_3D('',#8642,#7016,#7017);
#6135=AXIS2_PLACEMENT_3D('',#8646,#7020,#7021);
#6136=AXIS2_PLACEMENT_3D('',#8651,#7025,#7026);
#6137=AXIS2_PLACEMENT_3D('',#8652,#7027,#7028);
#6138=AXIS2_PLACEMENT_3D('',#8655,#7031,#7032);
#6139=AXIS2_PLACEMENT_3D('',#8656,#7033,#7034);
#6140=AXIS2_PLACEMENT_3D('',#8657,#7035,#7036);
#6141=AXIS2_PLACEMENT_3D('',#8658,#7037,#7038);
#6142=AXIS2_PLACEMENT_3D('',#8681,#7049,#7050);
#6143=AXIS2_PLACEMENT_3D('',#8684,#7052,#7053);
#6144=AXIS2_PLACEMENT_3D('',#8685,#7054,#7055);
#6145=AXIS2_PLACEMENT_3D('',#8691,#7059,#7060);
#6146=AXIS2_PLACEMENT_3D('',#8695,#7063,#7064);
#6147=AXIS2_PLACEMENT_3D('',#8699,#7067,#7068);
#6148=AXIS2_PLACEMENT_3D('',#8703,#7071,#7072);
#6149=AXIS2_PLACEMENT_3D('',#8707,#7075,#7076);
#6150=AXIS2_PLACEMENT_3D('',#8711,#7079,#7080);
#6151=AXIS2_PLACEMENT_3D('',#8715,#7083,#7084);
#6152=AXIS2_PLACEMENT_3D('',#8719,#7087,#7088);
#6153=AXIS2_PLACEMENT_3D('',#8723,#7091,#7092);
#6154=AXIS2_PLACEMENT_3D('',#8725,#7093,#7094);
#6155=AXIS2_PLACEMENT_3D('',#8727,#7096,#7097);
#6156=AXIS2_PLACEMENT_3D('',#8731,#7100,#7101);
#6157=AXIS2_PLACEMENT_3D('',#8733,#7102,#7103);
#6158=AXIS2_PLACEMENT_3D('',#8735,#7105,#7106);
#6159=AXIS2_PLACEMENT_3D('',#8737,#7108,#7109);
#6160=AXIS2_PLACEMENT_3D('',#8738,#7110,#7111);
#6161=AXIS2_PLACEMENT_3D('',#8761,#7122,#7123);
#6162=AXIS2_PLACEMENT_3D('',#8764,#7125,#7126);
#6163=AXIS2_PLACEMENT_3D('',#8765,#7127,#7128);
#6164=AXIS2_PLACEMENT_3D('',#8771,#7132,#7133);
#6165=AXIS2_PLACEMENT_3D('',#8775,#7136,#7137);
#6166=AXIS2_PLACEMENT_3D('',#8779,#7140,#7141);
#6167=AXIS2_PLACEMENT_3D('',#8783,#7144,#7145);
#6168=AXIS2_PLACEMENT_3D('',#8787,#7148,#7149);
#6169=AXIS2_PLACEMENT_3D('',#8791,#7152,#7153);
#6170=AXIS2_PLACEMENT_3D('',#8795,#7156,#7157);
#6171=AXIS2_PLACEMENT_3D('',#8799,#7160,#7161);
#6172=AXIS2_PLACEMENT_3D('',#8803,#7164,#7165);
#6173=AXIS2_PLACEMENT_3D('',#8805,#7166,#7167);
#6174=AXIS2_PLACEMENT_3D('',#8807,#7169,#7170);
#6175=AXIS2_PLACEMENT_3D('',#8811,#7173,#7174);
#6176=AXIS2_PLACEMENT_3D('',#8813,#7175,#7176);
#6177=AXIS2_PLACEMENT_3D('',#8815,#7178,#7179);
#6178=AXIS2_PLACEMENT_3D('',#8817,#7181,#7182);
#6179=AXIS2_PLACEMENT_3D('',#8818,#7183,#7184);
#6180=AXIS2_PLACEMENT_3D('',#8841,#7195,#7196);
#6181=AXIS2_PLACEMENT_3D('',#8844,#7198,#7199);
#6182=AXIS2_PLACEMENT_3D('',#8845,#7200,#7201);
#6183=AXIS2_PLACEMENT_3D('',#8851,#7205,#7206);
#6184=AXIS2_PLACEMENT_3D('',#8855,#7209,#7210);
#6185=AXIS2_PLACEMENT_3D('',#8859,#7213,#7214);
#6186=AXIS2_PLACEMENT_3D('',#8863,#7217,#7218);
#6187=AXIS2_PLACEMENT_3D('',#8867,#7221,#7222);
#6188=AXIS2_PLACEMENT_3D('',#8871,#7225,#7226);
#6189=AXIS2_PLACEMENT_3D('',#8875,#7229,#7230);
#6190=AXIS2_PLACEMENT_3D('',#8879,#7233,#7234);
#6191=AXIS2_PLACEMENT_3D('',#8883,#7237,#7238);
#6192=AXIS2_PLACEMENT_3D('',#8885,#7239,#7240);
#6193=AXIS2_PLACEMENT_3D('',#8887,#7242,#7243);
#6194=AXIS2_PLACEMENT_3D('',#8891,#7246,#7247);
#6195=AXIS2_PLACEMENT_3D('',#8893,#7248,#7249);
#6196=AXIS2_PLACEMENT_3D('',#8895,#7251,#7252);
#6197=AXIS2_PLACEMENT_3D('',#8897,#7254,#7255);
#6198=AXIS2_PLACEMENT_3D('',#8898,#7256,#7257);
#6199=AXIS2_PLACEMENT_3D('',#8921,#7268,#7269);
#6200=AXIS2_PLACEMENT_3D('',#8924,#7271,#7272);
#6201=AXIS2_PLACEMENT_3D('',#8925,#7273,#7274);
#6202=AXIS2_PLACEMENT_3D('',#8931,#7278,#7279);
#6203=AXIS2_PLACEMENT_3D('',#8935,#7282,#7283);
#6204=AXIS2_PLACEMENT_3D('',#8939,#7286,#7287);
#6205=AXIS2_PLACEMENT_3D('',#8943,#7290,#7291);
#6206=AXIS2_PLACEMENT_3D('',#8947,#7294,#7295);
#6207=AXIS2_PLACEMENT_3D('',#8951,#7298,#7299);
#6208=AXIS2_PLACEMENT_3D('',#8955,#7302,#7303);
#6209=AXIS2_PLACEMENT_3D('',#8959,#7306,#7307);
#6210=AXIS2_PLACEMENT_3D('',#8963,#7310,#7311);
#6211=AXIS2_PLACEMENT_3D('',#8965,#7312,#7313);
#6212=AXIS2_PLACEMENT_3D('',#8967,#7315,#7316);
#6213=AXIS2_PLACEMENT_3D('',#8971,#7319,#7320);
#6214=AXIS2_PLACEMENT_3D('',#8973,#7321,#7322);
#6215=AXIS2_PLACEMENT_3D('',#8975,#7324,#7325);
#6216=AXIS2_PLACEMENT_3D('',#8977,#7327,#7328);
#6217=AXIS2_PLACEMENT_3D('',#8978,#7329,#7330);
#6218=AXIS2_PLACEMENT_3D('',#9001,#7341,#7342);
#6219=AXIS2_PLACEMENT_3D('',#9004,#7344,#7345);
#6220=AXIS2_PLACEMENT_3D('',#9005,#7346,#7347);
#6221=AXIS2_PLACEMENT_3D('',#9011,#7351,#7352);
#6222=AXIS2_PLACEMENT_3D('',#9015,#7355,#7356);
#6223=AXIS2_PLACEMENT_3D('',#9019,#7359,#7360);
#6224=AXIS2_PLACEMENT_3D('',#9023,#7363,#7364);
#6225=AXIS2_PLACEMENT_3D('',#9027,#7367,#7368);
#6226=AXIS2_PLACEMENT_3D('',#9031,#7371,#7372);
#6227=AXIS2_PLACEMENT_3D('',#9035,#7375,#7376);
#6228=AXIS2_PLACEMENT_3D('',#9039,#7379,#7380);
#6229=AXIS2_PLACEMENT_3D('',#9043,#7383,#7384);
#6230=AXIS2_PLACEMENT_3D('',#9045,#7385,#7386);
#6231=AXIS2_PLACEMENT_3D('',#9047,#7388,#7389);
#6232=AXIS2_PLACEMENT_3D('',#9051,#7392,#7393);
#6233=AXIS2_PLACEMENT_3D('',#9053,#7394,#7395);
#6234=AXIS2_PLACEMENT_3D('',#9055,#7397,#7398);
#6235=AXIS2_PLACEMENT_3D('',#9057,#7400,#7401);
#6236=AXIS2_PLACEMENT_3D('',#9058,#7402,#7403);
#6237=AXIS2_PLACEMENT_3D('',#9081,#7414,#7415);
#6238=AXIS2_PLACEMENT_3D('',#9084,#7417,#7418);
#6239=AXIS2_PLACEMENT_3D('',#9085,#7419,#7420);
#6240=AXIS2_PLACEMENT_3D('',#9091,#7424,#7425);
#6241=AXIS2_PLACEMENT_3D('',#9095,#7428,#7429);
#6242=AXIS2_PLACEMENT_3D('',#9099,#7432,#7433);
#6243=AXIS2_PLACEMENT_3D('',#9103,#7436,#7437);
#6244=AXIS2_PLACEMENT_3D('',#9107,#7440,#7441);
#6245=AXIS2_PLACEMENT_3D('',#9111,#7444,#7445);
#6246=AXIS2_PLACEMENT_3D('',#9115,#7448,#7449);
#6247=AXIS2_PLACEMENT_3D('',#9119,#7452,#7453);
#6248=AXIS2_PLACEMENT_3D('',#9123,#7456,#7457);
#6249=AXIS2_PLACEMENT_3D('',#9125,#7458,#7459);
#6250=AXIS2_PLACEMENT_3D('',#9127,#7461,#7462);
#6251=AXIS2_PLACEMENT_3D('',#9131,#7465,#7466);
#6252=AXIS2_PLACEMENT_3D('',#9133,#7467,#7468);
#6253=AXIS2_PLACEMENT_3D('',#9135,#7470,#7471);
#6254=AXIS2_PLACEMENT_3D('',#9137,#7473,#7474);
#6255=AXIS2_PLACEMENT_3D('',#9138,#7475,#7476);
#6256=AXIS2_PLACEMENT_3D('',#9161,#7487,#7488);
#6257=AXIS2_PLACEMENT_3D('',#9164,#7490,#7491);
#6258=AXIS2_PLACEMENT_3D('',#9165,#7492,#7493);
#6259=AXIS2_PLACEMENT_3D('',#9171,#7497,#7498);
#6260=AXIS2_PLACEMENT_3D('',#9175,#7501,#7502);
#6261=AXIS2_PLACEMENT_3D('',#9179,#7505,#7506);
#6262=AXIS2_PLACEMENT_3D('',#9183,#7509,#7510);
#6263=AXIS2_PLACEMENT_3D('',#9187,#7513,#7514);
#6264=AXIS2_PLACEMENT_3D('',#9191,#7517,#7518);
#6265=AXIS2_PLACEMENT_3D('',#9195,#7521,#7522);
#6266=AXIS2_PLACEMENT_3D('',#9199,#7525,#7526);
#6267=AXIS2_PLACEMENT_3D('',#9203,#7529,#7530);
#6268=AXIS2_PLACEMENT_3D('',#9205,#7531,#7532);
#6269=AXIS2_PLACEMENT_3D('',#9207,#7534,#7535);
#6270=AXIS2_PLACEMENT_3D('',#9211,#7538,#7539);
#6271=AXIS2_PLACEMENT_3D('',#9213,#7540,#7541);
#6272=AXIS2_PLACEMENT_3D('',#9215,#7543,#7544);
#6273=AXIS2_PLACEMENT_3D('',#9217,#7546,#7547);
#6274=AXIS2_PLACEMENT_3D('',#9218,#7548,#7549);
#6275=AXIS2_PLACEMENT_3D('',#9241,#7560,#7561);
#6276=AXIS2_PLACEMENT_3D('',#9244,#7563,#7564);
#6277=AXIS2_PLACEMENT_3D('',#9245,#7565,#7566);
#6278=AXIS2_PLACEMENT_3D('',#9251,#7570,#7571);
#6279=AXIS2_PLACEMENT_3D('',#9255,#7574,#7575);
#6280=AXIS2_PLACEMENT_3D('',#9259,#7578,#7579);
#6281=AXIS2_PLACEMENT_3D('',#9263,#7582,#7583);
#6282=AXIS2_PLACEMENT_3D('',#9267,#7586,#7587);
#6283=AXIS2_PLACEMENT_3D('',#9271,#7590,#7591);
#6284=AXIS2_PLACEMENT_3D('',#9275,#7594,#7595);
#6285=AXIS2_PLACEMENT_3D('',#9279,#7598,#7599);
#6286=AXIS2_PLACEMENT_3D('',#9283,#7602,#7603);
#6287=AXIS2_PLACEMENT_3D('',#9285,#7604,#7605);
#6288=AXIS2_PLACEMENT_3D('',#9287,#7607,#7608);
#6289=AXIS2_PLACEMENT_3D('',#9291,#7611,#7612);
#6290=AXIS2_PLACEMENT_3D('',#9293,#7613,#7614);
#6291=AXIS2_PLACEMENT_3D('',#9295,#7616,#7617);
#6292=AXIS2_PLACEMENT_3D('',#9297,#7619,#7620);
#6293=AXIS2_PLACEMENT_3D('',#9298,#7621,#7622);
#6294=AXIS2_PLACEMENT_3D('',#9321,#7633,#7634);
#6295=AXIS2_PLACEMENT_3D('',#9324,#7636,#7637);
#6296=AXIS2_PLACEMENT_3D('',#9325,#7638,#7639);
#6297=AXIS2_PLACEMENT_3D('',#9331,#7643,#7644);
#6298=AXIS2_PLACEMENT_3D('',#9335,#7647,#7648);
#6299=AXIS2_PLACEMENT_3D('',#9339,#7651,#7652);
#6300=AXIS2_PLACEMENT_3D('',#9343,#7655,#7656);
#6301=AXIS2_PLACEMENT_3D('',#9347,#7659,#7660);
#6302=AXIS2_PLACEMENT_3D('',#9351,#7663,#7664);
#6303=AXIS2_PLACEMENT_3D('',#9355,#7667,#7668);
#6304=AXIS2_PLACEMENT_3D('',#9359,#7671,#7672);
#6305=AXIS2_PLACEMENT_3D('',#9363,#7675,#7676);
#6306=AXIS2_PLACEMENT_3D('',#9365,#7677,#7678);
#6307=AXIS2_PLACEMENT_3D('',#9367,#7680,#7681);
#6308=AXIS2_PLACEMENT_3D('',#9371,#7684,#7685);
#6309=AXIS2_PLACEMENT_3D('',#9373,#7686,#7687);
#6310=AXIS2_PLACEMENT_3D('',#9375,#7689,#7690);
#6311=AXIS2_PLACEMENT_3D('',#9377,#7692,#7693);
#6312=AXIS2_PLACEMENT_3D('',#9378,#7694,#7695);
#6313=AXIS2_PLACEMENT_3D('',#9401,#7706,#7707);
#6314=AXIS2_PLACEMENT_3D('',#9404,#7709,#7710);
#6315=AXIS2_PLACEMENT_3D('',#9405,#7711,#7712);
#6316=AXIS2_PLACEMENT_3D('',#9411,#7716,#7717);
#6317=AXIS2_PLACEMENT_3D('',#9415,#7720,#7721);
#6318=AXIS2_PLACEMENT_3D('',#9419,#7724,#7725);
#6319=AXIS2_PLACEMENT_3D('',#9423,#7728,#7729);
#6320=AXIS2_PLACEMENT_3D('',#9427,#7732,#7733);
#6321=AXIS2_PLACEMENT_3D('',#9431,#7736,#7737);
#6322=AXIS2_PLACEMENT_3D('',#9435,#7740,#7741);
#6323=AXIS2_PLACEMENT_3D('',#9439,#7744,#7745);
#6324=AXIS2_PLACEMENT_3D('',#9443,#7748,#7749);
#6325=AXIS2_PLACEMENT_3D('',#9445,#7750,#7751);
#6326=AXIS2_PLACEMENT_3D('',#9447,#7753,#7754);
#6327=AXIS2_PLACEMENT_3D('',#9451,#7757,#7758);
#6328=AXIS2_PLACEMENT_3D('',#9453,#7759,#7760);
#6329=AXIS2_PLACEMENT_3D('',#9455,#7762,#7763);
#6330=AXIS2_PLACEMENT_3D('',#9457,#7765,#7766);
#6331=AXIS2_PLACEMENT_3D('',#9458,#7767,#7768);
#6332=AXIS2_PLACEMENT_3D('',#9461,#7769,#7770);
#6333=AXIS2_PLACEMENT_3D('',#9465,#7772,#7773);
#6334=AXIS2_PLACEMENT_3D('',#9467,#7775,#7776);
#6335=AXIS2_PLACEMENT_3D('',#9473,#7780,#7781);
#6336=AXIS2_PLACEMENT_3D('',#9479,#7785,#7786);
#6337=AXIS2_PLACEMENT_3D('',#9485,#7790,#7791);
#6338=AXIS2_PLACEMENT_3D('',#9491,#7795,#7796);
#6339=AXIS2_PLACEMENT_3D('',#9494,#7799,#7800);
#6340=AXIS2_PLACEMENT_3D('',#9495,#7801,#7802);
#6341=AXIS2_PLACEMENT_3D('',#9496,#7803,#7804);
#6342=AXIS2_PLACEMENT_3D('',#9499,#7805,#7806);
#6343=AXIS2_PLACEMENT_3D('',#9503,#7808,#7809);
#6344=AXIS2_PLACEMENT_3D('',#9505,#7811,#7812);
#6345=AXIS2_PLACEMENT_3D('',#9511,#7816,#7817);
#6346=AXIS2_PLACEMENT_3D('',#9517,#7821,#7822);
#6347=AXIS2_PLACEMENT_3D('',#9523,#7826,#7827);
#6348=AXIS2_PLACEMENT_3D('',#9529,#7831,#7832);
#6349=AXIS2_PLACEMENT_3D('',#9532,#7835,#7836);
#6350=AXIS2_PLACEMENT_3D('',#9533,#7837,#7838);
#6351=DIRECTION('axis',(0.,0.,1.));
#6352=DIRECTION('refdir',(1.,0.,0.));
#6353=DIRECTION('center_axis',(0.,-3.70074341541719E-16,-1.));
#6354=DIRECTION('ref_axis',(0.,-1.,3.70074341541719E-16));
#6355=DIRECTION('',(1.,0.,0.));
#6356=DIRECTION('',(0.,-1.,3.70074341541719E-16));
#6357=DIRECTION('',(-1.,0.,0.));
#6358=DIRECTION('',(0.,1.,-3.70074341541719E-16));
#6359=DIRECTION('center_axis',(1.,0.,0.));
#6360=DIRECTION('ref_axis',(0.,0.,-1.));
#6361=DIRECTION('',(0.,0.,1.));
#6362=DIRECTION('',(0.,-1.,1.80231010491097E-16));
#6363=DIRECTION('',(0.,0.,1.));
#6364=DIRECTION('center_axis',(-1.,0.,0.));
#6365=DIRECTION('ref_axis',(0.,0.,1.));
#6366=DIRECTION('',(0.,1.85037170770859E-16,1.));
#6367=DIRECTION('',(0.,1.,-1.60901887626834E-16));
#6368=DIRECTION('',(0.,-3.33066907387548E-15,1.));
#6369=DIRECTION('',(0.,-0.968663866044045,0.248375350267705));
#6370=DIRECTION('',(0.,-1.,0.));
#6371=DIRECTION('',(0.,1.85037170770859E-16,1.));
#6372=DIRECTION('',(0.,1.,0.));
#6373=DIRECTION('',(0.,-8.64659676499231E-17,-1.));
#6374=DIRECTION('',(0.,-0.938242960078723,0.345977091528784));
#6375=DIRECTION('',(0.,3.20988324064539E-33,1.));
#6376=DIRECTION('',(0.,-1.,1.66838330636536E-17));
#6377=DIRECTION('',(0.,1.00929365875014E-16,1.));
#6378=DIRECTION('',(0.,-1.,-1.16620065611886E-16));
#6379=DIRECTION('',(0.,0.,-1.));
#6380=DIRECTION('',(0.,0.,-1.));
#6381=DIRECTION('',(0.,-1.,1.66838330636536E-17));
#6382=DIRECTION('center_axis',(0.,-1.,1.00929365875014E-16));
#6383=DIRECTION('ref_axis',(0.,1.00929365875014E-16,1.));
#6384=DIRECTION('',(-1.,0.,0.));
#6385=DIRECTION('',(0.,1.00929365875014E-16,1.));
#6386=DIRECTION('',(-1.,0.,0.));
#6387=DIRECTION('center_axis',(0.,1.,0.));
#6388=DIRECTION('ref_axis',(0.,0.,-1.));
#6389=DIRECTION('',(-1.,0.,0.));
#6390=DIRECTION('',(0.,0.,-1.));
#6391=DIRECTION('',(-1.,0.,0.));
#6392=DIRECTION('center_axis',(0.,1.80231010491097E-16,1.));
#6393=DIRECTION('ref_axis',(0.,1.,-1.80231010491097E-16));
#6394=DIRECTION('',(-1.,0.,0.));
#6395=DIRECTION('',(0.,1.,-1.80231010491097E-16));
#6396=DIRECTION('center_axis',(0.,1.,0.));
#6397=DIRECTION('ref_axis',(0.,0.,-1.));
#6398=DIRECTION('',(-1.,0.,0.));
#6399=DIRECTION('',(0.,0.,-1.));
#6400=DIRECTION('center_axis',(0.,1.16620065611886E-16,-1.));
#6401=DIRECTION('ref_axis',(0.,-1.,-1.16620065611886E-16));
#6402=DIRECTION('',(0.,-1.,-1.16620065611886E-16));
#6403=DIRECTION('center_axis',(1.,0.,0.));
#6404=DIRECTION('ref_axis',(0.,0.,-1.));
#6405=DIRECTION('',(0.,1.,-6.28875083881546E-33));
#6406=DIRECTION('center_axis',(0.,3.70074341541719E-16,1.));
#6407=DIRECTION('ref_axis',(0.,-1.,3.70074341541719E-16));
#6408=DIRECTION('',(1.,0.,0.));
#6409=DIRECTION('',(0.,1.,-3.70074341541719E-16));
#6410=DIRECTION('',(1.,0.,0.));
#6411=DIRECTION('',(0.,-1.,3.70074341541719E-16));
#6412=DIRECTION('center_axis',(1.,0.,0.));
#6413=DIRECTION('ref_axis',(0.,0.,-1.));
#6414=DIRECTION('',(0.,0.,-1.));
#6415=DIRECTION('',(0.,0.,1.));
#6416=DIRECTION('',(0.,1.,-1.80231010491097E-16));
#6417=DIRECTION('center_axis',(1.,0.,0.));
#6418=DIRECTION('ref_axis',(0.,0.,-1.));
#6419=DIRECTION('',(0.,0.,1.));
#6420=DIRECTION('',(0.,1.,1.16620065611886E-16));
#6421=DIRECTION('',(0.,-1.00929365875014E-16,-1.));
#6422=DIRECTION('',(0.,1.,-1.66838330636536E-17));
#6423=DIRECTION('',(0.,3.20988324064539E-33,1.));
#6424=DIRECTION('',(0.,-0.938242960078723,0.345977091528784));
#6425=DIRECTION('',(0.,8.64659676499231E-17,1.));
#6426=DIRECTION('',(0.,-1.,0.));
#6427=DIRECTION('',(0.,-1.85037170770859E-16,-1.));
#6428=DIRECTION('',(0.,1.,0.));
#6429=DIRECTION('',(0.,0.968663866044045,-0.248375350267705));
#6430=DIRECTION('',(0.,3.33066907387548E-15,-1.));
#6431=DIRECTION('',(0.,-1.,1.60901887626834E-16));
#6432=DIRECTION('',(0.,-1.85037170770859E-16,-1.));
#6433=DIRECTION('',(0.,1.,-1.66838330636536E-17));
#6434=DIRECTION('',(0.,0.,1.));
#6435=DIRECTION('center_axis',(0.,-1.,0.));
#6436=DIRECTION('ref_axis',(0.,0.,-1.));
#6437=DIRECTION('',(1.,0.,0.));
#6438=DIRECTION('',(0.,0.,-1.));
#6439=DIRECTION('',(1.,0.,0.));
#6440=DIRECTION('center_axis',(0.,-1.80231010491097E-16,-1.));
#6441=DIRECTION('ref_axis',(0.,1.,-1.80231010491097E-16));
#6442=DIRECTION('',(1.,0.,0.));
#6443=DIRECTION('',(0.,1.,-1.80231010491097E-16));
#6444=DIRECTION('center_axis',(0.,1.,-1.00929365875014E-16));
#6445=DIRECTION('ref_axis',(0.,1.00929365875014E-16,1.));
#6446=DIRECTION('',(1.,0.,0.));
#6447=DIRECTION('',(0.,1.00929365875014E-16,1.));
#6448=DIRECTION('',(1.,0.,0.));
#6449=DIRECTION('center_axis',(0.,-1.,0.));
#6450=DIRECTION('ref_axis',(0.,0.,-1.));
#6451=DIRECTION('',(1.,0.,0.));
#6452=DIRECTION('',(0.,0.,-1.));
#6453=DIRECTION('center_axis',(0.,-1.16620065611886E-16,1.));
#6454=DIRECTION('ref_axis',(0.,-1.,-1.16620065611886E-16));
#6455=DIRECTION('',(0.,-1.,-1.16620065611886E-16));
#6456=DIRECTION('center_axis',(1.,0.,0.));
#6457=DIRECTION('ref_axis',(0.,0.,-1.));
#6458=DIRECTION('',(0.,1.,-6.28875083881546E-33));
#6459=DIRECTION('center_axis',(-1.,0.,6.12323399573677E-17));
#6460=DIRECTION('ref_axis',(0.,-1.,0.));
#6461=DIRECTION('',(6.12323399573677E-17,-1.26161707343768E-16,1.));
#6462=DIRECTION('',(0.,-1.,0.));
#6463=DIRECTION('',(-6.12323399573677E-17,-4.44089209850063E-16,-1.));
#6464=DIRECTION('',(-6.03216603008128E-30,1.,-9.85127472554716E-14));
#6465=DIRECTION('center_axis',(-1.,0.,6.12323399573677E-17));
#6466=DIRECTION('ref_axis',(0.,-1.,0.));
#6467=DIRECTION('',(5.66512947269538E-33,1.,9.25185853854297E-17));
#6468=DIRECTION('',(6.12323399573677E-17,-5.08200680286193E-16,1.));
#6469=DIRECTION('',(1.02159013794561E-33,-1.,1.66838330636536E-17));
#6470=DIRECTION('',(-6.12323399573677E-17,-3.20988324064539E-33,-1.));
#6471=DIRECTION('center_axis',(0.,9.85127472554716E-14,1.));
#6472=DIRECTION('ref_axis',(-6.03216603008128E-30,1.,-9.85127472554716E-14));
#6473=DIRECTION('',(1.,0.,0.));
#6474=DIRECTION('',(-1.,0.,0.));
#6475=DIRECTION('',(6.03216603008128E-30,-1.,9.85127472554716E-14));
#6476=DIRECTION('center_axis',(-1.,0.,6.12323399573677E-17));
#6477=DIRECTION('ref_axis',(0.,-1.,0.));
#6478=DIRECTION('',(-6.12323399573677E-17,1.26161707343768E-16,-1.));
#6479=DIRECTION('',(6.12323399573677E-17,4.44089209850063E-16,1.));
#6480=DIRECTION('',(0.,1.,0.));
#6481=DIRECTION('center_axis',(-1.,0.,6.12323399573677E-17));
#6482=DIRECTION('ref_axis',(0.,-1.,0.));
#6483=DIRECTION('',(-5.66512947269538E-33,-1.,-9.25185853854297E-17));
#6484=DIRECTION('',(6.12323399573677E-17,3.20988324064539E-33,1.));
#6485=DIRECTION('',(-1.02159013794561E-33,1.,-1.66838330636536E-17));
#6486=DIRECTION('',(-6.12323399573677E-17,5.08200680286193E-16,-1.));
#6487=DIRECTION('center_axis',(0.,0.,-1.));
#6488=DIRECTION('ref_axis',(0.,-1.,0.));
#6489=DIRECTION('',(-1.,0.,0.));
#6490=DIRECTION('',(1.,0.,0.));
#6491=DIRECTION('center_axis',(0.,-1.,-5.08200680286193E-16));
#6492=DIRECTION('ref_axis',(6.12323399573677E-17,-5.08200680286193E-16,
1.));
#6493=DIRECTION('',(-1.,0.,0.));
#6494=DIRECTION('',(1.,0.,0.));
#6495=DIRECTION('center_axis',(0.,1.,-3.20988324064539E-33));
#6496=DIRECTION('ref_axis',(0.,3.20988324064539E-33,1.));
#6497=DIRECTION('',(1.,0.,0.));
#6498=DIRECTION('',(0.,-3.20988324064539E-33,-1.));
#6499=DIRECTION('',(-1.,0.,0.));
#6500=DIRECTION('',(1.,0.,0.));
#6501=DIRECTION('center_axis',(0.,1.,-3.20988324064539E-33));
#6502=DIRECTION('ref_axis',(0.,3.20988324064539E-33,1.));
#6503=DIRECTION('',(1.,0.,0.));
#6504=DIRECTION('',(6.12323399573677E-17,3.20988324064539E-33,1.));
#6505=DIRECTION('',(1.,0.,0.));
#6506=DIRECTION('center_axis',(0.,-1.66838330636536E-17,-1.));
#6507=DIRECTION('ref_axis',(0.,1.,-1.66838330636536E-17));
#6508=DIRECTION('',(1.,0.,0.));
#6509=DIRECTION('',(1.,0.,0.));
#6510=DIRECTION('',(1.02159013794561E-33,-1.,1.66838330636536E-17));
#6511=DIRECTION('',(1.,0.,0.));
#6512=DIRECTION('',(-1.02159013794561E-33,1.,-1.66838330636536E-17));
#6513=DIRECTION('',(1.,0.,0.));
#6514=DIRECTION('',(1.02159013794561E-33,-1.,1.66838330636536E-17));
#6515=DIRECTION('',(1.,0.,0.));
#6516=DIRECTION('',(-1.02159013794561E-33,1.,-1.66838330636536E-17));
#6517=DIRECTION('',(1.,0.,0.));
#6518=DIRECTION('',(1.02159013794561E-33,-1.,1.66838330636536E-17));
#6519=DIRECTION('',(1.,0.,0.));
#6520=DIRECTION('',(-1.02159013794561E-33,1.,-1.66838330636536E-17));
#6521=DIRECTION('',(1.,0.,0.));
#6522=DIRECTION('',(1.02159013794561E-33,-1.,1.66838330636536E-17));
#6523=DIRECTION('',(1.,0.,0.));
#6524=DIRECTION('',(-1.02159013794561E-33,1.,-1.66838330636536E-17));
#6525=DIRECTION('',(1.,0.,0.));
#6526=DIRECTION('',(1.02159013794561E-33,-1.,1.66838330636536E-17));
#6527=DIRECTION('',(1.,0.,0.));
#6528=DIRECTION('',(-1.02159013794561E-33,1.,-1.66838330636536E-17));
#6529=DIRECTION('',(1.,0.,0.));
#6530=DIRECTION('',(1.02159013794561E-33,-1.,1.66838330636536E-17));
#6531=DIRECTION('',(1.,0.,0.));
#6532=DIRECTION('',(-1.02159013794561E-33,1.,-1.66838330636536E-17));
#6533=DIRECTION('',(1.,0.,0.));
#6534=DIRECTION('',(1.02159013794561E-33,-1.,1.66838330636536E-17));
#6535=DIRECTION('',(1.,0.,0.));
#6536=DIRECTION('',(-1.02159013794561E-33,1.,-1.66838330636536E-17));
#6537=DIRECTION('',(1.,0.,0.));
#6538=DIRECTION('',(1.02159013794561E-33,-1.,1.66838330636536E-17));
#6539=DIRECTION('',(1.,0.,0.));
#6540=DIRECTION('',(-1.02159013794561E-33,1.,-1.66838330636536E-17));
#6541=DIRECTION('',(1.,0.,0.));
#6542=DIRECTION('',(1.02159013794561E-33,-1.,1.66838330636536E-17));
#6543=DIRECTION('',(1.,0.,0.));
#6544=DIRECTION('',(-1.02159013794561E-33,1.,-1.66838330636536E-17));
#6545=DIRECTION('center_axis',(-1.,0.,6.12323399573677E-17));
#6546=DIRECTION('ref_axis',(0.,-1.,0.));
#6547=DIRECTION('',(6.12323399573677E-17,-1.26161707343768E-16,1.));
#6548=DIRECTION('',(0.,-1.,0.));
#6549=DIRECTION('',(-6.12323399573677E-17,-4.44089209850063E-16,-1.));
#6550=DIRECTION('',(-6.03216603008128E-30,1.,-9.85127472554716E-14));
#6551=DIRECTION('center_axis',(-1.,0.,6.12323399573677E-17));
#6552=DIRECTION('ref_axis',(0.,-1.,0.));
#6553=DIRECTION('',(5.66512947269538E-33,1.,9.25185853854297E-17));
#6554=DIRECTION('',(6.12323399573677E-17,-5.08200680286193E-16,1.));
#6555=DIRECTION('',(-6.12323399573677E-17,-3.20988324064539E-33,-1.));
#6556=DIRECTION('center_axis',(0.,9.85127472554716E-14,1.));
#6557=DIRECTION('ref_axis',(-6.03216603008128E-30,1.,-9.85127472554716E-14));
#6558=DIRECTION('',(1.,0.,0.));
#6559=DIRECTION('',(-1.,0.,0.));
#6560=DIRECTION('',(6.03216603008128E-30,-1.,9.85127472554716E-14));
#6561=DIRECTION('center_axis',(-1.,0.,6.12323399573677E-17));
#6562=DIRECTION('ref_axis',(0.,-1.,0.));
#6563=DIRECTION('',(-6.12323399573677E-17,1.26161707343768E-16,-1.));
#6564=DIRECTION('',(6.12323399573677E-17,4.44089209850063E-16,1.));
#6565=DIRECTION('',(0.,1.,0.));
#6566=DIRECTION('center_axis',(-1.,0.,6.12323399573677E-17));
#6567=DIRECTION('ref_axis',(0.,-1.,0.));
#6568=DIRECTION('',(-5.66512947269538E-33,-1.,-9.25185853854297E-17));
#6569=DIRECTION('',(-6.12323399573677E-17,5.08200680286193E-16,-1.));
#6570=DIRECTION('center_axis',(0.,0.,-1.));
#6571=DIRECTION('ref_axis',(0.,-1.,0.));
#6572=DIRECTION('',(-1.,0.,0.));
#6573=DIRECTION('',(1.,0.,0.));
#6574=DIRECTION('center_axis',(0.,-1.,-5.08200680286193E-16));
#6575=DIRECTION('ref_axis',(6.12323399573677E-17,-5.08200680286193E-16,
1.));
#6576=DIRECTION('',(-1.,0.,0.));
#6577=DIRECTION('center_axis',(-1.,0.,6.12323399573677E-17));
#6578=DIRECTION('ref_axis',(0.,-1.,0.));
#6579=DIRECTION('',(6.12323399573677E-17,-1.26161707343768E-16,1.));
#6580=DIRECTION('',(0.,-1.,0.));
#6581=DIRECTION('',(-6.12323399573677E-17,-4.44089209850063E-16,-1.));
#6582=DIRECTION('',(-6.03216603008128E-30,1.,-9.85127472554716E-14));
#6583=DIRECTION('center_axis',(-1.,0.,6.12323399573677E-17));
#6584=DIRECTION('ref_axis',(0.,-1.,0.));
#6585=DIRECTION('',(5.66512947269538E-33,1.,9.25185853854297E-17));
#6586=DIRECTION('',(6.12323399573677E-17,-5.08200680286193E-16,1.));
#6587=DIRECTION('',(-6.12323399573677E-17,-3.20988324064539E-33,-1.));
#6588=DIRECTION('center_axis',(0.,9.85127472554716E-14,1.));
#6589=DIRECTION('ref_axis',(-6.03216603008128E-30,1.,-9.85127472554716E-14));
#6590=DIRECTION('',(1.,0.,0.));
#6591=DIRECTION('',(-1.,0.,0.));
#6592=DIRECTION('',(6.03216603008128E-30,-1.,9.85127472554716E-14));
#6593=DIRECTION('center_axis',(-1.,0.,6.12323399573677E-17));
#6594=DIRECTION('ref_axis',(0.,-1.,0.));
#6595=DIRECTION('',(-6.12323399573677E-17,1.26161707343768E-16,-1.));
#6596=DIRECTION('',(6.12323399573677E-17,4.44089209850063E-16,1.));
#6597=DIRECTION('',(0.,1.,0.));
#6598=DIRECTION('center_axis',(-1.,0.,6.12323399573677E-17));
#6599=DIRECTION('ref_axis',(0.,-1.,0.));
#6600=DIRECTION('',(-5.66512947269538E-33,-1.,-9.25185853854297E-17));
#6601=DIRECTION('',(6.12323399573677E-17,3.20988324064539E-33,1.));
#6602=DIRECTION('',(-6.12323399573677E-17,5.08200680286193E-16,-1.));
#6603=DIRECTION('center_axis',(0.,0.,-1.));
#6604=DIRECTION('ref_axis',(0.,-1.,0.));
#6605=DIRECTION('',(-1.,0.,0.));
#6606=DIRECTION('',(1.,0.,0.));
#6607=DIRECTION('center_axis',(0.,-1.,-5.08200680286193E-16));
#6608=DIRECTION('ref_axis',(6.12323399573677E-17,-5.08200680286193E-16,
1.));
#6609=DIRECTION('',(-1.,0.,0.));
#6610=DIRECTION('center_axis',(0.,1.,-3.20988324064539E-33));
#6611=DIRECTION('ref_axis',(0.,3.20988324064539E-33,1.));
#6612=DIRECTION('',(1.,0.,0.));
#6613=DIRECTION('center_axis',(0.,1.,-3.20988324064539E-33));
#6614=DIRECTION('ref_axis',(0.,3.20988324064539E-33,1.));
#6615=DIRECTION('',(6.12323399573677E-17,3.20988324064539E-33,1.));
#6616=DIRECTION('',(1.,0.,0.));
#6617=DIRECTION('center_axis',(-1.,0.,6.12323399573677E-17));
#6618=DIRECTION('ref_axis',(0.,-1.,0.));
#6619=DIRECTION('',(6.12323399573677E-17,-1.26161707343768E-16,1.));
#6620=DIRECTION('',(0.,-1.,0.));
#6621=DIRECTION('',(-6.12323399573677E-17,-4.44089209850063E-16,-1.));
#6622=DIRECTION('',(-6.03216603008128E-30,1.,-9.85127472554716E-14));
#6623=DIRECTION('center_axis',(-1.,0.,6.12323399573677E-17));
#6624=DIRECTION('ref_axis',(0.,-1.,0.));
#6625=DIRECTION('',(5.66512947269538E-33,1.,9.25185853854297E-17));
#6626=DIRECTION('',(6.12323399573677E-17,-5.08200680286193E-16,1.));
#6627=DIRECTION('',(-6.12323399573677E-17,-3.20988324064539E-33,-1.));
#6628=DIRECTION('center_axis',(0.,9.85127472554716E-14,1.));
#6629=DIRECTION('ref_axis',(-6.03216603008128E-30,1.,-9.85127472554716E-14));
#6630=DIRECTION('',(1.,0.,0.));
#6631=DIRECTION('',(-1.,0.,0.));
#6632=DIRECTION('',(6.03216603008128E-30,-1.,9.85127472554716E-14));
#6633=DIRECTION('center_axis',(-1.,0.,6.12323399573677E-17));
#6634=DIRECTION('ref_axis',(0.,-1.,0.));
#6635=DIRECTION('',(-6.12323399573677E-17,1.26161707343768E-16,-1.));
#6636=DIRECTION('',(6.12323399573677E-17,4.44089209850063E-16,1.));
#6637=DIRECTION('',(0.,1.,0.));
#6638=DIRECTION('center_axis',(-1.,0.,6.12323399573677E-17));
#6639=DIRECTION('ref_axis',(0.,-1.,0.));
#6640=DIRECTION('',(-5.66512947269538E-33,-1.,-9.25185853854297E-17));
#6641=DIRECTION('',(-6.12323399573677E-17,5.08200680286193E-16,-1.));
#6642=DIRECTION('center_axis',(0.,0.,-1.));
#6643=DIRECTION('ref_axis',(0.,-1.,0.));
#6644=DIRECTION('',(-1.,0.,0.));
#6645=DIRECTION('',(1.,0.,0.));
#6646=DIRECTION('center_axis',(0.,-1.,-5.08200680286193E-16));
#6647=DIRECTION('ref_axis',(6.12323399573677E-17,-5.08200680286193E-16,
1.));
#6648=DIRECTION('',(-1.,0.,0.));
#6649=DIRECTION('center_axis',(-1.,0.,6.12323399573677E-17));
#6650=DIRECTION('ref_axis',(0.,-1.,0.));
#6651=DIRECTION('',(6.12323399573677E-17,-1.26161707343768E-16,1.));
#6652=DIRECTION('',(0.,-1.,0.));
#6653=DIRECTION('',(-6.12323399573677E-17,-4.44089209850063E-16,-1.));
#6654=DIRECTION('',(-6.03216603008128E-30,1.,-9.85127472554716E-14));
#6655=DIRECTION('center_axis',(-1.,0.,6.12323399573677E-17));
#6656=DIRECTION('ref_axis',(0.,-1.,0.));
#6657=DIRECTION('',(5.66512947269538E-33,1.,9.25185853854297E-17));
#6658=DIRECTION('',(6.12323399573677E-17,-5.08200680286193E-16,1.));
#6659=DIRECTION('',(-6.12323399573677E-17,-3.20988324064539E-33,-1.));
#6660=DIRECTION('center_axis',(0.,9.85127472554716E-14,1.));
#6661=DIRECTION('ref_axis',(-6.03216603008128E-30,1.,-9.85127472554716E-14));
#6662=DIRECTION('',(1.,0.,0.));
#6663=DIRECTION('',(-1.,0.,0.));
#6664=DIRECTION('',(6.03216603008128E-30,-1.,9.85127472554716E-14));
#6665=DIRECTION('center_axis',(-1.,0.,6.12323399573677E-17));
#6666=DIRECTION('ref_axis',(0.,-1.,0.));
#6667=DIRECTION('',(-6.12323399573677E-17,1.26161707343768E-16,-1.));
#6668=DIRECTION('',(6.12323399573677E-17,4.44089209850063E-16,1.));
#6669=DIRECTION('',(0.,1.,0.));
#6670=DIRECTION('center_axis',(-1.,0.,6.12323399573677E-17));
#6671=DIRECTION('ref_axis',(0.,-1.,0.));
#6672=DIRECTION('',(-5.66512947269538E-33,-1.,-9.25185853854297E-17));
#6673=DIRECTION('',(6.12323399573677E-17,3.20988324064539E-33,1.));
#6674=DIRECTION('',(-6.12323399573677E-17,5.08200680286193E-16,-1.));
#6675=DIRECTION('center_axis',(0.,0.,-1.));
#6676=DIRECTION('ref_axis',(0.,-1.,0.));
#6677=DIRECTION('',(-1.,0.,0.));
#6678=DIRECTION('',(1.,0.,0.));
#6679=DIRECTION('center_axis',(0.,-1.,-5.08200680286193E-16));
#6680=DIRECTION('ref_axis',(6.12323399573677E-17,-5.08200680286193E-16,
1.));
#6681=DIRECTION('',(-1.,0.,0.));
#6682=DIRECTION('center_axis',(0.,1.,-3.20988324064539E-33));
#6683=DIRECTION('ref_axis',(0.,3.20988324064539E-33,1.));
#6684=DIRECTION('',(1.,0.,0.));
#6685=DIRECTION('center_axis',(0.,1.,-3.20988324064539E-33));
#6686=DIRECTION('ref_axis',(0.,3.20988324064539E-33,1.));
#6687=DIRECTION('',(6.12323399573677E-17,3.20988324064539E-33,1.));
#6688=DIRECTION('',(1.,0.,0.));
#6689=DIRECTION('center_axis',(-1.,0.,6.12323399573677E-17));
#6690=DIRECTION('ref_axis',(0.,-1.,0.));
#6691=DIRECTION('',(6.12323399573677E-17,-1.26161707343768E-16,1.));
#6692=DIRECTION('',(0.,-1.,0.));
#6693=DIRECTION('',(-6.12323399573677E-17,-4.44089209850063E-16,-1.));
#6694=DIRECTION('',(-6.03216603008128E-30,1.,-9.85127472554716E-14));
#6695=DIRECTION('center_axis',(-1.,0.,6.12323399573677E-17));
#6696=DIRECTION('ref_axis',(0.,-1.,0.));
#6697=DIRECTION('',(5.66512947269538E-33,1.,9.25185853854297E-17));
#6698=DIRECTION('',(6.12323399573677E-17,-5.08200680286193E-16,1.));
#6699=DIRECTION('',(-6.12323399573677E-17,-3.20988324064539E-33,-1.));
#6700=DIRECTION('center_axis',(0.,9.85127472554716E-14,1.));
#6701=DIRECTION('ref_axis',(-6.03216603008128E-30,1.,-9.85127472554716E-14));
#6702=DIRECTION('',(1.,0.,0.));
#6703=DIRECTION('',(-1.,0.,0.));
#6704=DIRECTION('',(6.03216603008128E-30,-1.,9.85127472554716E-14));
#6705=DIRECTION('center_axis',(-1.,0.,6.12323399573677E-17));
#6706=DIRECTION('ref_axis',(0.,-1.,0.));
#6707=DIRECTION('',(-6.12323399573677E-17,1.26161707343768E-16,-1.));
#6708=DIRECTION('',(6.12323399573677E-17,4.44089209850063E-16,1.));
#6709=DIRECTION('',(0.,1.,0.));
#6710=DIRECTION('center_axis',(-1.,0.,6.12323399573677E-17));
#6711=DIRECTION('ref_axis',(0.,-1.,0.));
#6712=DIRECTION('',(-5.66512947269538E-33,-1.,-9.25185853854297E-17));
#6713=DIRECTION('',(-6.12323399573677E-17,5.08200680286193E-16,-1.));
#6714=DIRECTION('center_axis',(0.,0.,-1.));
#6715=DIRECTION('ref_axis',(0.,-1.,0.));
#6716=DIRECTION('',(-1.,0.,0.));
#6717=DIRECTION('',(1.,0.,0.));
#6718=DIRECTION('center_axis',(0.,-1.,-5.08200680286193E-16));
#6719=DIRECTION('ref_axis',(6.12323399573677E-17,-5.08200680286193E-16,
1.));
#6720=DIRECTION('',(-1.,0.,0.));
#6721=DIRECTION('center_axis',(-1.,0.,6.12323399573677E-17));
#6722=DIRECTION('ref_axis',(0.,-1.,0.));
#6723=DIRECTION('',(6.12323399573677E-17,-1.26161707343768E-16,1.));
#6724=DIRECTION('',(0.,-1.,0.));
#6725=DIRECTION('',(-6.12323399573677E-17,-4.44089209850063E-16,-1.));
#6726=DIRECTION('',(-6.03216603008128E-30,1.,-9.85127472554716E-14));
#6727=DIRECTION('center_axis',(-1.,0.,6.12323399573677E-17));
#6728=DIRECTION('ref_axis',(0.,-1.,0.));
#6729=DIRECTION('',(5.66512947269538E-33,1.,9.25185853854297E-17));
#6730=DIRECTION('',(6.12323399573677E-17,-5.08200680286193E-16,1.));
#6731=DIRECTION('',(-6.12323399573677E-17,-3.20988324064539E-33,-1.));
#6732=DIRECTION('center_axis',(0.,9.85127472554716E-14,1.));
#6733=DIRECTION('ref_axis',(-6.03216603008128E-30,1.,-9.85127472554716E-14));
#6734=DIRECTION('',(1.,0.,0.));
#6735=DIRECTION('',(-1.,0.,0.));
#6736=DIRECTION('',(6.03216603008128E-30,-1.,9.85127472554716E-14));
#6737=DIRECTION('center_axis',(-1.,0.,6.12323399573677E-17));
#6738=DIRECTION('ref_axis',(0.,-1.,0.));
#6739=DIRECTION('',(-6.12323399573677E-17,1.26161707343768E-16,-1.));
#6740=DIRECTION('',(6.12323399573677E-17,4.44089209850063E-16,1.));
#6741=DIRECTION('',(0.,1.,0.));
#6742=DIRECTION('center_axis',(-1.,0.,6.12323399573677E-17));
#6743=DIRECTION('ref_axis',(0.,-1.,0.));
#6744=DIRECTION('',(-5.66512947269538E-33,-1.,-9.25185853854297E-17));
#6745=DIRECTION('',(6.12323399573677E-17,3.20988324064539E-33,1.));
#6746=DIRECTION('',(-6.12323399573677E-17,5.08200680286193E-16,-1.));
#6747=DIRECTION('center_axis',(0.,0.,-1.));
#6748=DIRECTION('ref_axis',(0.,-1.,0.));
#6749=DIRECTION('',(-1.,0.,0.));
#6750=DIRECTION('',(1.,0.,0.));
#6751=DIRECTION('center_axis',(0.,-1.,-5.08200680286193E-16));
#6752=DIRECTION('ref_axis',(6.12323399573677E-17,-5.08200680286193E-16,
1.));
#6753=DIRECTION('',(-1.,0.,0.));
#6754=DIRECTION('center_axis',(0.,1.,-3.20988324064539E-33));
#6755=DIRECTION('ref_axis',(0.,3.20988324064539E-33,1.));
#6756=DIRECTION('',(1.,0.,0.));
#6757=DIRECTION('center_axis',(0.,1.,-3.20988324064539E-33));
#6758=DIRECTION('ref_axis',(0.,3.20988324064539E-33,1.));
#6759=DIRECTION('',(6.12323399573677E-17,3.20988324064539E-33,1.));
#6760=DIRECTION('',(1.,0.,0.));
#6761=DIRECTION('center_axis',(-1.,0.,6.12323399573677E-17));
#6762=DIRECTION('ref_axis',(0.,-1.,0.));
#6763=DIRECTION('',(6.12323399573677E-17,-1.26161707343768E-16,1.));
#6764=DIRECTION('',(0.,-1.,0.));
#6765=DIRECTION('',(-6.12323399573677E-17,-4.44089209850063E-16,-1.));
#6766=DIRECTION('',(-6.03216603008128E-30,1.,-9.85127472554716E-14));
#6767=DIRECTION('center_axis',(-1.,0.,6.12323399573677E-17));
#6768=DIRECTION('ref_axis',(0.,-1.,0.));
#6769=DIRECTION('',(5.66512947269538E-33,1.,9.25185853854297E-17));
#6770=DIRECTION('',(6.12323399573677E-17,-5.08200680286193E-16,1.));
#6771=DIRECTION('',(-6.12323399573677E-17,-3.20988324064539E-33,-1.));
#6772=DIRECTION('center_axis',(0.,9.85127472554716E-14,1.));
#6773=DIRECTION('ref_axis',(-6.03216603008128E-30,1.,-9.85127472554716E-14));
#6774=DIRECTION('',(1.,0.,0.));
#6775=DIRECTION('',(-1.,0.,0.));
#6776=DIRECTION('',(6.03216603008128E-30,-1.,9.85127472554716E-14));
#6777=DIRECTION('center_axis',(-1.,0.,6.12323399573677E-17));
#6778=DIRECTION('ref_axis',(0.,-1.,0.));
#6779=DIRECTION('',(-6.12323399573677E-17,1.26161707343768E-16,-1.));
#6780=DIRECTION('',(6.12323399573677E-17,4.44089209850063E-16,1.));
#6781=DIRECTION('',(0.,1.,0.));
#6782=DIRECTION('center_axis',(-1.,0.,6.12323399573677E-17));
#6783=DIRECTION('ref_axis',(0.,-1.,0.));
#6784=DIRECTION('',(-5.66512947269538E-33,-1.,-9.25185853854297E-17));
#6785=DIRECTION('',(-6.12323399573677E-17,5.08200680286193E-16,-1.));
#6786=DIRECTION('center_axis',(0.,0.,-1.));
#6787=DIRECTION('ref_axis',(0.,-1.,0.));
#6788=DIRECTION('',(-1.,0.,0.));
#6789=DIRECTION('',(1.,0.,0.));
#6790=DIRECTION('center_axis',(0.,-1.,-5.08200680286193E-16));
#6791=DIRECTION('ref_axis',(6.12323399573677E-17,-5.08200680286193E-16,
1.));
#6792=DIRECTION('',(-1.,0.,0.));
#6793=DIRECTION('center_axis',(-1.,0.,6.12323399573677E-17));
#6794=DIRECTION('ref_axis',(0.,-1.,0.));
#6795=DIRECTION('',(6.12323399573677E-17,-1.26161707343768E-16,1.));
#6796=DIRECTION('',(0.,-1.,0.));
#6797=DIRECTION('',(-6.12323399573677E-17,-4.44089209850063E-16,-1.));
#6798=DIRECTION('',(-6.03216603008128E-30,1.,-9.85127472554716E-14));
#6799=DIRECTION('center_axis',(-1.,0.,6.12323399573677E-17));
#6800=DIRECTION('ref_axis',(0.,-1.,0.));
#6801=DIRECTION('',(5.66512947269538E-33,1.,9.25185853854297E-17));
#6802=DIRECTION('',(6.12323399573677E-17,-5.08200680286193E-16,1.));
#6803=DIRECTION('',(-6.12323399573677E-17,-3.20988324064539E-33,-1.));
#6804=DIRECTION('center_axis',(0.,9.85127472554716E-14,1.));
#6805=DIRECTION('ref_axis',(-6.03216603008128E-30,1.,-9.85127472554716E-14));
#6806=DIRECTION('',(1.,0.,0.));
#6807=DIRECTION('',(-1.,0.,0.));
#6808=DIRECTION('',(6.03216603008128E-30,-1.,9.85127472554716E-14));
#6809=DIRECTION('center_axis',(-1.,0.,6.12323399573677E-17));
#6810=DIRECTION('ref_axis',(0.,-1.,0.));
#6811=DIRECTION('',(-6.12323399573677E-17,1.26161707343768E-16,-1.));
#6812=DIRECTION('',(6.12323399573677E-17,4.44089209850063E-16,1.));
#6813=DIRECTION('',(0.,1.,0.));
#6814=DIRECTION('center_axis',(-1.,0.,6.12323399573677E-17));
#6815=DIRECTION('ref_axis',(0.,-1.,0.));
#6816=DIRECTION('',(-5.66512947269538E-33,-1.,-9.25185853854297E-17));
#6817=DIRECTION('',(6.12323399573677E-17,3.20988324064539E-33,1.));
#6818=DIRECTION('',(-6.12323399573677E-17,5.08200680286193E-16,-1.));
#6819=DIRECTION('center_axis',(0.,0.,-1.));
#6820=DIRECTION('ref_axis',(0.,-1.,0.));
#6821=DIRECTION('',(-1.,0.,0.));
#6822=DIRECTION('',(1.,0.,0.));
#6823=DIRECTION('center_axis',(0.,-1.,-5.08200680286193E-16));
#6824=DIRECTION('ref_axis',(6.12323399573677E-17,-5.08200680286193E-16,
1.));
#6825=DIRECTION('',(-1.,0.,0.));
#6826=DIRECTION('center_axis',(0.,1.,-3.20988324064539E-33));
#6827=DIRECTION('ref_axis',(0.,3.20988324064539E-33,1.));
#6828=DIRECTION('',(1.,0.,0.));
#6829=DIRECTION('center_axis',(0.,1.,-3.20988324064539E-33));
#6830=DIRECTION('ref_axis',(0.,3.20988324064539E-33,1.));
#6831=DIRECTION('',(6.12323399573677E-17,3.20988324064539E-33,1.));
#6832=DIRECTION('',(1.,0.,0.));
#6833=DIRECTION('center_axis',(0.,9.85127472554716E-14,1.));
#6834=DIRECTION('ref_axis',(-6.03216603008128E-30,1.,-9.85127472554716E-14));
#6835=DIRECTION('',(1.,0.,0.));
#6836=DIRECTION('',(-6.03216603008128E-30,1.,-9.85127472554716E-14));
#6837=DIRECTION('',(-1.,0.,0.));
#6838=DIRECTION('',(6.03216603008128E-30,-1.,9.85127472554716E-14));
#6839=DIRECTION('center_axis',(-1.,0.,6.12323399573677E-17));
#6840=DIRECTION('ref_axis',(0.,-1.,0.));
#6841=DIRECTION('',(5.66512947269538E-33,1.,9.25185853854297E-17));
#6842=DIRECTION('',(6.12323399573677E-17,-5.08200680286193E-16,1.));
#6843=DIRECTION('',(-6.12323399573677E-17,-3.20988324064539E-33,-1.));
#6844=DIRECTION('center_axis',(-1.,0.,6.12323399573677E-17));
#6845=DIRECTION('ref_axis',(0.,-1.,0.));
#6846=DIRECTION('',(6.12323399573677E-17,-1.26161707343768E-16,1.));
#6847=DIRECTION('',(0.,-1.,0.));
#6848=DIRECTION('',(-6.12323399573677E-17,-4.44089209850063E-16,-1.));
#6849=DIRECTION('center_axis',(-1.,0.,6.12323399573677E-17));
#6850=DIRECTION('ref_axis',(0.,-1.,0.));
#6851=DIRECTION('',(-5.66512947269538E-33,-1.,-9.25185853854297E-17));
#6852=DIRECTION('',(-6.12323399573677E-17,5.08200680286193E-16,-1.));
#6853=DIRECTION('center_axis',(-1.,0.,6.12323399573677E-17));
#6854=DIRECTION('ref_axis',(0.,-1.,0.));
#6855=DIRECTION('',(-6.12323399573677E-17,1.26161707343768E-16,-1.));
#6856=DIRECTION('',(6.12323399573677E-17,4.44089209850063E-16,1.));
#6857=DIRECTION('',(0.,1.,0.));
#6858=DIRECTION('center_axis',(0.,0.,-1.));
#6859=DIRECTION('ref_axis',(0.,-1.,0.));
#6860=DIRECTION('',(-1.,0.,0.));
#6861=DIRECTION('',(1.,0.,0.));
#6862=DIRECTION('center_axis',(0.,-1.,-5.08200680286193E-16));
#6863=DIRECTION('ref_axis',(6.12323399573677E-17,-5.08200680286193E-16,
1.));
#6864=DIRECTION('',(-1.,0.,0.));
#6865=DIRECTION('center_axis',(-1.,-3.41607084500122E-15,0.));
#6866=DIRECTION('ref_axis',(3.41607084500122E-15,-1.,0.));
#6867=DIRECTION('',(3.41607084500122E-15,-1.,0.));
#6868=DIRECTION('',(0.,0.,1.));
#6869=DIRECTION('',(-3.41607084500122E-15,1.,0.));
#6870=DIRECTION('',(0.,0.,1.));
#6871=DIRECTION('center_axis',(-0.707106781186673,0.707106781186422,0.));
#6872=DIRECTION('ref_axis',(-0.707106781186422,-0.707106781186673,0.));
#6873=DIRECTION('',(0.707106781186422,0.707106781186673,0.));
#6874=DIRECTION('',(1.85037170770794E-16,1.85037170770859E-16,1.));
#6875=DIRECTION('',(-0.707106781186422,-0.707106781186673,0.));
#6876=DIRECTION('center_axis',(-0.903860497768417,0.427827302277249,0.));
#6877=DIRECTION('ref_axis',(-0.427827302277249,-0.903860497768417,0.));
#6878=DIRECTION('',(-0.427827302277249,-0.903860497768417,0.));
#6879=DIRECTION('',(0.,0.,1.));
#6880=DIRECTION('',(0.427827302277249,0.903860497768417,0.));
#6881=DIRECTION('center_axis',(-3.12250225675825E-14,1.,0.));
#6882=DIRECTION('ref_axis',(-1.,-3.12250225675825E-14,0.));
#6883=DIRECTION('',(-1.,-3.12250225675825E-14,0.));
#6884=DIRECTION('',(0.,0.,1.));
#6885=DIRECTION('',(1.,3.12250225675825E-14,0.));
#6886=DIRECTION('center_axis',(1.,-7.41723467515582E-14,0.));
#6887=DIRECTION('ref_axis',(7.41723467515582E-14,1.,0.));
#6888=DIRECTION('',(7.41723467515582E-14,1.,0.));
#6889=DIRECTION('',(-1.37246411923435E-29,-1.85037170770859E-16,-1.));
#6890=DIRECTION('',(-7.41723467515582E-14,-1.,0.));
#6891=DIRECTION('center_axis',(2.89698820488126E-13,1.,0.));
#6892=DIRECTION('ref_axis',(-1.,2.89698820488126E-13,0.));
#6893=DIRECTION('',(-1.,2.89698820488126E-13,0.));
#6894=DIRECTION('',(0.,0.,1.));
#6895=DIRECTION('',(1.,-2.89698820488126E-13,0.));
#6896=DIRECTION('',(0.,0.,1.));
#6897=DIRECTION('center_axis',(0.903860497768529,0.427827302277014,0.));
#6898=DIRECTION('ref_axis',(-0.427827302277014,0.903860497768529,0.));
#6899=DIRECTION('',(-0.427827302277014,0.903860497768529,0.));
#6900=DIRECTION('',(0.,0.,1.));
#6901=DIRECTION('',(0.427827302277014,-0.903860497768529,0.));
#6902=DIRECTION('center_axis',(1.,-2.58767366508842E-13,0.));
#6903=DIRECTION('ref_axis',(2.58767366508842E-13,1.,0.));
#6904=DIRECTION('',(2.58767366508842E-13,1.,0.));
#6905=DIRECTION('',(0.,0.,1.));
#6906=DIRECTION('',(-2.58767366508842E-13,-1.,0.));
#6907=DIRECTION('center_axis',(0.707106781186858,0.707106781186237,0.));
#6908=DIRECTION('ref_axis',(-0.707106781186237,0.707106781186858,0.));
#6909=DIRECTION('',(-0.707106781186237,0.707106781186858,0.));
#6910=DIRECTION('',(1.85037170770697E-16,-1.85037170770859E-16,-1.));
#6911=DIRECTION('',(0.707106781186237,-0.707106781186858,0.));
#6912=DIRECTION('center_axis',(-1.,1.83777343225198E-13,0.));
#6913=DIRECTION('ref_axis',(-1.83777343225198E-13,-1.,0.));
#6914=DIRECTION('',(1.83777343225198E-13,1.,0.));
#6915=DIRECTION('',(3.40056396421759E-29,1.85037170770859E-16,1.));
#6916=DIRECTION('',(-1.83777343225198E-13,-1.,0.));
#6917=DIRECTION('center_axis',(0.,0.,1.));
#6918=DIRECTION('ref_axis',(0.,-1.,0.));
#6919=DIRECTION('',(1.,0.,0.));
#6920=DIRECTION('',(1.,0.,0.));
#6921=DIRECTION('',(1.,0.,0.));
#6922=DIRECTION('',(1.,0.,0.));
#6923=DIRECTION('center_axis',(0.,-1.,1.85037170770859E-16));
#6924=DIRECTION('ref_axis',(0.,-1.85037170770859E-16,-1.));
#6925=DIRECTION('',(1.,0.,0.));
#6926=DIRECTION('center_axis',(0.,-1.,1.85037170770859E-16));
#6927=DIRECTION('ref_axis',(0.,-1.85037170770859E-16,-1.));
#6928=DIRECTION('',(1.,0.,0.));
#6929=DIRECTION('center_axis',(0.,1.,3.33066907387548E-15));
#6930=DIRECTION('ref_axis',(0.,-3.33066907387548E-15,1.));
#6931=DIRECTION('',(0.,-3.33066907387548E-15,1.));
#6932=DIRECTION('',(1.,0.,0.));
#6933=DIRECTION('',(1.,0.,0.));
#6934=DIRECTION('center_axis',(0.,-1.60901887626834E-16,-1.));
#6935=DIRECTION('ref_axis',(0.,1.,-1.60901887626834E-16));
#6936=DIRECTION('',(0.,1.,-1.60901887626834E-16));
#6937=DIRECTION('',(-1.,0.,0.));
#6938=DIRECTION('center_axis',(0.,-1.60901887626834E-16,-1.));
#6939=DIRECTION('ref_axis',(0.,1.,-1.60901887626834E-16));
#6940=DIRECTION('',(0.,-1.,1.60901887626834E-16));
#6941=DIRECTION('',(1.,0.,0.));
#6942=DIRECTION('',(-1.,0.,0.));
#6943=DIRECTION('center_axis',(0.,0.248375350267705,0.968663866044045));
#6944=DIRECTION('ref_axis',(0.,-0.968663866044045,0.248375350267705));
#6945=DIRECTION('',(0.,-0.968663866044045,0.248375350267705));
#6946=DIRECTION('',(1.,0.,0.));
#6947=DIRECTION('center_axis',(0.,0.248375350267705,0.968663866044045));
#6948=DIRECTION('ref_axis',(0.,-0.968663866044045,0.248375350267705));
#6949=DIRECTION('',(0.,0.968663866044045,-0.248375350267705));
#6950=DIRECTION('',(1.,0.,0.));
#6951=DIRECTION('',(1.,0.,0.));
#6952=DIRECTION('center_axis',(0.,1.,3.33066907387548E-15));
#6953=DIRECTION('ref_axis',(0.,-3.33066907387548E-15,1.));
#6954=DIRECTION('',(0.,3.33066907387548E-15,-1.));
#6955=DIRECTION('center_axis',(0.,-1.,1.85037170770859E-16));
#6956=DIRECTION('ref_axis',(0.,-1.85037170770859E-16,-1.));
#6957=DIRECTION('',(1.,0.,0.));
#6958=DIRECTION('center_axis',(1.,0.,0.));
#6959=DIRECTION('ref_axis',(0.,0.,-1.));
#6960=DIRECTION('',(0.,-1.,0.));
#6961=DIRECTION('',(0.,-1.26161707343768E-16,1.));
#6962=DIRECTION('',(0.,1.,-2.03657263427047E-16));
#6963=DIRECTION('',(0.,-1.85037170770859E-16,-1.));
#6964=DIRECTION('center_axis',(-1.,0.,0.));
#6965=DIRECTION('ref_axis',(0.,0.,1.));
#6966=DIRECTION('',(0.,1.85037170770859E-16,1.));
#6967=DIRECTION('',(0.,-1.,2.03657263427047E-16));
#6968=DIRECTION('',(0.,1.26161707343768E-16,-1.));
#6969=DIRECTION('',(0.,1.,0.));
#6970=DIRECTION('center_axis',(0.,0.,1.));
#6971=DIRECTION('ref_axis',(0.,-1.,0.));
#6972=DIRECTION('',(1.,0.,0.));
#6973=DIRECTION('center_axis',(0.,1.,1.26161707343768E-16));
#6974=DIRECTION('ref_axis',(0.,-1.26161707343768E-16,1.));
#6975=DIRECTION('',(1.,0.,0.));
#6976=DIRECTION('center_axis',(0.,-2.03657263427047E-16,-1.));
#6977=DIRECTION('ref_axis',(0.,1.,-2.03657263427047E-16));
#6978=DIRECTION('',(-1.,0.,0.));
#6979=DIRECTION('center_axis',(0.,0.345977091528784,0.938242960078723));
#6980=DIRECTION('ref_axis',(0.,-0.938242960078723,0.345977091528784));
#6981=DIRECTION('',(1.,0.,0.));
#6982=DIRECTION('',(0.,-0.938242960078723,0.345977091528784));
#6983=DIRECTION('',(1.,0.,0.));
#6984=DIRECTION('center_axis',(1.,0.,0.));
#6985=DIRECTION('ref_axis',(0.,0.,-1.));
#6986=DIRECTION('',(0.,-1.,-9.25185853854297E-17));
#6987=DIRECTION('',(0.,3.20988324064539E-33,1.));
#6988=DIRECTION('',(0.,8.64659676499231E-17,1.));
#6989=DIRECTION('',(0.,1.,0.));
#6990=DIRECTION('',(0.,0.,1.));
#6991=DIRECTION('',(0.,-1.,0.));
#6992=DIRECTION('',(0.,4.44089209850063E-16,1.));
#6993=DIRECTION('',(0.,1.,1.85037170770859E-15));
#6994=DIRECTION('',(0.,-8.22387425648349E-16,1.));
#6995=DIRECTION('center_axis',(0.,1.85037170770859E-15,-1.));
#6996=DIRECTION('ref_axis',(0.,1.,1.85037170770859E-15));
#6997=DIRECTION('',(1.,0.,0.));
#6998=DIRECTION('',(0.,-1.,-1.85037170770859E-15));
#6999=DIRECTION('',(1.,0.,0.));
#7000=DIRECTION('center_axis',(0.,1.,-4.44089209850063E-16));
#7001=DIRECTION('ref_axis',(0.,4.44089209850063E-16,1.));
#7002=DIRECTION('',(1.,0.,0.));
#7003=DIRECTION('',(0.,-4.44089209850063E-16,-1.));
#7004=DIRECTION('center_axis',(0.,0.,1.));
#7005=DIRECTION('ref_axis',(0.,-1.,0.));
#7006=DIRECTION('',(1.,0.,0.));
#7007=DIRECTION('',(0.,1.,0.));
#7008=DIRECTION('center_axis',(0.,1.,0.));
#7009=DIRECTION('ref_axis',(0.,0.,1.));
#7010=DIRECTION('',(1.,0.,0.));
#7011=DIRECTION('',(0.,0.,-1.));
#7012=DIRECTION('center_axis',(0.,0.,-1.));
#7013=DIRECTION('ref_axis',(0.,1.,0.));
#7014=DIRECTION('',(-1.,0.,0.));
#7015=DIRECTION('',(0.,-1.,0.));
#7016=DIRECTION('center_axis',(0.,1.,-8.64659676499231E-17));
#7017=DIRECTION('ref_axis',(0.,8.64659676499231E-17,1.));
#7018=DIRECTION('',(-1.,0.,0.));
#7019=DIRECTION('',(0.,-8.64659676499231E-17,-1.));
#7020=DIRECTION('center_axis',(-1.,0.,0.));
#7021=DIRECTION('ref_axis',(0.,0.,1.));
#7022=DIRECTION('',(0.,1.,9.25185853854297E-17));
#7023=DIRECTION('',(0.,8.22387425648349E-16,-1.));
#7024=DIRECTION('',(0.,0.938242960078723,-0.345977091528784));
#7025=DIRECTION('center_axis',(0.,0.345977091528784,0.938242960078723));
#7026=DIRECTION('ref_axis',(0.,0.938242960078723,-0.345977091528784));
#7027=DIRECTION('center_axis',(0.,-9.25185853854297E-17,1.));
#7028=DIRECTION('ref_axis',(0.,-1.,-9.25185853854297E-17));
#7029=DIRECTION('',(1.,0.,0.));
#7030=DIRECTION('',(1.,0.,0.));
#7031=DIRECTION('center_axis',(0.,1.,-3.20988324064539E-33));
#7032=DIRECTION('ref_axis',(0.,3.20988324064539E-33,1.));
#7033=DIRECTION('center_axis',(0.,-1.,1.85037170770859E-16));
#7034=DIRECTION('ref_axis',(0.,-1.85037170770859E-16,-1.));
#7035=DIRECTION('center_axis',(0.,1.,8.22387425648349E-16));
#7036=DIRECTION('ref_axis',(0.,-8.22387425648349E-16,1.));
#7037=DIRECTION('center_axis',(-1.,0.,6.12323399573677E-17));
#7038=DIRECTION('ref_axis',(0.,-1.,0.));
#7039=DIRECTION('',(6.03216603008128E-30,-1.,9.85127472554716E-14));
#7040=DIRECTION('',(-1.06328842478793E-17,-0.984807753012207,-0.173648177666938));
#7041=DIRECTION('',(-6.12323399573677E-17,5.18075575509826E-13,-1.));
#7042=DIRECTION('',(-1.06328842479323E-17,0.984807753012054,-0.173648177667804));
#7043=DIRECTION('',(0.,1.,0.));
#7044=DIRECTION('',(-6.12323399573677E-17,5.08200680286193E-16,-1.));
#7045=DIRECTION('',(-3.14470591617548E-33,1.,-5.13569450124712E-17));
#7046=DIRECTION('',(6.12323399573677E-17,0.,1.));
#7047=DIRECTION('',(1.0632884247879E-17,-0.984807753012208,0.173648177666932));
#7048=DIRECTION('',(8.85176480108652E-33,-1.,1.44560289664734E-16));
#7049=DIRECTION('center_axis',(-1.,0.,6.12323399573677E-17));
#7050=DIRECTION('ref_axis',(-6.12323399573677E-17,0.,-1.));
#7051=DIRECTION('',(6.12323399573677E-17,-8.61193276881622E-16,1.));
#7052=DIRECTION('center_axis',(1.,0.,-6.12323399573677E-17));
#7053=DIRECTION('ref_axis',(6.12323399573677E-17,-1.73472347597681E-16,
1.));
#7054=DIRECTION('center_axis',(0.,-0.173648177666938,0.984807753012207));
#7055=DIRECTION('ref_axis',(1.06328842478793E-17,0.984807753012207,0.173648177666938));
#7056=DIRECTION('',(-1.,0.,0.));
#7057=DIRECTION('',(1.06328842478793E-17,0.984807753012207,0.173648177666938));
#7058=DIRECTION('',(-1.,0.,0.));
#7059=DIRECTION('center_axis',(0.,-1.,-5.18075575509826E-13));
#7060=DIRECTION('ref_axis',(6.12323399573677E-17,-5.18075575509826E-13,
1.));
#7061=DIRECTION('',(6.12323399573677E-17,-5.18075575509826E-13,1.));
#7062=DIRECTION('',(-1.,0.,0.));
#7063=DIRECTION('center_axis',(0.,-0.173648177667804,-0.984807753012054));
#7064=DIRECTION('ref_axis',(1.06328842479323E-17,-0.984807753012054,0.173648177667804));
#7065=DIRECTION('',(1.06328842479323E-17,-0.984807753012054,0.173648177667804));
#7066=DIRECTION('',(-1.,0.,0.));
#7067=DIRECTION('center_axis',(0.,0.,-1.));
#7068=DIRECTION('ref_axis',(0.,-1.,0.));
#7069=DIRECTION('',(0.,-1.,0.));
#7070=DIRECTION('',(-1.,0.,0.));
#7071=DIRECTION('center_axis',(0.,-1.,-5.08200680286193E-16));
#7072=DIRECTION('ref_axis',(6.12323399573677E-17,-5.08200680286193E-16,
1.));
#7073=DIRECTION('',(6.12323399573677E-17,-5.08200680286193E-16,1.));
#7074=DIRECTION('',(-1.,0.,0.));
#7075=DIRECTION('center_axis',(0.,-5.13569450124712E-17,-1.));
#7076=DIRECTION('ref_axis',(3.14470591617548E-33,-1.,5.13569450124712E-17));
#7077=DIRECTION('',(3.14470591617548E-33,-1.,5.13569450124712E-17));
#7078=DIRECTION('',(-1.,0.,0.));
#7079=DIRECTION('center_axis',(0.,1.,0.));
#7080=DIRECTION('ref_axis',(-6.12323399573677E-17,0.,-1.));
#7081=DIRECTION('',(-6.12323399573677E-17,0.,-1.));
#7082=DIRECTION('',(-1.,0.,0.));
#7083=DIRECTION('center_axis',(0.,0.173648177666932,0.984807753012208));
#7084=DIRECTION('ref_axis',(-1.0632884247879E-17,0.984807753012208,-0.173648177666932));
#7085=DIRECTION('',(-1.0632884247879E-17,0.984807753012208,-0.173648177666932));
#7086=DIRECTION('',(-1.,0.,0.));
#7087=DIRECTION('center_axis',(0.,1.44560289664734E-16,1.));
#7088=DIRECTION('ref_axis',(-8.85176480108652E-33,1.,-1.44560289664734E-16));
#7089=DIRECTION('',(-8.85176480108652E-33,1.,-1.44560289664734E-16));
#7090=DIRECTION('',(1.,0.,0.));
#7091=DIRECTION('center_axis',(-1.,0.,0.));
#7092=DIRECTION('ref_axis',(0.,0.,-1.));
#7093=DIRECTION('center_axis',(1.,0.,-6.12323399573677E-17));
#7094=DIRECTION('ref_axis',(-6.12323399573677E-17,0.,-1.));
#7095=DIRECTION('',(-1.,0.,0.));
#7096=DIRECTION('center_axis',(0.,1.,8.61193276881622E-16));
#7097=DIRECTION('ref_axis',(-6.12323399573677E-17,8.61193276881622E-16,
-1.));
#7098=DIRECTION('',(-6.12323399573677E-17,8.61193276881622E-16,-1.));
#7099=DIRECTION('',(-1.,0.,0.));
#7100=DIRECTION('center_axis',(-1.,0.,0.));
#7101=DIRECTION('ref_axis',(0.,-1.73472347597681E-16,1.));
#7102=DIRECTION('center_axis',(-1.,0.,6.12323399573677E-17));
#7103=DIRECTION('ref_axis',(6.12323399573677E-17,-1.73472347597681E-16,
1.));
#7104=DIRECTION('',(-1.,0.,0.));
#7105=DIRECTION('center_axis',(0.,9.85127472554716E-14,1.));
#7106=DIRECTION('ref_axis',(-6.03216603008128E-30,1.,-9.85127472554716E-14));
#7107=DIRECTION('',(-6.03216603008128E-30,1.,-9.85127472554716E-14));
#7108=DIRECTION('center_axis',(-1.,0.,6.12323399573677E-17));
#7109=DIRECTION('ref_axis',(0.,-1.,0.));
#7110=DIRECTION('center_axis',(-1.,0.,6.12323399573677E-17));
#7111=DIRECTION('ref_axis',(0.,-1.,0.));
#7112=DIRECTION('',(6.03216603008128E-30,-1.,9.85127472554716E-14));
#7113=DIRECTION('',(-1.06328842478793E-17,-0.984807753012207,-0.173648177666938));
#7114=DIRECTION('',(-6.12323399573677E-17,5.18075575509826E-13,-1.));
#7115=DIRECTION('',(-1.06328842479323E-17,0.984807753012054,-0.173648177667804));
#7116=DIRECTION('',(0.,1.,0.));
#7117=DIRECTION('',(-6.12323399573677E-17,5.08200680286193E-16,-1.));
#7118=DIRECTION('',(-3.14470591617548E-33,1.,-5.13569450124712E-17));
#7119=DIRECTION('',(6.12323399573677E-17,0.,1.));
#7120=DIRECTION('',(1.0632884247879E-17,-0.984807753012208,0.173648177666932));
#7121=DIRECTION('',(8.85176480108652E-33,-1.,1.44560289664734E-16));
#7122=DIRECTION('center_axis',(-1.,0.,6.12323399573677E-17));
#7123=DIRECTION('ref_axis',(-6.12323399573677E-17,0.,-1.));
#7124=DIRECTION('',(6.12323399573677E-17,-8.61193276881622E-16,1.));
#7125=DIRECTION('center_axis',(1.,0.,-6.12323399573677E-17));
#7126=DIRECTION('ref_axis',(6.12323399573677E-17,-1.73472347597681E-16,
1.));
#7127=DIRECTION('center_axis',(0.,-0.173648177666938,0.984807753012207));
#7128=DIRECTION('ref_axis',(1.06328842478793E-17,0.984807753012207,0.173648177666938));
#7129=DIRECTION('',(-1.,0.,0.));
#7130=DIRECTION('',(1.06328842478793E-17,0.984807753012207,0.173648177666938));
#7131=DIRECTION('',(-1.,0.,0.));
#7132=DIRECTION('center_axis',(0.,-1.,-5.18075575509826E-13));
#7133=DIRECTION('ref_axis',(6.12323399573677E-17,-5.18075575509826E-13,
1.));
#7134=DIRECTION('',(6.12323399573677E-17,-5.18075575509826E-13,1.));
#7135=DIRECTION('',(-1.,0.,0.));
#7136=DIRECTION('center_axis',(0.,-0.173648177667804,-0.984807753012054));
#7137=DIRECTION('ref_axis',(1.06328842479323E-17,-0.984807753012054,0.173648177667804));
#7138=DIRECTION('',(1.06328842479323E-17,-0.984807753012054,0.173648177667804));
#7139=DIRECTION('',(-1.,0.,0.));
#7140=DIRECTION('center_axis',(0.,0.,-1.));
#7141=DIRECTION('ref_axis',(0.,-1.,0.));
#7142=DIRECTION('',(0.,-1.,0.));
#7143=DIRECTION('',(-1.,0.,0.));
#7144=DIRECTION('center_axis',(0.,-1.,-5.08200680286193E-16));
#7145=DIRECTION('ref_axis',(6.12323399573677E-17,-5.08200680286193E-16,
1.));
#7146=DIRECTION('',(6.12323399573677E-17,-5.08200680286193E-16,1.));
#7147=DIRECTION('',(-1.,0.,0.));
#7148=DIRECTION('center_axis',(0.,-5.13569450124712E-17,-1.));
#7149=DIRECTION('ref_axis',(3.14470591617548E-33,-1.,5.13569450124712E-17));
#7150=DIRECTION('',(3.14470591617548E-33,-1.,5.13569450124712E-17));
#7151=DIRECTION('',(-1.,0.,0.));
#7152=DIRECTION('center_axis',(0.,1.,0.));
#7153=DIRECTION('ref_axis',(-6.12323399573677E-17,0.,-1.));
#7154=DIRECTION('',(-6.12323399573677E-17,0.,-1.));
#7155=DIRECTION('',(-1.,0.,0.));
#7156=DIRECTION('center_axis',(0.,0.173648177666932,0.984807753012208));
#7157=DIRECTION('ref_axis',(-1.0632884247879E-17,0.984807753012208,-0.173648177666932));
#7158=DIRECTION('',(-1.0632884247879E-17,0.984807753012208,-0.173648177666932));
#7159=DIRECTION('',(-1.,0.,0.));
#7160=DIRECTION('center_axis',(0.,1.44560289664734E-16,1.));
#7161=DIRECTION('ref_axis',(-8.85176480108652E-33,1.,-1.44560289664734E-16));
#7162=DIRECTION('',(-8.85176480108652E-33,1.,-1.44560289664734E-16));
#7163=DIRECTION('',(1.,0.,0.));
#7164=DIRECTION('center_axis',(-1.,0.,0.));
#7165=DIRECTION('ref_axis',(0.,0.,-1.));
#7166=DIRECTION('center_axis',(1.,0.,-6.12323399573677E-17));
#7167=DIRECTION('ref_axis',(-6.12323399573677E-17,0.,-1.));
#7168=DIRECTION('',(-1.,0.,0.));
#7169=DIRECTION('center_axis',(0.,1.,8.61193276881622E-16));
#7170=DIRECTION('ref_axis',(-6.12323399573677E-17,8.61193276881622E-16,
-1.));
#7171=DIRECTION('',(-6.12323399573677E-17,8.61193276881622E-16,-1.));
#7172=DIRECTION('',(-1.,0.,0.));
#7173=DIRECTION('center_axis',(-1.,0.,0.));
#7174=DIRECTION('ref_axis',(0.,-1.73472347597681E-16,1.));
#7175=DIRECTION('center_axis',(-1.,0.,6.12323399573677E-17));
#7176=DIRECTION('ref_axis',(6.12323399573677E-17,-1.73472347597681E-16,
1.));
#7177=DIRECTION('',(-1.,0.,0.));
#7178=DIRECTION('center_axis',(0.,9.85127472554716E-14,1.));
#7179=DIRECTION('ref_axis',(-6.03216603008128E-30,1.,-9.85127472554716E-14));
#7180=DIRECTION('',(-6.03216603008128E-30,1.,-9.85127472554716E-14));
#7181=DIRECTION('center_axis',(-1.,0.,6.12323399573677E-17));
#7182=DIRECTION('ref_axis',(0.,-1.,0.));
#7183=DIRECTION('center_axis',(-1.,0.,6.12323399573677E-17));
#7184=DIRECTION('ref_axis',(0.,-1.,0.));
#7185=DIRECTION('',(6.03216603008128E-30,-1.,9.85127472554716E-14));
#7186=DIRECTION('',(-1.06328842478793E-17,-0.984807753012207,-0.173648177666938));
#7187=DIRECTION('',(-6.12323399573677E-17,5.18075575509826E-13,-1.));
#7188=DIRECTION('',(-1.06328842479323E-17,0.984807753012054,-0.173648177667804));
#7189=DIRECTION('',(0.,1.,0.));
#7190=DIRECTION('',(-6.12323399573677E-17,5.08200680286193E-16,-1.));
#7191=DIRECTION('',(-3.14470591617548E-33,1.,-5.13569450124712E-17));
#7192=DIRECTION('',(6.12323399573677E-17,0.,1.));
#7193=DIRECTION('',(1.0632884247879E-17,-0.984807753012208,0.173648177666932));
#7194=DIRECTION('',(8.85176480108652E-33,-1.,1.44560289664734E-16));
#7195=DIRECTION('center_axis',(-1.,0.,6.12323399573677E-17));
#7196=DIRECTION('ref_axis',(-6.12323399573677E-17,0.,-1.));
#7197=DIRECTION('',(6.12323399573677E-17,-8.61193276881622E-16,1.));
#7198=DIRECTION('center_axis',(1.,0.,-6.12323399573677E-17));
#7199=DIRECTION('ref_axis',(6.12323399573677E-17,-1.73472347597681E-16,
1.));
#7200=DIRECTION('center_axis',(0.,-0.173648177666938,0.984807753012207));
#7201=DIRECTION('ref_axis',(1.06328842478793E-17,0.984807753012207,0.173648177666938));
#7202=DIRECTION('',(-1.,0.,0.));
#7203=DIRECTION('',(1.06328842478793E-17,0.984807753012207,0.173648177666938));
#7204=DIRECTION('',(-1.,0.,0.));
#7205=DIRECTION('center_axis',(0.,-1.,-5.18075575509826E-13));
#7206=DIRECTION('ref_axis',(6.12323399573677E-17,-5.18075575509826E-13,
1.));
#7207=DIRECTION('',(6.12323399573677E-17,-5.18075575509826E-13,1.));
#7208=DIRECTION('',(-1.,0.,0.));
#7209=DIRECTION('center_axis',(0.,-0.173648177667804,-0.984807753012054));
#7210=DIRECTION('ref_axis',(1.06328842479323E-17,-0.984807753012054,0.173648177667804));
#7211=DIRECTION('',(1.06328842479323E-17,-0.984807753012054,0.173648177667804));
#7212=DIRECTION('',(-1.,0.,0.));
#7213=DIRECTION('center_axis',(0.,0.,-1.));
#7214=DIRECTION('ref_axis',(0.,-1.,0.));
#7215=DIRECTION('',(0.,-1.,0.));
#7216=DIRECTION('',(-1.,0.,0.));
#7217=DIRECTION('center_axis',(0.,-1.,-5.08200680286193E-16));
#7218=DIRECTION('ref_axis',(6.12323399573677E-17,-5.08200680286193E-16,
1.));
#7219=DIRECTION('',(6.12323399573677E-17,-5.08200680286193E-16,1.));
#7220=DIRECTION('',(-1.,0.,0.));
#7221=DIRECTION('center_axis',(0.,-5.13569450124712E-17,-1.));
#7222=DIRECTION('ref_axis',(3.14470591617548E-33,-1.,5.13569450124712E-17));
#7223=DIRECTION('',(3.14470591617548E-33,-1.,5.13569450124712E-17));
#7224=DIRECTION('',(-1.,0.,0.));
#7225=DIRECTION('center_axis',(0.,1.,0.));
#7226=DIRECTION('ref_axis',(-6.12323399573677E-17,0.,-1.));
#7227=DIRECTION('',(-6.12323399573677E-17,0.,-1.));
#7228=DIRECTION('',(-1.,0.,0.));
#7229=DIRECTION('center_axis',(0.,0.173648177666932,0.984807753012208));
#7230=DIRECTION('ref_axis',(-1.0632884247879E-17,0.984807753012208,-0.173648177666932));
#7231=DIRECTION('',(-1.0632884247879E-17,0.984807753012208,-0.173648177666932));
#7232=DIRECTION('',(-1.,0.,0.));
#7233=DIRECTION('center_axis',(0.,1.44560289664734E-16,1.));
#7234=DIRECTION('ref_axis',(-8.85176480108652E-33,1.,-1.44560289664734E-16));
#7235=DIRECTION('',(-8.85176480108652E-33,1.,-1.44560289664734E-16));
#7236=DIRECTION('',(1.,0.,0.));
#7237=DIRECTION('center_axis',(-1.,0.,0.));
#7238=DIRECTION('ref_axis',(0.,0.,-1.));
#7239=DIRECTION('center_axis',(1.,0.,-6.12323399573677E-17));
#7240=DIRECTION('ref_axis',(-6.12323399573677E-17,0.,-1.));
#7241=DIRECTION('',(-1.,0.,0.));
#7242=DIRECTION('center_axis',(0.,1.,8.61193276881622E-16));
#7243=DIRECTION('ref_axis',(-6.12323399573677E-17,8.61193276881622E-16,
-1.));
#7244=DIRECTION('',(-6.12323399573677E-17,8.61193276881622E-16,-1.));
#7245=DIRECTION('',(-1.,0.,0.));
#7246=DIRECTION('center_axis',(-1.,0.,0.));
#7247=DIRECTION('ref_axis',(0.,-1.73472347597681E-16,1.));
#7248=DIRECTION('center_axis',(-1.,0.,6.12323399573677E-17));
#7249=DIRECTION('ref_axis',(6.12323399573677E-17,-1.73472347597681E-16,
1.));
#7250=DIRECTION('',(-1.,0.,0.));
#7251=DIRECTION('center_axis',(0.,9.85127472554716E-14,1.));
#7252=DIRECTION('ref_axis',(-6.03216603008128E-30,1.,-9.85127472554716E-14));
#7253=DIRECTION('',(-6.03216603008128E-30,1.,-9.85127472554716E-14));
#7254=DIRECTION('center_axis',(-1.,0.,6.12323399573677E-17));
#7255=DIRECTION('ref_axis',(0.,-1.,0.));
#7256=DIRECTION('center_axis',(-1.,0.,6.12323399573677E-17));
#7257=DIRECTION('ref_axis',(0.,-1.,0.));
#7258=DIRECTION('',(6.03216603008128E-30,-1.,9.85127472554716E-14));
#7259=DIRECTION('',(-1.06328842478793E-17,-0.984807753012207,-0.173648177666938));
#7260=DIRECTION('',(-6.12323399573677E-17,5.18075575509826E-13,-1.));
#7261=DIRECTION('',(-1.06328842479323E-17,0.984807753012054,-0.173648177667804));
#7262=DIRECTION('',(0.,1.,0.));
#7263=DIRECTION('',(-6.12323399573677E-17,5.08200680286193E-16,-1.));
#7264=DIRECTION('',(-3.14470591617548E-33,1.,-5.13569450124712E-17));
#7265=DIRECTION('',(6.12323399573677E-17,0.,1.));
#7266=DIRECTION('',(1.0632884247879E-17,-0.984807753012208,0.173648177666932));
#7267=DIRECTION('',(8.85176480108652E-33,-1.,1.44560289664734E-16));
#7268=DIRECTION('center_axis',(-1.,0.,6.12323399573677E-17));
#7269=DIRECTION('ref_axis',(-6.12323399573677E-17,0.,-1.));
#7270=DIRECTION('',(6.12323399573677E-17,-8.61193276881622E-16,1.));
#7271=DIRECTION('center_axis',(1.,0.,-6.12323399573677E-17));
#7272=DIRECTION('ref_axis',(6.12323399573677E-17,-1.73472347597681E-16,
1.));
#7273=DIRECTION('center_axis',(0.,-0.173648177666938,0.984807753012207));
#7274=DIRECTION('ref_axis',(1.06328842478793E-17,0.984807753012207,0.173648177666938));
#7275=DIRECTION('',(-1.,0.,0.));
#7276=DIRECTION('',(1.06328842478793E-17,0.984807753012207,0.173648177666938));
#7277=DIRECTION('',(-1.,0.,0.));
#7278=DIRECTION('center_axis',(0.,-1.,-5.18075575509826E-13));
#7279=DIRECTION('ref_axis',(6.12323399573677E-17,-5.18075575509826E-13,
1.));
#7280=DIRECTION('',(6.12323399573677E-17,-5.18075575509826E-13,1.));
#7281=DIRECTION('',(-1.,0.,0.));
#7282=DIRECTION('center_axis',(0.,-0.173648177667804,-0.984807753012054));
#7283=DIRECTION('ref_axis',(1.06328842479323E-17,-0.984807753012054,0.173648177667804));
#7284=DIRECTION('',(1.06328842479323E-17,-0.984807753012054,0.173648177667804));
#7285=DIRECTION('',(-1.,0.,0.));
#7286=DIRECTION('center_axis',(0.,0.,-1.));
#7287=DIRECTION('ref_axis',(0.,-1.,0.));
#7288=DIRECTION('',(0.,-1.,0.));
#7289=DIRECTION('',(-1.,0.,0.));
#7290=DIRECTION('center_axis',(0.,-1.,-5.08200680286193E-16));
#7291=DIRECTION('ref_axis',(6.12323399573677E-17,-5.08200680286193E-16,
1.));
#7292=DIRECTION('',(6.12323399573677E-17,-5.08200680286193E-16,1.));
#7293=DIRECTION('',(-1.,0.,0.));
#7294=DIRECTION('center_axis',(0.,-5.13569450124712E-17,-1.));
#7295=DIRECTION('ref_axis',(3.14470591617548E-33,-1.,5.13569450124712E-17));
#7296=DIRECTION('',(3.14470591617548E-33,-1.,5.13569450124712E-17));
#7297=DIRECTION('',(-1.,0.,0.));
#7298=DIRECTION('center_axis',(0.,1.,0.));
#7299=DIRECTION('ref_axis',(-6.12323399573677E-17,0.,-1.));
#7300=DIRECTION('',(-6.12323399573677E-17,0.,-1.));
#7301=DIRECTION('',(-1.,0.,0.));
#7302=DIRECTION('center_axis',(0.,0.173648177666932,0.984807753012208));
#7303=DIRECTION('ref_axis',(-1.0632884247879E-17,0.984807753012208,-0.173648177666932));
#7304=DIRECTION('',(-1.0632884247879E-17,0.984807753012208,-0.173648177666932));
#7305=DIRECTION('',(-1.,0.,0.));
#7306=DIRECTION('center_axis',(0.,1.44560289664734E-16,1.));
#7307=DIRECTION('ref_axis',(-8.85176480108652E-33,1.,-1.44560289664734E-16));
#7308=DIRECTION('',(-8.85176480108652E-33,1.,-1.44560289664734E-16));
#7309=DIRECTION('',(1.,0.,0.));
#7310=DIRECTION('center_axis',(-1.,0.,0.));
#7311=DIRECTION('ref_axis',(0.,0.,-1.));
#7312=DIRECTION('center_axis',(1.,0.,-6.12323399573677E-17));
#7313=DIRECTION('ref_axis',(-6.12323399573677E-17,0.,-1.));
#7314=DIRECTION('',(-1.,0.,0.));
#7315=DIRECTION('center_axis',(0.,1.,8.61193276881622E-16));
#7316=DIRECTION('ref_axis',(-6.12323399573677E-17,8.61193276881622E-16,
-1.));
#7317=DIRECTION('',(-6.12323399573677E-17,8.61193276881622E-16,-1.));
#7318=DIRECTION('',(-1.,0.,0.));
#7319=DIRECTION('center_axis',(-1.,0.,0.));
#7320=DIRECTION('ref_axis',(0.,-1.73472347597681E-16,1.));
#7321=DIRECTION('center_axis',(-1.,0.,6.12323399573677E-17));
#7322=DIRECTION('ref_axis',(6.12323399573677E-17,-1.73472347597681E-16,
1.));
#7323=DIRECTION('',(-1.,0.,0.));
#7324=DIRECTION('center_axis',(0.,9.85127472554716E-14,1.));
#7325=DIRECTION('ref_axis',(-6.03216603008128E-30,1.,-9.85127472554716E-14));
#7326=DIRECTION('',(-6.03216603008128E-30,1.,-9.85127472554716E-14));
#7327=DIRECTION('center_axis',(-1.,0.,6.12323399573677E-17));
#7328=DIRECTION('ref_axis',(0.,-1.,0.));
#7329=DIRECTION('center_axis',(-1.,0.,6.12323399573677E-17));
#7330=DIRECTION('ref_axis',(0.,-1.,0.));
#7331=DIRECTION('',(6.03216603008128E-30,-1.,9.85127472554716E-14));
#7332=DIRECTION('',(-1.06328842478793E-17,-0.984807753012207,-0.173648177666938));
#7333=DIRECTION('',(-6.12323399573677E-17,5.18075575509826E-13,-1.));
#7334=DIRECTION('',(-1.06328842479323E-17,0.984807753012054,-0.173648177667804));
#7335=DIRECTION('',(0.,1.,0.));
#7336=DIRECTION('',(-6.12323399573677E-17,5.08200680286193E-16,-1.));
#7337=DIRECTION('',(-3.14470591617548E-33,1.,-5.13569450124712E-17));
#7338=DIRECTION('',(6.12323399573677E-17,0.,1.));
#7339=DIRECTION('',(1.0632884247879E-17,-0.984807753012208,0.173648177666932));
#7340=DIRECTION('',(8.85176480108652E-33,-1.,1.44560289664734E-16));
#7341=DIRECTION('center_axis',(-1.,0.,6.12323399573677E-17));
#7342=DIRECTION('ref_axis',(-6.12323399573677E-17,0.,-1.));
#7343=DIRECTION('',(6.12323399573677E-17,-8.61193276881622E-16,1.));
#7344=DIRECTION('center_axis',(1.,0.,-6.12323399573677E-17));
#7345=DIRECTION('ref_axis',(6.12323399573677E-17,-1.73472347597681E-16,
1.));
#7346=DIRECTION('center_axis',(0.,-0.173648177666938,0.984807753012207));
#7347=DIRECTION('ref_axis',(1.06328842478793E-17,0.984807753012207,0.173648177666938));
#7348=DIRECTION('',(-1.,0.,0.));
#7349=DIRECTION('',(1.06328842478793E-17,0.984807753012207,0.173648177666938));
#7350=DIRECTION('',(-1.,0.,0.));
#7351=DIRECTION('center_axis',(0.,-1.,-5.18075575509826E-13));
#7352=DIRECTION('ref_axis',(6.12323399573677E-17,-5.18075575509826E-13,
1.));
#7353=DIRECTION('',(6.12323399573677E-17,-5.18075575509826E-13,1.));
#7354=DIRECTION('',(-1.,0.,0.));
#7355=DIRECTION('center_axis',(0.,-0.173648177667804,-0.984807753012054));
#7356=DIRECTION('ref_axis',(1.06328842479323E-17,-0.984807753012054,0.173648177667804));
#7357=DIRECTION('',(1.06328842479323E-17,-0.984807753012054,0.173648177667804));
#7358=DIRECTION('',(-1.,0.,0.));
#7359=DIRECTION('center_axis',(0.,0.,-1.));
#7360=DIRECTION('ref_axis',(0.,-1.,0.));
#7361=DIRECTION('',(0.,-1.,0.));
#7362=DIRECTION('',(-1.,0.,0.));
#7363=DIRECTION('center_axis',(0.,-1.,-5.08200680286193E-16));
#7364=DIRECTION('ref_axis',(6.12323399573677E-17,-5.08200680286193E-16,
1.));
#7365=DIRECTION('',(6.12323399573677E-17,-5.08200680286193E-16,1.));
#7366=DIRECTION('',(-1.,0.,0.));
#7367=DIRECTION('center_axis',(0.,-5.13569450124712E-17,-1.));
#7368=DIRECTION('ref_axis',(3.14470591617548E-33,-1.,5.13569450124712E-17));
#7369=DIRECTION('',(3.14470591617548E-33,-1.,5.13569450124712E-17));
#7370=DIRECTION('',(-1.,0.,0.));
#7371=DIRECTION('center_axis',(0.,1.,0.));
#7372=DIRECTION('ref_axis',(-6.12323399573677E-17,0.,-1.));
#7373=DIRECTION('',(-6.12323399573677E-17,0.,-1.));
#7374=DIRECTION('',(-1.,0.,0.));
#7375=DIRECTION('center_axis',(0.,0.173648177666932,0.984807753012208));
#7376=DIRECTION('ref_axis',(-1.0632884247879E-17,0.984807753012208,-0.173648177666932));
#7377=DIRECTION('',(-1.0632884247879E-17,0.984807753012208,-0.173648177666932));
#7378=DIRECTION('',(-1.,0.,0.));
#7379=DIRECTION('center_axis',(0.,1.44560289664734E-16,1.));
#7380=DIRECTION('ref_axis',(-8.85176480108652E-33,1.,-1.44560289664734E-16));
#7381=DIRECTION('',(-8.85176480108652E-33,1.,-1.44560289664734E-16));
#7382=DIRECTION('',(1.,0.,0.));
#7383=DIRECTION('center_axis',(-1.,0.,0.));
#7384=DIRECTION('ref_axis',(0.,0.,-1.));
#7385=DIRECTION('center_axis',(1.,0.,-6.12323399573677E-17));
#7386=DIRECTION('ref_axis',(-6.12323399573677E-17,0.,-1.));
#7387=DIRECTION('',(-1.,0.,0.));
#7388=DIRECTION('center_axis',(0.,1.,8.61193276881622E-16));
#7389=DIRECTION('ref_axis',(-6.12323399573677E-17,8.61193276881622E-16,
-1.));
#7390=DIRECTION('',(-6.12323399573677E-17,8.61193276881622E-16,-1.));
#7391=DIRECTION('',(-1.,0.,0.));
#7392=DIRECTION('center_axis',(-1.,0.,0.));
#7393=DIRECTION('ref_axis',(0.,-1.73472347597681E-16,1.));
#7394=DIRECTION('center_axis',(-1.,0.,6.12323399573677E-17));
#7395=DIRECTION('ref_axis',(6.12323399573677E-17,-1.73472347597681E-16,
1.));
#7396=DIRECTION('',(-1.,0.,0.));
#7397=DIRECTION('center_axis',(0.,9.85127472554716E-14,1.));
#7398=DIRECTION('ref_axis',(-6.03216603008128E-30,1.,-9.85127472554716E-14));
#7399=DIRECTION('',(-6.03216603008128E-30,1.,-9.85127472554716E-14));
#7400=DIRECTION('center_axis',(-1.,0.,6.12323399573677E-17));
#7401=DIRECTION('ref_axis',(0.,-1.,0.));
#7402=DIRECTION('center_axis',(-1.,0.,6.12323399573677E-17));
#7403=DIRECTION('ref_axis',(0.,-1.,0.));
#7404=DIRECTION('',(6.03216603008128E-30,-1.,9.85127472554716E-14));
#7405=DIRECTION('',(-1.06328842478793E-17,-0.984807753012207,-0.173648177666938));
#7406=DIRECTION('',(-6.12323399573677E-17,5.18075575509826E-13,-1.));
#7407=DIRECTION('',(-1.06328842479323E-17,0.984807753012054,-0.173648177667804));
#7408=DIRECTION('',(0.,1.,0.));
#7409=DIRECTION('',(-6.12323399573677E-17,5.08200680286193E-16,-1.));
#7410=DIRECTION('',(-3.14470591617548E-33,1.,-5.13569450124712E-17));
#7411=DIRECTION('',(6.12323399573677E-17,0.,1.));
#7412=DIRECTION('',(1.0632884247879E-17,-0.984807753012208,0.173648177666932));
#7413=DIRECTION('',(8.85176480108652E-33,-1.,1.44560289664734E-16));
#7414=DIRECTION('center_axis',(-1.,0.,6.12323399573677E-17));
#7415=DIRECTION('ref_axis',(-6.12323399573677E-17,0.,-1.));
#7416=DIRECTION('',(6.12323399573677E-17,-8.61193276881622E-16,1.));
#7417=DIRECTION('center_axis',(1.,0.,-6.12323399573677E-17));
#7418=DIRECTION('ref_axis',(6.12323399573677E-17,-1.73472347597681E-16,
1.));
#7419=DIRECTION('center_axis',(0.,-0.173648177666938,0.984807753012207));
#7420=DIRECTION('ref_axis',(1.06328842478793E-17,0.984807753012207,0.173648177666938));
#7421=DIRECTION('',(-1.,0.,0.));
#7422=DIRECTION('',(1.06328842478793E-17,0.984807753012207,0.173648177666938));
#7423=DIRECTION('',(-1.,0.,0.));
#7424=DIRECTION('center_axis',(0.,-1.,-5.18075575509826E-13));
#7425=DIRECTION('ref_axis',(6.12323399573677E-17,-5.18075575509826E-13,
1.));
#7426=DIRECTION('',(6.12323399573677E-17,-5.18075575509826E-13,1.));
#7427=DIRECTION('',(-1.,0.,0.));
#7428=DIRECTION('center_axis',(0.,-0.173648177667804,-0.984807753012054));
#7429=DIRECTION('ref_axis',(1.06328842479323E-17,-0.984807753012054,0.173648177667804));
#7430=DIRECTION('',(1.06328842479323E-17,-0.984807753012054,0.173648177667804));
#7431=DIRECTION('',(-1.,0.,0.));
#7432=DIRECTION('center_axis',(0.,0.,-1.));
#7433=DIRECTION('ref_axis',(0.,-1.,0.));
#7434=DIRECTION('',(0.,-1.,0.));
#7435=DIRECTION('',(-1.,0.,0.));
#7436=DIRECTION('center_axis',(0.,-1.,-5.08200680286193E-16));
#7437=DIRECTION('ref_axis',(6.12323399573677E-17,-5.08200680286193E-16,
1.));
#7438=DIRECTION('',(6.12323399573677E-17,-5.08200680286193E-16,1.));
#7439=DIRECTION('',(-1.,0.,0.));
#7440=DIRECTION('center_axis',(0.,-5.13569450124712E-17,-1.));
#7441=DIRECTION('ref_axis',(3.14470591617548E-33,-1.,5.13569450124712E-17));
#7442=DIRECTION('',(3.14470591617548E-33,-1.,5.13569450124712E-17));
#7443=DIRECTION('',(-1.,0.,0.));
#7444=DIRECTION('center_axis',(0.,1.,0.));
#7445=DIRECTION('ref_axis',(-6.12323399573677E-17,0.,-1.));
#7446=DIRECTION('',(-6.12323399573677E-17,0.,-1.));
#7447=DIRECTION('',(-1.,0.,0.));
#7448=DIRECTION('center_axis',(0.,0.173648177666932,0.984807753012208));
#7449=DIRECTION('ref_axis',(-1.0632884247879E-17,0.984807753012208,-0.173648177666932));
#7450=DIRECTION('',(-1.0632884247879E-17,0.984807753012208,-0.173648177666932));
#7451=DIRECTION('',(-1.,0.,0.));
#7452=DIRECTION('center_axis',(0.,1.44560289664734E-16,1.));
#7453=DIRECTION('ref_axis',(-8.85176480108652E-33,1.,-1.44560289664734E-16));
#7454=DIRECTION('',(-8.85176480108652E-33,1.,-1.44560289664734E-16));
#7455=DIRECTION('',(1.,0.,0.));
#7456=DIRECTION('center_axis',(-1.,0.,0.));
#7457=DIRECTION('ref_axis',(0.,0.,-1.));
#7458=DIRECTION('center_axis',(1.,0.,-6.12323399573677E-17));
#7459=DIRECTION('ref_axis',(-6.12323399573677E-17,0.,-1.));
#7460=DIRECTION('',(-1.,0.,0.));
#7461=DIRECTION('center_axis',(0.,1.,8.61193276881622E-16));
#7462=DIRECTION('ref_axis',(-6.12323399573677E-17,8.61193276881622E-16,
-1.));
#7463=DIRECTION('',(-6.12323399573677E-17,8.61193276881622E-16,-1.));
#7464=DIRECTION('',(-1.,0.,0.));
#7465=DIRECTION('center_axis',(-1.,0.,0.));
#7466=DIRECTION('ref_axis',(0.,-1.73472347597681E-16,1.));
#7467=DIRECTION('center_axis',(-1.,0.,6.12323399573677E-17));
#7468=DIRECTION('ref_axis',(6.12323399573677E-17,-1.73472347597681E-16,
1.));
#7469=DIRECTION('',(-1.,0.,0.));
#7470=DIRECTION('center_axis',(0.,9.85127472554716E-14,1.));
#7471=DIRECTION('ref_axis',(-6.03216603008128E-30,1.,-9.85127472554716E-14));
#7472=DIRECTION('',(-6.03216603008128E-30,1.,-9.85127472554716E-14));
#7473=DIRECTION('center_axis',(-1.,0.,6.12323399573677E-17));
#7474=DIRECTION('ref_axis',(0.,-1.,0.));
#7475=DIRECTION('center_axis',(-1.,0.,6.12323399573677E-17));
#7476=DIRECTION('ref_axis',(0.,-1.,0.));
#7477=DIRECTION('',(6.03216603008128E-30,-1.,9.85127472554716E-14));
#7478=DIRECTION('',(-1.06328842478793E-17,-0.984807753012207,-0.173648177666938));
#7479=DIRECTION('',(-6.12323399573677E-17,5.18075575509826E-13,-1.));
#7480=DIRECTION('',(-1.06328842479323E-17,0.984807753012054,-0.173648177667804));
#7481=DIRECTION('',(0.,1.,0.));
#7482=DIRECTION('',(-6.12323399573677E-17,5.08200680286193E-16,-1.));
#7483=DIRECTION('',(-3.14470591617548E-33,1.,-5.13569450124712E-17));
#7484=DIRECTION('',(6.12323399573677E-17,0.,1.));
#7485=DIRECTION('',(1.0632884247879E-17,-0.984807753012208,0.173648177666932));
#7486=DIRECTION('',(8.85176480108652E-33,-1.,1.44560289664734E-16));
#7487=DIRECTION('center_axis',(-1.,0.,6.12323399573677E-17));
#7488=DIRECTION('ref_axis',(-6.12323399573677E-17,0.,-1.));
#7489=DIRECTION('',(6.12323399573677E-17,-8.61193276881622E-16,1.));
#7490=DIRECTION('center_axis',(1.,0.,-6.12323399573677E-17));
#7491=DIRECTION('ref_axis',(6.12323399573677E-17,-1.73472347597681E-16,
1.));
#7492=DIRECTION('center_axis',(0.,-0.173648177666938,0.984807753012207));
#7493=DIRECTION('ref_axis',(1.06328842478793E-17,0.984807753012207,0.173648177666938));
#7494=DIRECTION('',(-1.,0.,0.));
#7495=DIRECTION('',(1.06328842478793E-17,0.984807753012207,0.173648177666938));
#7496=DIRECTION('',(-1.,0.,0.));
#7497=DIRECTION('center_axis',(0.,-1.,-5.18075575509826E-13));
#7498=DIRECTION('ref_axis',(6.12323399573677E-17,-5.18075575509826E-13,
1.));
#7499=DIRECTION('',(6.12323399573677E-17,-5.18075575509826E-13,1.));
#7500=DIRECTION('',(-1.,0.,0.));
#7501=DIRECTION('center_axis',(0.,-0.173648177667804,-0.984807753012054));
#7502=DIRECTION('ref_axis',(1.06328842479323E-17,-0.984807753012054,0.173648177667804));
#7503=DIRECTION('',(1.06328842479323E-17,-0.984807753012054,0.173648177667804));
#7504=DIRECTION('',(-1.,0.,0.));
#7505=DIRECTION('center_axis',(0.,0.,-1.));
#7506=DIRECTION('ref_axis',(0.,-1.,0.));
#7507=DIRECTION('',(0.,-1.,0.));
#7508=DIRECTION('',(-1.,0.,0.));
#7509=DIRECTION('center_axis',(0.,-1.,-5.08200680286193E-16));
#7510=DIRECTION('ref_axis',(6.12323399573677E-17,-5.08200680286193E-16,
1.));
#7511=DIRECTION('',(6.12323399573677E-17,-5.08200680286193E-16,1.));
#7512=DIRECTION('',(-1.,0.,0.));
#7513=DIRECTION('center_axis',(0.,-5.13569450124712E-17,-1.));
#7514=DIRECTION('ref_axis',(3.14470591617548E-33,-1.,5.13569450124712E-17));
#7515=DIRECTION('',(3.14470591617548E-33,-1.,5.13569450124712E-17));
#7516=DIRECTION('',(-1.,0.,0.));
#7517=DIRECTION('center_axis',(0.,1.,0.));
#7518=DIRECTION('ref_axis',(-6.12323399573677E-17,0.,-1.));
#7519=DIRECTION('',(-6.12323399573677E-17,0.,-1.));
#7520=DIRECTION('',(-1.,0.,0.));
#7521=DIRECTION('center_axis',(0.,0.173648177666932,0.984807753012208));
#7522=DIRECTION('ref_axis',(-1.0632884247879E-17,0.984807753012208,-0.173648177666932));
#7523=DIRECTION('',(-1.0632884247879E-17,0.984807753012208,-0.173648177666932));
#7524=DIRECTION('',(-1.,0.,0.));
#7525=DIRECTION('center_axis',(0.,1.44560289664734E-16,1.));
#7526=DIRECTION('ref_axis',(-8.85176480108652E-33,1.,-1.44560289664734E-16));
#7527=DIRECTION('',(-8.85176480108652E-33,1.,-1.44560289664734E-16));
#7528=DIRECTION('',(1.,0.,0.));
#7529=DIRECTION('center_axis',(-1.,0.,0.));
#7530=DIRECTION('ref_axis',(0.,0.,-1.));
#7531=DIRECTION('center_axis',(1.,0.,-6.12323399573677E-17));
#7532=DIRECTION('ref_axis',(-6.12323399573677E-17,0.,-1.));
#7533=DIRECTION('',(-1.,0.,0.));
#7534=DIRECTION('center_axis',(0.,1.,8.61193276881622E-16));
#7535=DIRECTION('ref_axis',(-6.12323399573677E-17,8.61193276881622E-16,
-1.));
#7536=DIRECTION('',(-6.12323399573677E-17,8.61193276881622E-16,-1.));
#7537=DIRECTION('',(-1.,0.,0.));
#7538=DIRECTION('center_axis',(-1.,0.,0.));
#7539=DIRECTION('ref_axis',(0.,-1.73472347597681E-16,1.));
#7540=DIRECTION('center_axis',(-1.,0.,6.12323399573677E-17));
#7541=DIRECTION('ref_axis',(6.12323399573677E-17,-1.73472347597681E-16,
1.));
#7542=DIRECTION('',(-1.,0.,0.));
#7543=DIRECTION('center_axis',(0.,9.85127472554716E-14,1.));
#7544=DIRECTION('ref_axis',(-6.03216603008128E-30,1.,-9.85127472554716E-14));
#7545=DIRECTION('',(-6.03216603008128E-30,1.,-9.85127472554716E-14));
#7546=DIRECTION('center_axis',(-1.,0.,6.12323399573677E-17));
#7547=DIRECTION('ref_axis',(0.,-1.,0.));
#7548=DIRECTION('center_axis',(-1.,0.,6.12323399573677E-17));
#7549=DIRECTION('ref_axis',(0.,-1.,0.));
#7550=DIRECTION('',(6.03216603008128E-30,-1.,9.85127472554716E-14));
#7551=DIRECTION('',(-1.06328842478793E-17,-0.984807753012207,-0.173648177666938));
#7552=DIRECTION('',(-6.12323399573677E-17,5.18075575509826E-13,-1.));
#7553=DIRECTION('',(-1.06328842479323E-17,0.984807753012054,-0.173648177667804));
#7554=DIRECTION('',(0.,1.,0.));
#7555=DIRECTION('',(-6.12323399573677E-17,5.08200680286193E-16,-1.));
#7556=DIRECTION('',(-3.14470591617548E-33,1.,-5.13569450124712E-17));
#7557=DIRECTION('',(6.12323399573677E-17,0.,1.));
#7558=DIRECTION('',(1.0632884247879E-17,-0.984807753012208,0.173648177666932));
#7559=DIRECTION('',(8.85176480108652E-33,-1.,1.44560289664734E-16));
#7560=DIRECTION('center_axis',(-1.,0.,6.12323399573677E-17));
#7561=DIRECTION('ref_axis',(-6.12323399573677E-17,0.,-1.));
#7562=DIRECTION('',(6.12323399573677E-17,-8.61193276881622E-16,1.));
#7563=DIRECTION('center_axis',(1.,0.,-6.12323399573677E-17));
#7564=DIRECTION('ref_axis',(6.12323399573677E-17,-1.73472347597681E-16,
1.));
#7565=DIRECTION('center_axis',(0.,-0.173648177666938,0.984807753012207));
#7566=DIRECTION('ref_axis',(1.06328842478793E-17,0.984807753012207,0.173648177666938));
#7567=DIRECTION('',(-1.,0.,0.));
#7568=DIRECTION('',(1.06328842478793E-17,0.984807753012207,0.173648177666938));
#7569=DIRECTION('',(-1.,0.,0.));
#7570=DIRECTION('center_axis',(0.,-1.,-5.18075575509826E-13));
#7571=DIRECTION('ref_axis',(6.12323399573677E-17,-5.18075575509826E-13,
1.));
#7572=DIRECTION('',(6.12323399573677E-17,-5.18075575509826E-13,1.));
#7573=DIRECTION('',(-1.,0.,0.));
#7574=DIRECTION('center_axis',(0.,-0.173648177667804,-0.984807753012054));
#7575=DIRECTION('ref_axis',(1.06328842479323E-17,-0.984807753012054,0.173648177667804));
#7576=DIRECTION('',(1.06328842479323E-17,-0.984807753012054,0.173648177667804));
#7577=DIRECTION('',(-1.,0.,0.));
#7578=DIRECTION('center_axis',(0.,0.,-1.));
#7579=DIRECTION('ref_axis',(0.,-1.,0.));
#7580=DIRECTION('',(0.,-1.,0.));
#7581=DIRECTION('',(-1.,0.,0.));
#7582=DIRECTION('center_axis',(0.,-1.,-5.08200680286193E-16));
#7583=DIRECTION('ref_axis',(6.12323399573677E-17,-5.08200680286193E-16,
1.));
#7584=DIRECTION('',(6.12323399573677E-17,-5.08200680286193E-16,1.));
#7585=DIRECTION('',(-1.,0.,0.));
#7586=DIRECTION('center_axis',(0.,-5.13569450124712E-17,-1.));
#7587=DIRECTION('ref_axis',(3.14470591617548E-33,-1.,5.13569450124712E-17));
#7588=DIRECTION('',(3.14470591617548E-33,-1.,5.13569450124712E-17));
#7589=DIRECTION('',(-1.,0.,0.));
#7590=DIRECTION('center_axis',(0.,1.,0.));
#7591=DIRECTION('ref_axis',(-6.12323399573677E-17,0.,-1.));
#7592=DIRECTION('',(-6.12323399573677E-17,0.,-1.));
#7593=DIRECTION('',(-1.,0.,0.));
#7594=DIRECTION('center_axis',(0.,0.173648177666932,0.984807753012208));
#7595=DIRECTION('ref_axis',(-1.0632884247879E-17,0.984807753012208,-0.173648177666932));
#7596=DIRECTION('',(-1.0632884247879E-17,0.984807753012208,-0.173648177666932));
#7597=DIRECTION('',(-1.,0.,0.));
#7598=DIRECTION('center_axis',(0.,1.44560289664734E-16,1.));
#7599=DIRECTION('ref_axis',(-8.85176480108652E-33,1.,-1.44560289664734E-16));
#7600=DIRECTION('',(-8.85176480108652E-33,1.,-1.44560289664734E-16));
#7601=DIRECTION('',(1.,0.,0.));
#7602=DIRECTION('center_axis',(-1.,0.,0.));
#7603=DIRECTION('ref_axis',(0.,0.,-1.));
#7604=DIRECTION('center_axis',(1.,0.,-6.12323399573677E-17));
#7605=DIRECTION('ref_axis',(-6.12323399573677E-17,0.,-1.));
#7606=DIRECTION('',(-1.,0.,0.));
#7607=DIRECTION('center_axis',(0.,1.,8.61193276881622E-16));
#7608=DIRECTION('ref_axis',(-6.12323399573677E-17,8.61193276881622E-16,
-1.));
#7609=DIRECTION('',(-6.12323399573677E-17,8.61193276881622E-16,-1.));
#7610=DIRECTION('',(-1.,0.,0.));
#7611=DIRECTION('center_axis',(-1.,0.,0.));
#7612=DIRECTION('ref_axis',(0.,-1.73472347597681E-16,1.));
#7613=DIRECTION('center_axis',(-1.,0.,6.12323399573677E-17));
#7614=DIRECTION('ref_axis',(6.12323399573677E-17,-1.73472347597681E-16,
1.));
#7615=DIRECTION('',(-1.,0.,0.));
#7616=DIRECTION('center_axis',(0.,9.85127472554716E-14,1.));
#7617=DIRECTION('ref_axis',(-6.03216603008128E-30,1.,-9.85127472554716E-14));
#7618=DIRECTION('',(-6.03216603008128E-30,1.,-9.85127472554716E-14));
#7619=DIRECTION('center_axis',(-1.,0.,6.12323399573677E-17));
#7620=DIRECTION('ref_axis',(0.,-1.,0.));
#7621=DIRECTION('center_axis',(-1.,0.,6.12323399573677E-17));
#7622=DIRECTION('ref_axis',(0.,-1.,0.));
#7623=DIRECTION('',(6.03216603008128E-30,-1.,9.85127472554716E-14));
#7624=DIRECTION('',(-1.06328842478793E-17,-0.984807753012207,-0.173648177666938));
#7625=DIRECTION('',(-6.12323399573677E-17,5.18075575509826E-13,-1.));
#7626=DIRECTION('',(-1.06328842479323E-17,0.984807753012054,-0.173648177667804));
#7627=DIRECTION('',(0.,1.,0.));
#7628=DIRECTION('',(-6.12323399573677E-17,5.08200680286193E-16,-1.));
#7629=DIRECTION('',(-3.14470591617548E-33,1.,-5.13569450124712E-17));
#7630=DIRECTION('',(6.12323399573677E-17,0.,1.));
#7631=DIRECTION('',(1.0632884247879E-17,-0.984807753012208,0.173648177666932));
#7632=DIRECTION('',(8.85176480108652E-33,-1.,1.44560289664734E-16));
#7633=DIRECTION('center_axis',(-1.,0.,6.12323399573677E-17));
#7634=DIRECTION('ref_axis',(-6.12323399573677E-17,0.,-1.));
#7635=DIRECTION('',(6.12323399573677E-17,-8.61193276881622E-16,1.));
#7636=DIRECTION('center_axis',(1.,0.,-6.12323399573677E-17));
#7637=DIRECTION('ref_axis',(6.12323399573677E-17,-1.73472347597681E-16,
1.));
#7638=DIRECTION('center_axis',(0.,-0.173648177666938,0.984807753012207));
#7639=DIRECTION('ref_axis',(1.06328842478793E-17,0.984807753012207,0.173648177666938));
#7640=DIRECTION('',(-1.,0.,0.));
#7641=DIRECTION('',(1.06328842478793E-17,0.984807753012207,0.173648177666938));
#7642=DIRECTION('',(-1.,0.,0.));
#7643=DIRECTION('center_axis',(0.,-1.,-5.18075575509826E-13));
#7644=DIRECTION('ref_axis',(6.12323399573677E-17,-5.18075575509826E-13,
1.));
#7645=DIRECTION('',(6.12323399573677E-17,-5.18075575509826E-13,1.));
#7646=DIRECTION('',(-1.,0.,0.));
#7647=DIRECTION('center_axis',(0.,-0.173648177667804,-0.984807753012054));
#7648=DIRECTION('ref_axis',(1.06328842479323E-17,-0.984807753012054,0.173648177667804));
#7649=DIRECTION('',(1.06328842479323E-17,-0.984807753012054,0.173648177667804));
#7650=DIRECTION('',(-1.,0.,0.));
#7651=DIRECTION('center_axis',(0.,0.,-1.));
#7652=DIRECTION('ref_axis',(0.,-1.,0.));
#7653=DIRECTION('',(0.,-1.,0.));
#7654=DIRECTION('',(-1.,0.,0.));
#7655=DIRECTION('center_axis',(0.,-1.,-5.08200680286193E-16));
#7656=DIRECTION('ref_axis',(6.12323399573677E-17,-5.08200680286193E-16,
1.));
#7657=DIRECTION('',(6.12323399573677E-17,-5.08200680286193E-16,1.));
#7658=DIRECTION('',(-1.,0.,0.));
#7659=DIRECTION('center_axis',(0.,-5.13569450124712E-17,-1.));
#7660=DIRECTION('ref_axis',(3.14470591617548E-33,-1.,5.13569450124712E-17));
#7661=DIRECTION('',(3.14470591617548E-33,-1.,5.13569450124712E-17));
#7662=DIRECTION('',(-1.,0.,0.));
#7663=DIRECTION('center_axis',(0.,1.,0.));
#7664=DIRECTION('ref_axis',(-6.12323399573677E-17,0.,-1.));
#7665=DIRECTION('',(-6.12323399573677E-17,0.,-1.));
#7666=DIRECTION('',(-1.,0.,0.));
#7667=DIRECTION('center_axis',(0.,0.173648177666932,0.984807753012208));
#7668=DIRECTION('ref_axis',(-1.0632884247879E-17,0.984807753012208,-0.173648177666932));
#7669=DIRECTION('',(-1.0632884247879E-17,0.984807753012208,-0.173648177666932));
#7670=DIRECTION('',(-1.,0.,0.));
#7671=DIRECTION('center_axis',(0.,1.44560289664734E-16,1.));
#7672=DIRECTION('ref_axis',(-8.85176480108652E-33,1.,-1.44560289664734E-16));
#7673=DIRECTION('',(-8.85176480108652E-33,1.,-1.44560289664734E-16));
#7674=DIRECTION('',(1.,0.,0.));
#7675=DIRECTION('center_axis',(-1.,0.,0.));
#7676=DIRECTION('ref_axis',(0.,0.,-1.));
#7677=DIRECTION('center_axis',(1.,0.,-6.12323399573677E-17));
#7678=DIRECTION('ref_axis',(-6.12323399573677E-17,0.,-1.));
#7679=DIRECTION('',(-1.,0.,0.));
#7680=DIRECTION('center_axis',(0.,1.,8.61193276881622E-16));
#7681=DIRECTION('ref_axis',(-6.12323399573677E-17,8.61193276881622E-16,
-1.));
#7682=DIRECTION('',(-6.12323399573677E-17,8.61193276881622E-16,-1.));
#7683=DIRECTION('',(-1.,0.,0.));
#7684=DIRECTION('center_axis',(-1.,0.,0.));
#7685=DIRECTION('ref_axis',(0.,-1.73472347597681E-16,1.));
#7686=DIRECTION('center_axis',(-1.,0.,6.12323399573677E-17));
#7687=DIRECTION('ref_axis',(6.12323399573677E-17,-1.73472347597681E-16,
1.));
#7688=DIRECTION('',(-1.,0.,0.));
#7689=DIRECTION('center_axis',(0.,9.85127472554716E-14,1.));
#7690=DIRECTION('ref_axis',(-6.03216603008128E-30,1.,-9.85127472554716E-14));
#7691=DIRECTION('',(-6.03216603008128E-30,1.,-9.85127472554716E-14));
#7692=DIRECTION('center_axis',(-1.,0.,6.12323399573677E-17));
#7693=DIRECTION('ref_axis',(0.,-1.,0.));
#7694=DIRECTION('center_axis',(-1.,0.,6.12323399573677E-17));
#7695=DIRECTION('ref_axis',(0.,-1.,0.));
#7696=DIRECTION('',(6.03216603008128E-30,-1.,9.85127472554716E-14));
#7697=DIRECTION('',(-1.06328842478793E-17,-0.984807753012207,-0.173648177666938));
#7698=DIRECTION('',(-6.12323399573677E-17,5.18075575509826E-13,-1.));
#7699=DIRECTION('',(-1.06328842479323E-17,0.984807753012054,-0.173648177667804));
#7700=DIRECTION('',(0.,1.,0.));
#7701=DIRECTION('',(-6.12323399573677E-17,5.08200680286193E-16,-1.));
#7702=DIRECTION('',(-3.14470591617548E-33,1.,-5.13569450124712E-17));
#7703=DIRECTION('',(6.12323399573677E-17,0.,1.));
#7704=DIRECTION('',(1.0632884247879E-17,-0.984807753012208,0.173648177666932));
#7705=DIRECTION('',(8.85176480108652E-33,-1.,1.44560289664734E-16));
#7706=DIRECTION('center_axis',(-1.,0.,6.12323399573677E-17));
#7707=DIRECTION('ref_axis',(-6.12323399573677E-17,0.,-1.));
#7708=DIRECTION('',(6.12323399573677E-17,-8.61193276881622E-16,1.));
#7709=DIRECTION('center_axis',(1.,0.,-6.12323399573677E-17));
#7710=DIRECTION('ref_axis',(6.12323399573677E-17,-1.73472347597681E-16,
1.));
#7711=DIRECTION('center_axis',(0.,-0.173648177666938,0.984807753012207));
#7712=DIRECTION('ref_axis',(1.06328842478793E-17,0.984807753012207,0.173648177666938));
#7713=DIRECTION('',(-1.,0.,0.));
#7714=DIRECTION('',(1.06328842478793E-17,0.984807753012207,0.173648177666938));
#7715=DIRECTION('',(-1.,0.,0.));
#7716=DIRECTION('center_axis',(0.,-1.,-5.18075575509826E-13));
#7717=DIRECTION('ref_axis',(6.12323399573677E-17,-5.18075575509826E-13,
1.));
#7718=DIRECTION('',(6.12323399573677E-17,-5.18075575509826E-13,1.));
#7719=DIRECTION('',(-1.,0.,0.));
#7720=DIRECTION('center_axis',(0.,-0.173648177667804,-0.984807753012054));
#7721=DIRECTION('ref_axis',(1.06328842479323E-17,-0.984807753012054,0.173648177667804));
#7722=DIRECTION('',(1.06328842479323E-17,-0.984807753012054,0.173648177667804));
#7723=DIRECTION('',(-1.,0.,0.));
#7724=DIRECTION('center_axis',(0.,0.,-1.));
#7725=DIRECTION('ref_axis',(0.,-1.,0.));
#7726=DIRECTION('',(0.,-1.,0.));
#7727=DIRECTION('',(-1.,0.,0.));
#7728=DIRECTION('center_axis',(0.,-1.,-5.08200680286193E-16));
#7729=DIRECTION('ref_axis',(6.12323399573677E-17,-5.08200680286193E-16,
1.));
#7730=DIRECTION('',(6.12323399573677E-17,-5.08200680286193E-16,1.));
#7731=DIRECTION('',(-1.,0.,0.));
#7732=DIRECTION('center_axis',(0.,-5.13569450124712E-17,-1.));
#7733=DIRECTION('ref_axis',(3.14470591617548E-33,-1.,5.13569450124712E-17));
#7734=DIRECTION('',(3.14470591617548E-33,-1.,5.13569450124712E-17));
#7735=DIRECTION('',(-1.,0.,0.));
#7736=DIRECTION('center_axis',(0.,1.,0.));
#7737=DIRECTION('ref_axis',(-6.12323399573677E-17,0.,-1.));
#7738=DIRECTION('',(-6.12323399573677E-17,0.,-1.));
#7739=DIRECTION('',(-1.,0.,0.));
#7740=DIRECTION('center_axis',(0.,0.173648177666932,0.984807753012208));
#7741=DIRECTION('ref_axis',(-1.0632884247879E-17,0.984807753012208,-0.173648177666932));
#7742=DIRECTION('',(-1.0632884247879E-17,0.984807753012208,-0.173648177666932));
#7743=DIRECTION('',(-1.,0.,0.));
#7744=DIRECTION('center_axis',(0.,1.44560289664734E-16,1.));
#7745=DIRECTION('ref_axis',(-8.85176480108652E-33,1.,-1.44560289664734E-16));
#7746=DIRECTION('',(-8.85176480108652E-33,1.,-1.44560289664734E-16));
#7747=DIRECTION('',(1.,0.,0.));
#7748=DIRECTION('center_axis',(-1.,0.,0.));
#7749=DIRECTION('ref_axis',(0.,0.,-1.));
#7750=DIRECTION('center_axis',(1.,0.,-6.12323399573677E-17));
#7751=DIRECTION('ref_axis',(-6.12323399573677E-17,0.,-1.));
#7752=DIRECTION('',(-1.,0.,0.));
#7753=DIRECTION('center_axis',(0.,1.,8.61193276881622E-16));
#7754=DIRECTION('ref_axis',(-6.12323399573677E-17,8.61193276881622E-16,
-1.));
#7755=DIRECTION('',(-6.12323399573677E-17,8.61193276881622E-16,-1.));
#7756=DIRECTION('',(-1.,0.,0.));
#7757=DIRECTION('center_axis',(-1.,0.,0.));
#7758=DIRECTION('ref_axis',(0.,-1.73472347597681E-16,1.));
#7759=DIRECTION('center_axis',(-1.,0.,6.12323399573677E-17));
#7760=DIRECTION('ref_axis',(6.12323399573677E-17,-1.73472347597681E-16,
1.));
#7761=DIRECTION('',(-1.,0.,0.));
#7762=DIRECTION('center_axis',(0.,9.85127472554716E-14,1.));
#7763=DIRECTION('ref_axis',(-6.03216603008128E-30,1.,-9.85127472554716E-14));
#7764=DIRECTION('',(-6.03216603008128E-30,1.,-9.85127472554716E-14));
#7765=DIRECTION('center_axis',(-1.,0.,6.12323399573677E-17));
#7766=DIRECTION('ref_axis',(0.,-1.,0.));
#7767=DIRECTION('center_axis',(1.,0.,0.));
#7768=DIRECTION('ref_axis',(0.,0.6,-0.8));
#7769=DIRECTION('center_axis',(1.,0.,0.));
#7770=DIRECTION('ref_axis',(0.,0.6,-0.8));
#7771=DIRECTION('',(1.,0.,0.));
#7772=DIRECTION('center_axis',(-1.,0.,0.));
#7773=DIRECTION('ref_axis',(0.,0.6,-0.8));
#7774=DIRECTION('',(1.,0.,0.));
#7775=DIRECTION('center_axis',(0.,-1.,0.));
#7776=DIRECTION('ref_axis',(0.,0.,-1.));
#7777=DIRECTION('',(0.,0.,1.));
#7778=DIRECTION('',(0.,0.,-1.));
#7779=DIRECTION('',(1.,0.,0.));
#7780=DIRECTION('center_axis',(0.,3.70074341541719E-16,1.));
#7781=DIRECTION('ref_axis',(0.,-1.,3.70074341541719E-16));
#7782=DIRECTION('',(0.,1.,-3.70074341541719E-16));
#7783=DIRECTION('',(0.,-1.,3.70074341541719E-16));
#7784=DIRECTION('',(1.,0.,0.));
#7785=DIRECTION('center_axis',(0.,1.,0.));
#7786=DIRECTION('ref_axis',(0.,0.,1.));
#7787=DIRECTION('',(0.,0.,-1.));
#7788=DIRECTION('',(0.,0.,1.));
#7789=DIRECTION('',(1.,0.,0.));
#7790=DIRECTION('center_axis',(0.,1.09865820145198E-16,-1.));
#7791=DIRECTION('ref_axis',(0.,1.,1.09865820145198E-16));
#7792=DIRECTION('',(0.,-1.,-1.09865820145198E-16));
#7793=DIRECTION('',(0.,1.,1.09865820145198E-16));
#7794=DIRECTION('',(1.,0.,0.));
#7795=DIRECTION('center_axis',(0.,-1.,0.));
#7796=DIRECTION('ref_axis',(0.,0.,-1.));
#7797=DIRECTION('',(0.,0.,1.));
#7798=DIRECTION('',(0.,0.,-1.));
#7799=DIRECTION('center_axis',(1.,0.,0.));
#7800=DIRECTION('ref_axis',(0.,1.,0.));
#7801=DIRECTION('center_axis',(1.,0.,0.));
#7802=DIRECTION('ref_axis',(0.,1.,0.));
#7803=DIRECTION('center_axis',(1.,0.,0.));
#7804=DIRECTION('ref_axis',(0.,0.6,-0.8));
#7805=DIRECTION('center_axis',(1.,0.,0.));
#7806=DIRECTION('ref_axis',(0.,0.6,-0.8));
#7807=DIRECTION('',(-1.,0.,0.));
#7808=DIRECTION('center_axis',(-1.,0.,0.));
#7809=DIRECTION('ref_axis',(0.,0.6,-0.8));
#7810=DIRECTION('',(-1.,0.,0.));
#7811=DIRECTION('center_axis',(0.,1.,0.));
#7812=DIRECTION('ref_axis',(0.,0.,-1.));
#7813=DIRECTION('',(0.,0.,1.));
#7814=DIRECTION('',(-1.,0.,0.));
#7815=DIRECTION('',(0.,0.,-1.));
#7816=DIRECTION('center_axis',(0.,-3.70074341541719E-16,-1.));
#7817=DIRECTION('ref_axis',(0.,-1.,3.70074341541719E-16));
#7818=DIRECTION('',(0.,1.,-3.70074341541719E-16));
#7819=DIRECTION('',(-1.,0.,0.));
#7820=DIRECTION('',(0.,-1.,3.70074341541719E-16));
#7821=DIRECTION('center_axis',(0.,-1.,0.));
#7822=DIRECTION('ref_axis',(0.,0.,1.));
#7823=DIRECTION('',(0.,0.,-1.));
#7824=DIRECTION('',(-1.,0.,0.));
#7825=DIRECTION('',(0.,0.,1.));
#7826=DIRECTION('center_axis',(0.,-1.09865820145198E-16,1.));
#7827=DIRECTION('ref_axis',(0.,1.,1.09865820145198E-16));
#7828=DIRECTION('',(0.,-1.,-1.09865820145198E-16));
#7829=DIRECTION('',(-1.,0.,0.));
#7830=DIRECTION('',(0.,1.,1.09865820145198E-16));
#7831=DIRECTION('center_axis',(0.,1.,0.));
#7832=DIRECTION('ref_axis',(0.,0.,-1.));
#7833=DIRECTION('',(0.,0.,1.));
#7834=DIRECTION('',(0.,0.,-1.));
#7835=DIRECTION('center_axis',(1.,0.,0.));
#7836=DIRECTION('ref_axis',(0.,1.,0.));
#7837=DIRECTION('center_axis',(1.,0.,0.));
#7838=DIRECTION('ref_axis',(0.,1.,0.));
#7839=CARTESIAN_POINT('',(0.,0.,0.));
#7840=CARTESIAN_POINT('Origin',(-13.75,-4.8,2.21));
#7841=CARTESIAN_POINT('',(-14.27,-7.11,2.21));
#7842=CARTESIAN_POINT('',(-13.75,-7.11,2.21));
#7843=CARTESIAN_POINT('',(-13.75,-7.11,2.21));
#7844=CARTESIAN_POINT('',(-14.27,-4.8,2.21));
#7845=CARTESIAN_POINT('',(-14.27,-7.8,2.21));
#7846=CARTESIAN_POINT('',(-13.75,-4.8,2.21));
#7847=CARTESIAN_POINT('',(-13.75,-4.8,2.21));
#7848=CARTESIAN_POINT('',(-13.75,-7.8,2.21));
#7849=CARTESIAN_POINT('Origin',(-14.27,-6.3,1.055));
#7850=CARTESIAN_POINT('',(-14.27,-7.11,0.929999999999999));
#7851=CARTESIAN_POINT('',(-14.27,-7.11,1.9025));
#7852=CARTESIAN_POINT('',(-14.27,-4.8,0.929999999999999));
#7853=CARTESIAN_POINT('',(-14.27,-6.705,0.929999999999999));
#7854=CARTESIAN_POINT('',(-14.27,-4.8,2.21));
#7855=CARTESIAN_POINT('Origin',(-13.75,-3.9,3.));
#7856=CARTESIAN_POINT('',(-13.75,-7.8,0.));
#7857=CARTESIAN_POINT('',(-13.75,-7.8,4.2));
#7858=CARTESIAN_POINT('',(-13.75,-7.8,6.));
#7859=CARTESIAN_POINT('',(-13.75,-4.35,4.2));
#7860=CARTESIAN_POINT('',(-13.75,-5.85,4.2));
#7861=CARTESIAN_POINT('',(-13.75,-4.35,4.7));
#7862=CARTESIAN_POINT('',(-13.75,-4.35,3.6));
#7863=CARTESIAN_POINT('',(-13.75,-6.3,5.2));
#7864=CARTESIAN_POINT('',(-13.75,-3.93437692782233,4.5934299814929));
#7865=CARTESIAN_POINT('',(-13.75,-7.8,5.2));
#7866=CARTESIAN_POINT('',(-13.75,-5.1,5.2));
#7867=CARTESIAN_POINT('',(-13.75,-7.8,6.));
#7868=CARTESIAN_POINT('',(-13.75,-7.8,6.));
#7869=CARTESIAN_POINT('',(-13.75,-0.8,6.));
#7870=CARTESIAN_POINT('',(-13.75,1.92592994438724E-32,6.));
#7871=CARTESIAN_POINT('',(-13.75,-0.8,4.39499999999979));
#7872=CARTESIAN_POINT('',(-13.75,-0.8,4.39499999999979));
#7873=CARTESIAN_POINT('',(-13.75,1.31605212866461E-32,4.1));
#7874=CARTESIAN_POINT('',(-13.75,1.31605212866461E-32,4.1));
#7875=CARTESIAN_POINT('',(-13.75,0.,0.));
#7876=CARTESIAN_POINT('',(-13.75,0.,0.));
#7877=CARTESIAN_POINT('',(-13.75,-2.35,0.));
#7878=CARTESIAN_POINT('',(-13.75,-7.8,1.30133897896498E-16));
#7879=CARTESIAN_POINT('',(-13.75,-2.35,2.75));
#7880=CARTESIAN_POINT('',(-13.75,-2.35,1.5));
#7881=CARTESIAN_POINT('',(-13.75,-7.11,2.75));
#7882=CARTESIAN_POINT('',(-13.75,-3.125,2.75));
#7883=CARTESIAN_POINT('',(-13.75,-7.11,2.875));
#7884=CARTESIAN_POINT('',(-13.75,-4.8,1.54074395550979E-32));
#7885=CARTESIAN_POINT('',(-13.75,-4.8,1.965));
#7886=CARTESIAN_POINT('',(-13.75,-7.8,1.30133897896498E-16));
#7887=CARTESIAN_POINT('Origin',(-13.75,-2.35,0.));
#7888=CARTESIAN_POINT('',(-15.,-2.35,0.));
#7889=CARTESIAN_POINT('',(-13.75,-2.35,0.));
#7890=CARTESIAN_POINT('',(-15.,-2.35,2.75));
#7891=CARTESIAN_POINT('',(-15.,-2.35,0.));
#7892=CARTESIAN_POINT('',(-13.75,-2.35,2.75));
#7893=CARTESIAN_POINT('Origin',(-13.75,-4.8,0.929999999999999));
#7894=CARTESIAN_POINT('',(-15.,-4.8,0.929999999999999));
#7895=CARTESIAN_POINT('',(-13.75,-4.8,0.929999999999999));
#7896=CARTESIAN_POINT('',(-15.,-4.8,0.));
#7897=CARTESIAN_POINT('',(-15.,-4.8,2.21));
#7898=CARTESIAN_POINT('',(-13.75,-4.8,1.54074395550979E-32));
#7899=CARTESIAN_POINT('Origin',(-13.75,-7.11,0.929999999999999));
#7900=CARTESIAN_POINT('',(-15.,-7.11,0.929999999999999));
#7901=CARTESIAN_POINT('',(-13.75,-7.11,0.929999999999999));
#7902=CARTESIAN_POINT('',(-15.,-7.11,0.929999999999999));
#7903=CARTESIAN_POINT('Origin',(-13.75,-7.11,2.75));
#7904=CARTESIAN_POINT('',(-15.,-7.11,2.75));
#7905=CARTESIAN_POINT('',(-13.75,-7.11,2.75));
#7906=CARTESIAN_POINT('',(-15.,-7.11,2.75));
#7907=CARTESIAN_POINT('Origin',(-13.75,-2.35,2.75));
#7908=CARTESIAN_POINT('',(-15.,-2.35,2.75));
#7909=CARTESIAN_POINT('Origin',(-15.,-4.73,1.375));
#7910=CARTESIAN_POINT('',(-15.,-2.35,0.));
#7911=CARTESIAN_POINT('Origin',(13.75,-4.8,2.21));
#7912=CARTESIAN_POINT('',(13.75,-7.11,2.21));
#7913=CARTESIAN_POINT('',(14.27,-7.11,2.21));
#7914=CARTESIAN_POINT('',(13.75,-7.11,2.21));
#7915=CARTESIAN_POINT('',(13.75,-4.8,2.21));
#7916=CARTESIAN_POINT('',(13.75,-7.8,2.21));
#7917=CARTESIAN_POINT('',(14.27,-4.8,2.21));
#7918=CARTESIAN_POINT('',(13.75,-4.8,2.21));
#7919=CARTESIAN_POINT('',(14.27,-7.8,2.21));
#7920=CARTESIAN_POINT('Origin',(14.27,-6.3,1.055));
#7921=CARTESIAN_POINT('',(14.27,-7.11,0.929999999999999));
#7922=CARTESIAN_POINT('',(14.27,-7.11,1.9025));
#7923=CARTESIAN_POINT('',(14.27,-4.8,0.929999999999999));
#7924=CARTESIAN_POINT('',(14.27,-4.8,2.21));
#7925=CARTESIAN_POINT('',(14.27,-6.705,0.929999999999999));
#7926=CARTESIAN_POINT('Origin',(13.75,-3.9,3.));
#7927=CARTESIAN_POINT('',(13.75,-7.11,2.75));
#7928=CARTESIAN_POINT('',(13.75,-7.11,2.875));
#7929=CARTESIAN_POINT('',(13.75,-2.35,2.75));
#7930=CARTESIAN_POINT('',(13.75,-3.125,2.75));
#7931=CARTESIAN_POINT('',(13.75,-2.35,0.));
#7932=CARTESIAN_POINT('',(13.75,-2.35,1.5));
#7933=CARTESIAN_POINT('',(13.75,0.,0.));
#7934=CARTESIAN_POINT('',(13.75,-7.8,1.30133897896498E-16));
#7935=CARTESIAN_POINT('',(13.75,1.31605212866461E-32,4.1));
#7936=CARTESIAN_POINT('',(13.75,0.,0.));
#7937=CARTESIAN_POINT('',(13.75,-0.8,4.39499999999979));
#7938=CARTESIAN_POINT('',(13.75,1.31605212866461E-32,4.1));
#7939=CARTESIAN_POINT('',(13.75,-0.8,6.));
#7940=CARTESIAN_POINT('',(13.75,-0.8,4.39499999999979));
#7941=CARTESIAN_POINT('',(13.75,-7.8,6.));
#7942=CARTESIAN_POINT('',(13.75,1.92592994438724E-32,6.));
#7943=CARTESIAN_POINT('',(13.75,-7.8,5.2));
#7944=CARTESIAN_POINT('',(13.75,-7.8,6.));
#7945=CARTESIAN_POINT('',(13.75,-6.3,5.2));
#7946=CARTESIAN_POINT('',(13.75,-5.1,5.2));
#7947=CARTESIAN_POINT('',(13.75,-4.35,4.7));
#7948=CARTESIAN_POINT('',(13.75,-3.93437692782233,4.5934299814929));
#7949=CARTESIAN_POINT('',(13.75,-4.35,4.2));
#7950=CARTESIAN_POINT('',(13.75,-4.35,3.6));
#7951=CARTESIAN_POINT('',(13.75,-7.8,4.2));
#7952=CARTESIAN_POINT('',(13.75,-5.85,4.2));
#7953=CARTESIAN_POINT('',(13.75,-7.8,0.));
#7954=CARTESIAN_POINT('',(13.75,-7.8,6.));
#7955=CARTESIAN_POINT('',(13.75,-4.8,1.54074395550979E-32));
#7956=CARTESIAN_POINT('',(13.75,-7.8,1.30133897896498E-16));
#7957=CARTESIAN_POINT('',(13.75,-4.8,1.965));
#7958=CARTESIAN_POINT('Origin',(13.75,-7.11,2.75));
#7959=CARTESIAN_POINT('',(15.,-7.11,0.929999999999999));
#7960=CARTESIAN_POINT('',(13.75,-7.11,0.929999999999999));
#7961=CARTESIAN_POINT('',(15.,-7.11,2.75));
#7962=CARTESIAN_POINT('',(15.,-7.11,2.75));
#7963=CARTESIAN_POINT('',(13.75,-7.11,2.75));
#7964=CARTESIAN_POINT('Origin',(13.75,-7.11,0.929999999999999));
#7965=CARTESIAN_POINT('',(15.,-4.8,0.929999999999999));
#7966=CARTESIAN_POINT('',(13.75,-4.8,0.929999999999999));
#7967=CARTESIAN_POINT('',(15.,-7.11,0.929999999999999));
#7968=CARTESIAN_POINT('Origin',(13.75,-2.35,0.));
#7969=CARTESIAN_POINT('',(15.,-2.35,2.75));
#7970=CARTESIAN_POINT('',(13.75,-2.35,2.75));
#7971=CARTESIAN_POINT('',(15.,-2.35,0.));
#7972=CARTESIAN_POINT('',(15.,-2.35,0.));
#7973=CARTESIAN_POINT('',(13.75,-2.35,0.));
#7974=CARTESIAN_POINT('Origin',(13.75,-4.8,0.929999999999999));
#7975=CARTESIAN_POINT('',(15.,-4.8,0.));
#7976=CARTESIAN_POINT('',(13.75,-4.8,1.54074395550979E-32));
#7977=CARTESIAN_POINT('',(15.,-4.8,2.21));
#7978=CARTESIAN_POINT('Origin',(13.75,-2.35,2.75));
#7979=CARTESIAN_POINT('',(15.,-2.35,2.75));
#7980=CARTESIAN_POINT('Origin',(15.,-4.73,1.375));
#7981=CARTESIAN_POINT('',(15.,-2.35,0.));
#7982=CARTESIAN_POINT('Origin',(10.92,-0.1,3.98999999999979));
#7983=CARTESIAN_POINT('',(10.92,-3.03,3.44999999999979));
#7984=CARTESIAN_POINT('',(10.92,-3.03,4.09));
#7985=CARTESIAN_POINT('',(10.92,-3.03,2.3949999999999));
#7986=CARTESIAN_POINT('',(10.92,-0.9,3.44999999999979));
#7987=CARTESIAN_POINT('',(10.92,-0.9,3.44999999999979));
#7988=CARTESIAN_POINT('',(10.92,-0.9,4.08999999999979));
#7989=CARTESIAN_POINT('',(10.92,-0.9,3.56749999999979));
#7990=CARTESIAN_POINT('',(10.92,-3.03,4.09));
#7991=CARTESIAN_POINT('Origin',(10.92,-0.1,3.98999999999979));
#7992=CARTESIAN_POINT('',(10.92,-0.640000000000001,1.12));
#7993=CARTESIAN_POINT('',(10.92,-4.9949210059134E-16,1.12));
#7994=CARTESIAN_POINT('',(10.92,-0.05,1.12));
#7995=CARTESIAN_POINT('',(10.92,-0.640000000000001,1.73472347597681E-17));
#7996=CARTESIAN_POINT('',(10.92,-0.640000000000001,-0.0999999999999995));
#7997=CARTESIAN_POINT('',(10.92,0.,1.54074395550979E-32));
#7998=CARTESIAN_POINT('',(10.92,-3.95,0.));
#7999=CARTESIAN_POINT('',(10.92,0.,1.9949999999999));
#8000=CARTESIAN_POINT('Origin',(11.25,-6.25000000000006,4.09000000000032));
#8001=CARTESIAN_POINT('',(11.58,-3.03,4.09));
#8002=CARTESIAN_POINT('',(5.625,-3.03,4.09));
#8003=CARTESIAN_POINT('',(11.58,-0.9,4.08999999999979));
#8004=CARTESIAN_POINT('',(5.625,-0.9,4.08999999999979));
#8005=CARTESIAN_POINT('',(11.58,-3.03,4.09));
#8006=CARTESIAN_POINT('Origin',(11.58,-0.1,3.98999999999979));
#8007=CARTESIAN_POINT('',(11.58,-3.03,3.44999999999979));
#8008=CARTESIAN_POINT('',(11.58,-3.03,2.3949999999999));
#8009=CARTESIAN_POINT('',(11.58,-0.9,3.44999999999979));
#8010=CARTESIAN_POINT('',(11.58,-0.9,3.56749999999979));
#8011=CARTESIAN_POINT('',(11.58,-0.9,3.44999999999979));
#8012=CARTESIAN_POINT('Origin',(11.58,-0.1,3.98999999999979));
#8013=CARTESIAN_POINT('',(11.58,0.,1.12));
#8014=CARTESIAN_POINT('',(11.58,-0.640000000000001,1.12));
#8015=CARTESIAN_POINT('',(11.58,-0.05,1.12));
#8016=CARTESIAN_POINT('',(11.58,0.,1.54074395550979E-32));
#8017=CARTESIAN_POINT('',(11.58,0.,1.9949999999999));
#8018=CARTESIAN_POINT('',(11.58,-0.640000000000001,1.73472347597681E-17));
#8019=CARTESIAN_POINT('',(11.58,-3.95,0.));
#8020=CARTESIAN_POINT('',(11.58,-0.640000000000001,-0.0999999999999995));
#8021=CARTESIAN_POINT('Origin',(11.25,-0.640000000000003,3.44999999999979));
#8022=CARTESIAN_POINT('',(5.625,-3.03,3.44999999999979));
#8023=CARTESIAN_POINT('',(5.625,-0.9,3.44999999999979));
#8024=CARTESIAN_POINT('Origin',(11.25,-0.640000000000001,-0.0999999999999995));
#8025=CARTESIAN_POINT('',(5.625,-0.640000000000001,1.12));
#8026=CARTESIAN_POINT('',(5.625,-0.640000000000001,8.67361737988404E-18));
#8027=CARTESIAN_POINT('Origin',(0.,4.94560820091656E-65,1.54074395550979E-32));
#8028=CARTESIAN_POINT('',(12.93,3.59506922952284E-33,1.12));
#8029=CARTESIAN_POINT('',(0.,0.,1.12));
#8030=CARTESIAN_POINT('',(12.93,0.,4.1));
#8031=CARTESIAN_POINT('',(12.93,0.,0.));
#8032=CARTESIAN_POINT('',(13.75,1.31605212866461E-32,4.1));
#8033=CARTESIAN_POINT('',(0.,0.,1.54074395550979E-32));
#8034=CARTESIAN_POINT('Origin',(0.,4.94560820091656E-65,1.54074395550979E-32));
#8035=CARTESIAN_POINT('',(9.08,0.,1.54074395550979E-32));
#8036=CARTESIAN_POINT('',(0.,0.,1.54074395550979E-32));
#8037=CARTESIAN_POINT('',(9.08,0.,1.12));
#8038=CARTESIAN_POINT('',(9.08,0.,1.9949999999999));
#8039=CARTESIAN_POINT('',(0.,0.,1.12));
#8040=CARTESIAN_POINT('Origin',(0.,-7.8,1.30133897896498E-16));
#8041=CARTESIAN_POINT('',(0.,-7.8,1.30133897896498E-16));
#8042=CARTESIAN_POINT('',(-11.58,0.,1.54074395550979E-32));
#8043=CARTESIAN_POINT('',(0.,0.,1.54074395550979E-32));
#8044=CARTESIAN_POINT('',(-11.58,-0.640000000000001,1.73472347597681E-17));
#8045=CARTESIAN_POINT('',(-11.58,-3.95,0.));
#8046=CARTESIAN_POINT('',(-10.92,-0.640000000000001,1.73472347597681E-17));
#8047=CARTESIAN_POINT('',(-5.625,-0.640000000000001,8.67361737988404E-18));
#8048=CARTESIAN_POINT('',(-10.92,0.,1.54074395550979E-32));
#8049=CARTESIAN_POINT('',(-10.92,-3.95,0.));
#8050=CARTESIAN_POINT('',(-9.08,0.,1.54074395550979E-32));
#8051=CARTESIAN_POINT('',(0.,0.,1.54074395550979E-32));
#8052=CARTESIAN_POINT('',(-9.08,-0.640000000000001,1.73472347597681E-17));
#8053=CARTESIAN_POINT('',(-9.08,-3.95,0.));
#8054=CARTESIAN_POINT('',(-8.42,-0.640000000000001,1.73472347597681E-17));
#8055=CARTESIAN_POINT('',(-4.375,-0.640000000000001,8.67361737988404E-18));
#8056=CARTESIAN_POINT('',(-8.42,0.,1.54074395550979E-32));
#8057=CARTESIAN_POINT('',(-8.42,-3.95,0.));
#8058=CARTESIAN_POINT('',(-6.58,0.,1.54074395550979E-32));
#8059=CARTESIAN_POINT('',(0.,0.,1.54074395550979E-32));
#8060=CARTESIAN_POINT('',(-6.58,-0.640000000000001,1.73472347597681E-17));
#8061=CARTESIAN_POINT('',(-6.58,-3.95,0.));
#8062=CARTESIAN_POINT('',(-5.92,-0.640000000000001,1.73472347597681E-17));
#8063=CARTESIAN_POINT('',(-3.125,-0.640000000000001,8.67361737988404E-18));
#8064=CARTESIAN_POINT('',(-5.92,0.,1.54074395550979E-32));
#8065=CARTESIAN_POINT('',(-5.92,-3.95,0.));
#8066=CARTESIAN_POINT('',(-4.08,0.,1.54074395550979E-32));
#8067=CARTESIAN_POINT('',(0.,0.,1.54074395550979E-32));
#8068=CARTESIAN_POINT('',(-4.08,-0.640000000000001,1.73472347597681E-17));
#8069=CARTESIAN_POINT('',(-4.08,-3.95,0.));
#8070=CARTESIAN_POINT('',(-3.42,-0.640000000000001,1.73472347597681E-17));
#8071=CARTESIAN_POINT('',(-1.875,-0.640000000000001,8.67361737988404E-18));
#8072=CARTESIAN_POINT('',(-3.42,0.,1.54074395550979E-32));
#8073=CARTESIAN_POINT('',(-3.42,-3.95,0.));
#8074=CARTESIAN_POINT('',(-1.58,0.,1.54074395550979E-32));
#8075=CARTESIAN_POINT('',(0.,0.,1.54074395550979E-32));
#8076=CARTESIAN_POINT('',(-1.58,-0.640000000000001,1.73472347597681E-17));
#8077=CARTESIAN_POINT('',(-1.58,-3.95,0.));
#8078=CARTESIAN_POINT('',(-0.920000000000001,-0.640000000000001,1.73472347597681E-17));
#8079=CARTESIAN_POINT('',(-0.625,-0.640000000000001,8.67361737988404E-18));
#8080=CARTESIAN_POINT('',(-0.920000000000001,0.,1.54074395550979E-32));
#8081=CARTESIAN_POINT('',(-0.920000000000001,-3.95,0.));
#8082=CARTESIAN_POINT('',(0.920000000000001,0.,1.54074395550979E-32));
#8083=CARTESIAN_POINT('',(0.,0.,1.54074395550979E-32));
#8084=CARTESIAN_POINT('',(0.920000000000001,-0.640000000000001,1.73472347597681E-17));
#8085=CARTESIAN_POINT('',(0.920000000000001,-3.95,0.));
#8086=CARTESIAN_POINT('',(1.58,-0.640000000000001,1.73472347597681E-17));
#8087=CARTESIAN_POINT('',(0.625,-0.640000000000001,8.67361737988404E-18));
#8088=CARTESIAN_POINT('',(1.58,0.,1.54074395550979E-32));
#8089=CARTESIAN_POINT('',(1.58,-3.95,0.));
#8090=CARTESIAN_POINT('',(3.42,0.,1.54074395550979E-32));
#8091=CARTESIAN_POINT('',(0.,0.,1.54074395550979E-32));
#8092=CARTESIAN_POINT('',(3.42,-0.640000000000001,1.73472347597681E-17));
#8093=CARTESIAN_POINT('',(3.42,-3.95,0.));
#8094=CARTESIAN_POINT('',(4.08,-0.640000000000001,1.73472347597681E-17));
#8095=CARTESIAN_POINT('',(1.875,-0.640000000000001,8.67361737988404E-18));
#8096=CARTESIAN_POINT('',(4.08,0.,1.54074395550979E-32));
#8097=CARTESIAN_POINT('',(4.08,-3.95,0.));
#8098=CARTESIAN_POINT('',(5.92,0.,1.54074395550979E-32));
#8099=CARTESIAN_POINT('',(0.,0.,1.54074395550979E-32));
#8100=CARTESIAN_POINT('',(5.92,-0.640000000000001,1.73472347597681E-17));
#8101=CARTESIAN_POINT('',(5.92,-3.95,0.));
#8102=CARTESIAN_POINT('',(6.58,-0.640000000000001,1.73472347597681E-17));
#8103=CARTESIAN_POINT('',(3.125,-0.640000000000001,8.67361737988404E-18));
#8104=CARTESIAN_POINT('',(6.58,0.,1.54074395550979E-32));
#8105=CARTESIAN_POINT('',(6.58,-3.95,0.));
#8106=CARTESIAN_POINT('',(8.42,0.,1.54074395550979E-32));
#8107=CARTESIAN_POINT('',(0.,0.,1.54074395550979E-32));
#8108=CARTESIAN_POINT('',(8.42,-0.640000000000001,1.73472347597681E-17));
#8109=CARTESIAN_POINT('',(8.42,-3.95,0.));
#8110=CARTESIAN_POINT('',(9.08,-0.640000000000001,1.73472347597681E-17));
#8111=CARTESIAN_POINT('',(4.375,-0.640000000000001,8.67361737988404E-18));
#8112=CARTESIAN_POINT('',(9.08,-3.95,0.));
#8113=CARTESIAN_POINT('Origin',(8.42,-0.1,3.98999999999979));
#8114=CARTESIAN_POINT('',(8.42,-3.03,3.44999999999979));
#8115=CARTESIAN_POINT('',(8.42,-3.03,4.09));
#8116=CARTESIAN_POINT('',(8.42,-3.03,2.3949999999999));
#8117=CARTESIAN_POINT('',(8.42,-0.9,3.44999999999979));
#8118=CARTESIAN_POINT('',(8.42,-0.9,3.44999999999979));
#8119=CARTESIAN_POINT('',(8.42,-0.9,4.08999999999979));
#8120=CARTESIAN_POINT('',(8.42,-0.9,3.56749999999979));
#8121=CARTESIAN_POINT('',(8.42,-3.03,4.09));
#8122=CARTESIAN_POINT('Origin',(8.42,-0.1,3.98999999999979));
#8123=CARTESIAN_POINT('',(8.42,-0.640000000000001,1.12));
#8124=CARTESIAN_POINT('',(8.42,-4.9949210059134E-16,1.12));
#8125=CARTESIAN_POINT('',(8.42,-0.05,1.12));
#8126=CARTESIAN_POINT('',(8.42,-0.640000000000001,-0.0999999999999995));
#8127=CARTESIAN_POINT('',(8.42,0.,1.9949999999999));
#8128=CARTESIAN_POINT('Origin',(8.75,-6.25000000000006,4.09000000000032));
#8129=CARTESIAN_POINT('',(9.08,-3.03,4.09));
#8130=CARTESIAN_POINT('',(4.375,-3.03,4.09));
#8131=CARTESIAN_POINT('',(9.08,-0.9,4.08999999999979));
#8132=CARTESIAN_POINT('',(4.375,-0.9,4.08999999999979));
#8133=CARTESIAN_POINT('',(9.08,-3.03,4.09));
#8134=CARTESIAN_POINT('Origin',(9.08,-0.1,3.98999999999979));
#8135=CARTESIAN_POINT('',(9.08,-3.03,3.44999999999979));
#8136=CARTESIAN_POINT('',(9.08,-3.03,2.3949999999999));
#8137=CARTESIAN_POINT('',(9.08,-0.9,3.44999999999979));
#8138=CARTESIAN_POINT('',(9.08,-0.9,3.56749999999979));
#8139=CARTESIAN_POINT('',(9.08,-0.9,3.44999999999979));
#8140=CARTESIAN_POINT('Origin',(9.08,-0.1,3.98999999999979));
#8141=CARTESIAN_POINT('',(9.08,-0.640000000000001,1.12));
#8142=CARTESIAN_POINT('',(9.08,-0.05,1.12));
#8143=CARTESIAN_POINT('',(9.08,-0.640000000000001,-0.0999999999999995));
#8144=CARTESIAN_POINT('Origin',(8.75,-0.640000000000003,3.44999999999979));
#8145=CARTESIAN_POINT('',(4.375,-3.03,3.44999999999979));
#8146=CARTESIAN_POINT('',(4.375,-0.9,3.44999999999979));
#8147=CARTESIAN_POINT('Origin',(8.75,-0.640000000000001,-0.0999999999999995));
#8148=CARTESIAN_POINT('',(4.375,-0.640000000000001,1.12));
#8149=CARTESIAN_POINT('Origin',(5.92,-0.1,3.98999999999979));
#8150=CARTESIAN_POINT('',(5.92,-3.03,3.44999999999979));
#8151=CARTESIAN_POINT('',(5.92,-3.03,4.09));
#8152=CARTESIAN_POINT('',(5.92,-3.03,2.3949999999999));
#8153=CARTESIAN_POINT('',(5.92,-0.9,3.44999999999979));
#8154=CARTESIAN_POINT('',(5.92,-0.9,3.44999999999979));
#8155=CARTESIAN_POINT('',(5.92,-0.9,4.08999999999979));
#8156=CARTESIAN_POINT('',(5.92,-0.9,3.56749999999979));
#8157=CARTESIAN_POINT('',(5.92,-3.03,4.09));
#8158=CARTESIAN_POINT('Origin',(5.92,-0.1,3.98999999999979));
#8159=CARTESIAN_POINT('',(5.92,-0.640000000000001,1.12));
#8160=CARTESIAN_POINT('',(5.92,-4.9949210059134E-16,1.12));
#8161=CARTESIAN_POINT('',(5.92,-0.05,1.12));
#8162=CARTESIAN_POINT('',(5.92,-0.640000000000001,-0.0999999999999995));
#8163=CARTESIAN_POINT('',(5.92,0.,1.9949999999999));
#8164=CARTESIAN_POINT('Origin',(6.25,-6.25000000000006,4.09000000000032));
#8165=CARTESIAN_POINT('',(6.58,-3.03,4.09));
#8166=CARTESIAN_POINT('',(3.125,-3.03,4.09));
#8167=CARTESIAN_POINT('',(6.58,-0.9,4.08999999999979));
#8168=CARTESIAN_POINT('',(3.125,-0.9,4.08999999999979));
#8169=CARTESIAN_POINT('',(6.58,-3.03,4.09));
#8170=CARTESIAN_POINT('Origin',(6.58,-0.1,3.98999999999979));
#8171=CARTESIAN_POINT('',(6.58,-3.03,3.44999999999979));
#8172=CARTESIAN_POINT('',(6.58,-3.03,2.3949999999999));
#8173=CARTESIAN_POINT('',(6.58,-0.9,3.44999999999979));
#8174=CARTESIAN_POINT('',(6.58,-0.9,3.56749999999979));
#8175=CARTESIAN_POINT('',(6.58,-0.9,3.44999999999979));
#8176=CARTESIAN_POINT('Origin',(6.58,-0.1,3.98999999999979));
#8177=CARTESIAN_POINT('',(6.58,0.,1.12));
#8178=CARTESIAN_POINT('',(6.58,-0.640000000000001,1.12));
#8179=CARTESIAN_POINT('',(6.58,-0.05,1.12));
#8180=CARTESIAN_POINT('',(6.58,0.,1.9949999999999));
#8181=CARTESIAN_POINT('',(6.58,-0.640000000000001,-0.0999999999999995));
#8182=CARTESIAN_POINT('Origin',(6.25,-0.640000000000003,3.44999999999979));
#8183=CARTESIAN_POINT('',(3.125,-3.03,3.44999999999979));
#8184=CARTESIAN_POINT('',(3.125,-0.9,3.44999999999979));
#8185=CARTESIAN_POINT('Origin',(6.25,-0.640000000000001,-0.0999999999999995));
#8186=CARTESIAN_POINT('',(3.125,-0.640000000000001,1.12));
#8187=CARTESIAN_POINT('Origin',(0.,4.94560820091656E-65,1.54074395550979E-32));
#8188=CARTESIAN_POINT('',(0.,0.,1.12));
#8189=CARTESIAN_POINT('Origin',(0.,4.94560820091656E-65,1.54074395550979E-32));
#8190=CARTESIAN_POINT('',(4.08,0.,1.12));
#8191=CARTESIAN_POINT('',(4.08,0.,1.9949999999999));
#8192=CARTESIAN_POINT('',(0.,0.,1.12));
#8193=CARTESIAN_POINT('Origin',(3.42,-0.1,3.98999999999979));
#8194=CARTESIAN_POINT('',(3.42,-3.03,3.44999999999979));
#8195=CARTESIAN_POINT('',(3.42,-3.03,4.09));
#8196=CARTESIAN_POINT('',(3.42,-3.03,2.3949999999999));
#8197=CARTESIAN_POINT('',(3.42,-0.9,3.44999999999979));
#8198=CARTESIAN_POINT('',(3.42,-0.9,3.44999999999979));
#8199=CARTESIAN_POINT('',(3.42,-0.9,4.08999999999979));
#8200=CARTESIAN_POINT('',(3.42,-0.9,3.56749999999979));
#8201=CARTESIAN_POINT('',(3.42,-3.03,4.09));
#8202=CARTESIAN_POINT('Origin',(3.42,-0.1,3.98999999999979));
#8203=CARTESIAN_POINT('',(3.42,-0.640000000000001,1.12));
#8204=CARTESIAN_POINT('',(3.42,-4.9949210059134E-16,1.12));
#8205=CARTESIAN_POINT('',(3.42,-0.05,1.12));
#8206=CARTESIAN_POINT('',(3.42,-0.640000000000001,-0.0999999999999995));
#8207=CARTESIAN_POINT('',(3.42,0.,1.9949999999999));
#8208=CARTESIAN_POINT('Origin',(3.75,-6.25000000000006,4.09000000000032));
#8209=CARTESIAN_POINT('',(4.08,-3.03,4.09));
#8210=CARTESIAN_POINT('',(1.875,-3.03,4.09));
#8211=CARTESIAN_POINT('',(4.08,-0.9,4.08999999999979));
#8212=CARTESIAN_POINT('',(1.875,-0.9,4.08999999999979));
#8213=CARTESIAN_POINT('',(4.08,-3.03,4.09));
#8214=CARTESIAN_POINT('Origin',(4.08,-0.1,3.98999999999979));
#8215=CARTESIAN_POINT('',(4.08,-3.03,3.44999999999979));
#8216=CARTESIAN_POINT('',(4.08,-3.03,2.3949999999999));
#8217=CARTESIAN_POINT('',(4.08,-0.9,3.44999999999979));
#8218=CARTESIAN_POINT('',(4.08,-0.9,3.56749999999979));
#8219=CARTESIAN_POINT('',(4.08,-0.9,3.44999999999979));
#8220=CARTESIAN_POINT('Origin',(4.08,-0.1,3.98999999999979));
#8221=CARTESIAN_POINT('',(4.08,-0.640000000000001,1.12));
#8222=CARTESIAN_POINT('',(4.08,-0.05,1.12));
#8223=CARTESIAN_POINT('',(4.08,-0.640000000000001,-0.0999999999999995));
#8224=CARTESIAN_POINT('Origin',(3.75,-0.640000000000003,3.44999999999979));
#8225=CARTESIAN_POINT('',(1.875,-3.03,3.44999999999979));
#8226=CARTESIAN_POINT('',(1.875,-0.9,3.44999999999979));
#8227=CARTESIAN_POINT('Origin',(3.75,-0.640000000000001,-0.0999999999999995));
#8228=CARTESIAN_POINT('',(1.875,-0.640000000000001,1.12));
#8229=CARTESIAN_POINT('Origin',(0.920000000000001,-0.1,3.98999999999979));
#8230=CARTESIAN_POINT('',(0.920000000000001,-3.03,3.44999999999979));
#8231=CARTESIAN_POINT('',(0.920000000000001,-3.03,4.09));
#8232=CARTESIAN_POINT('',(0.920000000000001,-3.03,2.3949999999999));
#8233=CARTESIAN_POINT('',(0.920000000000001,-0.9,3.44999999999979));
#8234=CARTESIAN_POINT('',(0.920000000000001,-0.9,3.44999999999979));
#8235=CARTESIAN_POINT('',(0.920000000000001,-0.9,4.08999999999979));
#8236=CARTESIAN_POINT('',(0.920000000000001,-0.9,3.56749999999979));
#8237=CARTESIAN_POINT('',(0.920000000000001,-3.03,4.09));
#8238=CARTESIAN_POINT('Origin',(0.920000000000001,-0.1,3.98999999999979));
#8239=CARTESIAN_POINT('',(0.920000000000001,-0.640000000000001,1.12));
#8240=CARTESIAN_POINT('',(0.920000000000001,-4.9949210059134E-16,1.12));
#8241=CARTESIAN_POINT('',(0.920000000000001,-0.05,1.12));
#8242=CARTESIAN_POINT('',(0.920000000000001,-0.640000000000001,-0.0999999999999995));
#8243=CARTESIAN_POINT('',(0.920000000000001,0.,1.9949999999999));
#8244=CARTESIAN_POINT('Origin',(1.25,-6.25000000000006,4.09000000000032));
#8245=CARTESIAN_POINT('',(1.58,-3.03,4.09));
#8246=CARTESIAN_POINT('',(0.625,-3.03,4.09));
#8247=CARTESIAN_POINT('',(1.58,-0.9,4.08999999999979));
#8248=CARTESIAN_POINT('',(0.625,-0.9,4.08999999999979));
#8249=CARTESIAN_POINT('',(1.58,-3.03,4.09));
#8250=CARTESIAN_POINT('Origin',(1.58,-0.1,3.98999999999979));
#8251=CARTESIAN_POINT('',(1.58,-3.03,3.44999999999979));
#8252=CARTESIAN_POINT('',(1.58,-3.03,2.3949999999999));
#8253=CARTESIAN_POINT('',(1.58,-0.9,3.44999999999979));
#8254=CARTESIAN_POINT('',(1.58,-0.9,3.56749999999979));
#8255=CARTESIAN_POINT('',(1.58,-0.9,3.44999999999979));
#8256=CARTESIAN_POINT('Origin',(1.58,-0.1,3.98999999999979));
#8257=CARTESIAN_POINT('',(1.58,0.,1.12));
#8258=CARTESIAN_POINT('',(1.58,-0.640000000000001,1.12));
#8259=CARTESIAN_POINT('',(1.58,-0.05,1.12));
#8260=CARTESIAN_POINT('',(1.58,0.,1.9949999999999));
#8261=CARTESIAN_POINT('',(1.58,-0.640000000000001,-0.0999999999999995));
#8262=CARTESIAN_POINT('Origin',(1.25,-0.640000000000003,3.44999999999979));
#8263=CARTESIAN_POINT('',(0.625,-3.03,3.44999999999979));
#8264=CARTESIAN_POINT('',(0.625,-0.9,3.44999999999979));
#8265=CARTESIAN_POINT('Origin',(1.25,-0.640000000000001,-0.0999999999999995));
#8266=CARTESIAN_POINT('',(0.625,-0.640000000000001,1.12));
#8267=CARTESIAN_POINT('Origin',(0.,4.94560820091656E-65,1.54074395550979E-32));
#8268=CARTESIAN_POINT('',(0.,0.,1.12));
#8269=CARTESIAN_POINT('Origin',(0.,4.94560820091656E-65,1.54074395550979E-32));
#8270=CARTESIAN_POINT('',(-0.920000000000001,0.,1.12));
#8271=CARTESIAN_POINT('',(-0.920000000000001,0.,1.9949999999999));
#8272=CARTESIAN_POINT('',(0.,0.,1.12));
#8273=CARTESIAN_POINT('Origin',(-1.58,-0.1,3.98999999999979));
#8274=CARTESIAN_POINT('',(-1.58,-3.03,3.44999999999979));
#8275=CARTESIAN_POINT('',(-1.58,-3.03,4.09));
#8276=CARTESIAN_POINT('',(-1.58,-3.03,2.3949999999999));
#8277=CARTESIAN_POINT('',(-1.58,-0.9,3.44999999999979));
#8278=CARTESIAN_POINT('',(-1.58,-0.9,3.44999999999979));
#8279=CARTESIAN_POINT('',(-1.58,-0.9,4.08999999999979));
#8280=CARTESIAN_POINT('',(-1.58,-0.9,3.56749999999979));
#8281=CARTESIAN_POINT('',(-1.58,-3.03,4.09));
#8282=CARTESIAN_POINT('Origin',(-1.58,-0.1,3.98999999999979));
#8283=CARTESIAN_POINT('',(-1.58,-0.640000000000001,1.12));
#8284=CARTESIAN_POINT('',(-1.58,-4.9949210059134E-16,1.12));
#8285=CARTESIAN_POINT('',(-1.58,-0.05,1.12));
#8286=CARTESIAN_POINT('',(-1.58,-0.640000000000001,-0.0999999999999995));
#8287=CARTESIAN_POINT('',(-1.58,0.,1.9949999999999));
#8288=CARTESIAN_POINT('Origin',(-1.25,-6.25000000000006,4.09000000000032));
#8289=CARTESIAN_POINT('',(-0.920000000000001,-3.03,4.09));
#8290=CARTESIAN_POINT('',(-0.625,-3.03,4.09));
#8291=CARTESIAN_POINT('',(-0.920000000000001,-0.9,4.08999999999979));
#8292=CARTESIAN_POINT('',(-0.625,-0.9,4.08999999999979));
#8293=CARTESIAN_POINT('',(-0.920000000000001,-3.03,4.09));
#8294=CARTESIAN_POINT('Origin',(-0.920000000000001,-0.1,3.98999999999979));
#8295=CARTESIAN_POINT('',(-0.920000000000001,-3.03,3.44999999999979));
#8296=CARTESIAN_POINT('',(-0.920000000000001,-3.03,2.3949999999999));
#8297=CARTESIAN_POINT('',(-0.920000000000001,-0.9,3.44999999999979));
#8298=CARTESIAN_POINT('',(-0.920000000000001,-0.9,3.56749999999979));
#8299=CARTESIAN_POINT('',(-0.920000000000001,-0.9,3.44999999999979));
#8300=CARTESIAN_POINT('Origin',(-0.920000000000001,-0.1,3.98999999999979));
#8301=CARTESIAN_POINT('',(-0.920000000000001,-0.640000000000001,1.12));
#8302=CARTESIAN_POINT('',(-0.920000000000001,-0.05,1.12));
#8303=CARTESIAN_POINT('',(-0.920000000000001,-0.640000000000001,-0.0999999999999995));
#8304=CARTESIAN_POINT('Origin',(-1.25,-0.640000000000003,3.44999999999979));
#8305=CARTESIAN_POINT('',(-0.625,-3.03,3.44999999999979));
#8306=CARTESIAN_POINT('',(-0.625,-0.9,3.44999999999979));
#8307=CARTESIAN_POINT('Origin',(-1.25,-0.640000000000001,-0.0999999999999995));
#8308=CARTESIAN_POINT('',(-0.625,-0.640000000000001,1.12));
#8309=CARTESIAN_POINT('Origin',(-4.08,-0.1,3.98999999999979));
#8310=CARTESIAN_POINT('',(-4.08,-3.03,3.44999999999979));
#8311=CARTESIAN_POINT('',(-4.08,-3.03,4.09));
#8312=CARTESIAN_POINT('',(-4.08,-3.03,2.3949999999999));
#8313=CARTESIAN_POINT('',(-4.08,-0.9,3.44999999999979));
#8314=CARTESIAN_POINT('',(-4.08,-0.9,3.44999999999979));
#8315=CARTESIAN_POINT('',(-4.08,-0.9,4.08999999999979));
#8316=CARTESIAN_POINT('',(-4.08,-0.9,3.56749999999979));
#8317=CARTESIAN_POINT('',(-4.08,-3.03,4.09));
#8318=CARTESIAN_POINT('Origin',(-4.08,-0.1,3.98999999999979));
#8319=CARTESIAN_POINT('',(-4.08,-0.640000000000001,1.12));
#8320=CARTESIAN_POINT('',(-4.08,-4.9949210059134E-16,1.12));
#8321=CARTESIAN_POINT('',(-4.08,-0.05,1.12));
#8322=CARTESIAN_POINT('',(-4.08,-0.640000000000001,-0.0999999999999995));
#8323=CARTESIAN_POINT('',(-4.08,0.,1.9949999999999));
#8324=CARTESIAN_POINT('Origin',(-3.75,-6.25000000000006,4.09000000000032));
#8325=CARTESIAN_POINT('',(-3.42,-3.03,4.09));
#8326=CARTESIAN_POINT('',(-1.875,-3.03,4.09));
#8327=CARTESIAN_POINT('',(-3.42,-0.9,4.08999999999979));
#8328=CARTESIAN_POINT('',(-1.875,-0.9,4.08999999999979));
#8329=CARTESIAN_POINT('',(-3.42,-3.03,4.09));
#8330=CARTESIAN_POINT('Origin',(-3.42,-0.1,3.98999999999979));
#8331=CARTESIAN_POINT('',(-3.42,-3.03,3.44999999999979));
#8332=CARTESIAN_POINT('',(-3.42,-3.03,2.3949999999999));
#8333=CARTESIAN_POINT('',(-3.42,-0.9,3.44999999999979));
#8334=CARTESIAN_POINT('',(-3.42,-0.9,3.56749999999979));
#8335=CARTESIAN_POINT('',(-3.42,-0.9,3.44999999999979));
#8336=CARTESIAN_POINT('Origin',(-3.42,-0.1,3.98999999999979));
#8337=CARTESIAN_POINT('',(-3.42,0.,1.12));
#8338=CARTESIAN_POINT('',(-3.42,-0.640000000000001,1.12));
#8339=CARTESIAN_POINT('',(-3.42,-0.05,1.12));
#8340=CARTESIAN_POINT('',(-3.42,0.,1.9949999999999));
#8341=CARTESIAN_POINT('',(-3.42,-0.640000000000001,-0.0999999999999995));
#8342=CARTESIAN_POINT('Origin',(-3.75,-0.640000000000003,3.44999999999979));
#8343=CARTESIAN_POINT('',(-1.875,-3.03,3.44999999999979));
#8344=CARTESIAN_POINT('',(-1.875,-0.9,3.44999999999979));
#8345=CARTESIAN_POINT('Origin',(-3.75,-0.640000000000001,-0.0999999999999995));
#8346=CARTESIAN_POINT('',(-1.875,-0.640000000000001,1.12));
#8347=CARTESIAN_POINT('Origin',(0.,4.94560820091656E-65,1.54074395550979E-32));
#8348=CARTESIAN_POINT('',(0.,0.,1.12));
#8349=CARTESIAN_POINT('Origin',(0.,4.94560820091656E-65,1.54074395550979E-32));
#8350=CARTESIAN_POINT('',(-5.92,0.,1.12));
#8351=CARTESIAN_POINT('',(-5.92,0.,1.9949999999999));
#8352=CARTESIAN_POINT('',(0.,0.,1.12));
#8353=CARTESIAN_POINT('Origin',(-6.58,-0.1,3.98999999999979));
#8354=CARTESIAN_POINT('',(-6.58,-3.03,3.44999999999979));
#8355=CARTESIAN_POINT('',(-6.58,-3.03,4.09));
#8356=CARTESIAN_POINT('',(-6.58,-3.03,2.3949999999999));
#8357=CARTESIAN_POINT('',(-6.58,-0.9,3.44999999999979));
#8358=CARTESIAN_POINT('',(-6.58,-0.9,3.44999999999979));
#8359=CARTESIAN_POINT('',(-6.58,-0.9,4.08999999999979));
#8360=CARTESIAN_POINT('',(-6.58,-0.9,3.56749999999979));
#8361=CARTESIAN_POINT('',(-6.58,-3.03,4.09));
#8362=CARTESIAN_POINT('Origin',(-6.58,-0.1,3.98999999999979));
#8363=CARTESIAN_POINT('',(-6.58,-0.640000000000001,1.12));
#8364=CARTESIAN_POINT('',(-6.58,-4.9949210059134E-16,1.12));
#8365=CARTESIAN_POINT('',(-6.58,-0.05,1.12));
#8366=CARTESIAN_POINT('',(-6.58,-0.640000000000001,-0.0999999999999995));
#8367=CARTESIAN_POINT('',(-6.58,0.,1.9949999999999));
#8368=CARTESIAN_POINT('Origin',(-6.25,-6.25000000000006,4.09000000000032));
#8369=CARTESIAN_POINT('',(-5.92,-3.03,4.09));
#8370=CARTESIAN_POINT('',(-3.125,-3.03,4.09));
#8371=CARTESIAN_POINT('',(-5.92,-0.9,4.08999999999979));
#8372=CARTESIAN_POINT('',(-3.125,-0.9,4.08999999999979));
#8373=CARTESIAN_POINT('',(-5.92,-3.03,4.09));
#8374=CARTESIAN_POINT('Origin',(-5.92,-0.1,3.98999999999979));
#8375=CARTESIAN_POINT('',(-5.92,-3.03,3.44999999999979));
#8376=CARTESIAN_POINT('',(-5.92,-3.03,2.3949999999999));
#8377=CARTESIAN_POINT('',(-5.92,-0.9,3.44999999999979));
#8378=CARTESIAN_POINT('',(-5.92,-0.9,3.56749999999979));
#8379=CARTESIAN_POINT('',(-5.92,-0.9,3.44999999999979));
#8380=CARTESIAN_POINT('Origin',(-5.92,-0.1,3.98999999999979));
#8381=CARTESIAN_POINT('',(-5.92,-0.640000000000001,1.12));
#8382=CARTESIAN_POINT('',(-5.92,-0.05,1.12));
#8383=CARTESIAN_POINT('',(-5.92,-0.640000000000001,-0.0999999999999995));
#8384=CARTESIAN_POINT('Origin',(-6.25,-0.640000000000003,3.44999999999979));
#8385=CARTESIAN_POINT('',(-3.125,-3.03,3.44999999999979));
#8386=CARTESIAN_POINT('',(-3.125,-0.9,3.44999999999979));
#8387=CARTESIAN_POINT('Origin',(-6.25,-0.640000000000001,-0.0999999999999995));
#8388=CARTESIAN_POINT('',(-3.125,-0.640000000000001,1.12));
#8389=CARTESIAN_POINT('Origin',(-9.08,-0.1,3.98999999999979));
#8390=CARTESIAN_POINT('',(-9.08,-3.03,3.44999999999979));
#8391=CARTESIAN_POINT('',(-9.08,-3.03,4.09));
#8392=CARTESIAN_POINT('',(-9.08,-3.03,2.3949999999999));
#8393=CARTESIAN_POINT('',(-9.08,-0.9,3.44999999999979));
#8394=CARTESIAN_POINT('',(-9.08,-0.9,3.44999999999979));
#8395=CARTESIAN_POINT('',(-9.08,-0.9,4.08999999999979));
#8396=CARTESIAN_POINT('',(-9.08,-0.9,3.56749999999979));
#8397=CARTESIAN_POINT('',(-9.08,-3.03,4.09));
#8398=CARTESIAN_POINT('Origin',(-9.08,-0.1,3.98999999999979));
#8399=CARTESIAN_POINT('',(-9.08,-0.640000000000001,1.12));
#8400=CARTESIAN_POINT('',(-9.08,-4.9949210059134E-16,1.12));
#8401=CARTESIAN_POINT('',(-9.08,-0.05,1.12));
#8402=CARTESIAN_POINT('',(-9.08,-0.640000000000001,-0.0999999999999995));
#8403=CARTESIAN_POINT('',(-9.08,0.,1.9949999999999));
#8404=CARTESIAN_POINT('Origin',(-8.75,-6.25000000000006,4.09000000000032));
#8405=CARTESIAN_POINT('',(-8.42,-3.03,4.09));
#8406=CARTESIAN_POINT('',(-4.375,-3.03,4.09));
#8407=CARTESIAN_POINT('',(-8.42,-0.9,4.08999999999979));
#8408=CARTESIAN_POINT('',(-4.375,-0.9,4.08999999999979));
#8409=CARTESIAN_POINT('',(-8.42,-3.03,4.09));
#8410=CARTESIAN_POINT('Origin',(-8.42,-0.1,3.98999999999979));
#8411=CARTESIAN_POINT('',(-8.42,-3.03,3.44999999999979));
#8412=CARTESIAN_POINT('',(-8.42,-3.03,2.3949999999999));
#8413=CARTESIAN_POINT('',(-8.42,-0.9,3.44999999999979));
#8414=CARTESIAN_POINT('',(-8.42,-0.9,3.56749999999979));
#8415=CARTESIAN_POINT('',(-8.42,-0.9,3.44999999999979));
#8416=CARTESIAN_POINT('Origin',(-8.42,-0.1,3.98999999999979));
#8417=CARTESIAN_POINT('',(-8.42,0.,1.12));
#8418=CARTESIAN_POINT('',(-8.42,-0.640000000000001,1.12));
#8419=CARTESIAN_POINT('',(-8.42,-0.05,1.12));
#8420=CARTESIAN_POINT('',(-8.42,0.,1.9949999999999));
#8421=CARTESIAN_POINT('',(-8.42,-0.640000000000001,-0.0999999999999995));
#8422=CARTESIAN_POINT('Origin',(-8.75,-0.640000000000003,3.44999999999979));
#8423=CARTESIAN_POINT('',(-4.375,-3.03,3.44999999999979));
#8424=CARTESIAN_POINT('',(-4.375,-0.9,3.44999999999979));
#8425=CARTESIAN_POINT('Origin',(-8.75,-0.640000000000001,-0.0999999999999995));
#8426=CARTESIAN_POINT('',(-4.375,-0.640000000000001,1.12));
#8427=CARTESIAN_POINT('Origin',(0.,4.94560820091656E-65,1.54074395550979E-32));
#8428=CARTESIAN_POINT('',(0.,0.,1.12));
#8429=CARTESIAN_POINT('Origin',(0.,4.94560820091656E-65,1.54074395550979E-32));
#8430=CARTESIAN_POINT('',(-10.92,-4.9949210059134E-16,1.12));
#8431=CARTESIAN_POINT('',(-10.92,0.,1.9949999999999));
#8432=CARTESIAN_POINT('',(0.,0.,1.12));
#8433=CARTESIAN_POINT('Origin',(-11.25,-6.25000000000006,4.09000000000032));
#8434=CARTESIAN_POINT('',(-11.58,-3.03,4.09));
#8435=CARTESIAN_POINT('',(-10.92,-3.03,4.09));
#8436=CARTESIAN_POINT('',(-5.625,-3.03,4.09));
#8437=CARTESIAN_POINT('',(-11.58,-0.9,4.08999999999979));
#8438=CARTESIAN_POINT('',(-11.58,-3.03,4.09));
#8439=CARTESIAN_POINT('',(-10.92,-0.9,4.08999999999979));
#8440=CARTESIAN_POINT('',(-5.625,-0.9,4.08999999999979));
#8441=CARTESIAN_POINT('',(-10.92,-3.03,4.09));
#8442=CARTESIAN_POINT('Origin',(-11.58,-0.1,3.98999999999979));
#8443=CARTESIAN_POINT('',(-11.58,-0.640000000000001,1.12));
#8444=CARTESIAN_POINT('',(-11.58,-4.9949210059134E-16,1.12));
#8445=CARTESIAN_POINT('',(-11.58,-0.05,1.12));
#8446=CARTESIAN_POINT('',(-11.58,-0.640000000000001,-0.0999999999999995));
#8447=CARTESIAN_POINT('',(-11.58,0.,1.9949999999999));
#8448=CARTESIAN_POINT('Origin',(-11.58,-0.1,3.98999999999979));
#8449=CARTESIAN_POINT('',(-11.58,-3.03,3.44999999999979));
#8450=CARTESIAN_POINT('',(-11.58,-3.03,2.3949999999999));
#8451=CARTESIAN_POINT('',(-11.58,-0.9,3.44999999999979));
#8452=CARTESIAN_POINT('',(-11.58,-0.9,3.44999999999979));
#8453=CARTESIAN_POINT('',(-11.58,-0.9,3.56749999999979));
#8454=CARTESIAN_POINT('Origin',(-10.92,-0.1,3.98999999999979));
#8455=CARTESIAN_POINT('',(-10.92,-0.640000000000001,1.12));
#8456=CARTESIAN_POINT('',(-10.92,-0.05,1.12));
#8457=CARTESIAN_POINT('',(-10.92,-0.640000000000001,-0.0999999999999995));
#8458=CARTESIAN_POINT('Origin',(-10.92,-0.1,3.98999999999979));
#8459=CARTESIAN_POINT('',(-10.92,-3.03,3.44999999999979));
#8460=CARTESIAN_POINT('',(-10.92,-3.03,2.3949999999999));
#8461=CARTESIAN_POINT('',(-10.92,-0.9,3.44999999999979));
#8462=CARTESIAN_POINT('',(-10.92,-0.9,3.56749999999979));
#8463=CARTESIAN_POINT('',(-10.92,-0.9,3.44999999999979));
#8464=CARTESIAN_POINT('Origin',(-11.25,-0.640000000000003,3.44999999999979));
#8465=CARTESIAN_POINT('',(-5.625,-3.03,3.44999999999979));
#8466=CARTESIAN_POINT('',(-5.625,-0.9,3.44999999999979));
#8467=CARTESIAN_POINT('Origin',(-11.25,-0.640000000000001,-0.0999999999999995));
#8468=CARTESIAN_POINT('',(-5.625,-0.640000000000001,1.12));
#8469=CARTESIAN_POINT('Origin',(-11.7899999999981,-4.60000000000009,1.));
#8470=CARTESIAN_POINT('',(-11.7899999999981,-4.60000000000009,5.2));
#8471=CARTESIAN_POINT('',(-11.7899999999981,-7.19999999999953,5.2));
#8472=CARTESIAN_POINT('',(-11.7899999999981,-3.81500000000006,5.2));
#8473=CARTESIAN_POINT('',(-11.7899999999981,-4.60000000000009,6.));
#8474=CARTESIAN_POINT('',(-11.7899999999981,-4.60000000000009,1.));
#8475=CARTESIAN_POINT('',(-11.7899999999981,-7.19999999999953,6.));
#8476=CARTESIAN_POINT('',(-11.7899999999981,-2.70000000000006,6.));
#8477=CARTESIAN_POINT('',(-11.7899999999981,-7.19999999999953,1.));
#8478=CARTESIAN_POINT('Origin',(-11.7899999999981,-7.19999999999953,1.));
#8479=CARTESIAN_POINT('',(-12.3899999999983,-7.8,6.));
#8480=CARTESIAN_POINT('',(-7.24249999999971,-2.65249999999956,6.));
#8481=CARTESIAN_POINT('',(-12.3899999999983,-7.8,5.2));
#8482=CARTESIAN_POINT('',(-12.3899999999983,-7.8,3.5));
#8483=CARTESIAN_POINT('',(-7.79999999999971,-3.20999999999976,5.2));
#8484=CARTESIAN_POINT('Origin',(-11.0799999999978,-3.10000000000031,1.));
#8485=CARTESIAN_POINT('',(-11.0799999999978,-3.10000000000031,5.2));
#8486=CARTESIAN_POINT('',(-10.0524450818751,-0.929109327911091,5.2));
#8487=CARTESIAN_POINT('',(-11.0799999999978,-3.10000000000031,6.));
#8488=CARTESIAN_POINT('',(-11.0799999999978,-3.10000000000031,1.));
#8489=CARTESIAN_POINT('',(-9.62127882066446,-0.0181946915509096,6.));
#8490=CARTESIAN_POINT('Origin',(-10.4399999999978,-3.10000000000029,1.));
#8491=CARTESIAN_POINT('',(-10.4399999999978,-3.10000000000029,5.2));
#8492=CARTESIAN_POINT('',(-5.21999999999892,-3.10000000000013,5.2));
#8493=CARTESIAN_POINT('',(-10.4399999999978,-3.10000000000029,6.));
#8494=CARTESIAN_POINT('',(-10.4399999999978,-3.10000000000029,1.));
#8495=CARTESIAN_POINT('',(-5.21999999999889,-3.10000000000013,6.));
#8496=CARTESIAN_POINT('Origin',(-10.4399999999982,-7.79999999999996,1.));
#8497=CARTESIAN_POINT('',(-10.4399999999982,-7.8,5.2));
#8498=CARTESIAN_POINT('',(-10.439999999998,-5.4149999999996,5.2));
#8499=CARTESIAN_POINT('',(-10.4399999999982,-7.8,6.));
#8500=CARTESIAN_POINT('',(-10.4399999999982,-7.8,3.5));
#8501=CARTESIAN_POINT('',(-10.4399999999979,-4.29999999999959,6.));
#8502=CARTESIAN_POINT('Origin',(11.079999999997,-3.10000000000317,1.));
#8503=CARTESIAN_POINT('',(11.079999999997,-3.10000000000317,5.2));
#8504=CARTESIAN_POINT('',(10.439999999997,-3.10000000000299,5.2));
#8505=CARTESIAN_POINT('',(5.53999999999852,-3.10000000000157,5.2));
#8506=CARTESIAN_POINT('',(11.079999999997,-3.10000000000317,6.));
#8507=CARTESIAN_POINT('',(11.079999999997,-3.10000000000317,1.));
#8508=CARTESIAN_POINT('',(10.439999999997,-3.10000000000299,6.));
#8509=CARTESIAN_POINT('',(5.53999999999819,-3.10000000000157,6.));
#8510=CARTESIAN_POINT('',(10.439999999997,-3.10000000000299,1.));
#8511=CARTESIAN_POINT('Origin',(11.7899999999969,-4.60000000000313,1.));
#8512=CARTESIAN_POINT('',(11.7899999999969,-4.60000000000313,5.2));
#8513=CARTESIAN_POINT('',(10.4074450818749,-1.67910932791382,5.2));
#8514=CARTESIAN_POINT('',(11.7899999999969,-4.60000000000313,6.));
#8515=CARTESIAN_POINT('',(11.7899999999969,-4.60000000000313,1.));
#8516=CARTESIAN_POINT('',(9.9762788206644,-0.768194691553417,6.));
#8517=CARTESIAN_POINT('Origin',(11.7899999999962,-7.20000000000257,1.));
#8518=CARTESIAN_POINT('',(11.7899999999962,-7.20000000000257,5.2));
#8519=CARTESIAN_POINT('',(11.7899999999967,-5.11500000000281,5.2));
#8520=CARTESIAN_POINT('',(11.7899999999962,-7.20000000000257,6.));
#8521=CARTESIAN_POINT('',(11.7899999999962,-7.20000000000257,1.));
#8522=CARTESIAN_POINT('',(11.789999999997,-4.00000000000281,6.));
#8523=CARTESIAN_POINT('Origin',(12.3899999999962,-7.80000000000308,1.));
#8524=CARTESIAN_POINT('',(12.3899999999931,-7.8,5.2));
#8525=CARTESIAN_POINT('',(8.0999999999991,-3.51000000000221,5.2));
#8526=CARTESIAN_POINT('',(12.3899999999931,-7.8,6.));
#8527=CARTESIAN_POINT('',(12.3899999999931,-7.8,3.5));
#8528=CARTESIAN_POINT('',(7.5424999999991,-2.95250000000172,6.));
#8529=CARTESIAN_POINT('Origin',(10.439999999997,-3.10000000000299,1.));
#8530=CARTESIAN_POINT('',(10.4399999999962,-7.80000000000266,6.));
#8531=CARTESIAN_POINT('',(10.4399999999973,-1.95000000000245,6.));
#8532=CARTESIAN_POINT('',(10.4399999999962,-7.80000000000266,5.2));
#8533=CARTESIAN_POINT('',(10.4399999999962,-7.8,3.5));
#8534=CARTESIAN_POINT('',(10.4399999999971,-3.06500000000245,5.2));
#8535=CARTESIAN_POINT('Origin',(0.,-0.8,6.));
#8536=CARTESIAN_POINT('',(0.,-7.8,6.));
#8537=CARTESIAN_POINT('',(0.,-7.8,6.));
#8538=CARTESIAN_POINT('',(0.,-0.8,6.));
#8539=CARTESIAN_POINT('',(0.,-7.8,6.));
#8540=CARTESIAN_POINT('Origin',(0.,-7.8,6.));
#8541=CARTESIAN_POINT('',(0.,-7.8,5.2));
#8542=CARTESIAN_POINT('Origin',(0.,-7.8,6.));
#8543=CARTESIAN_POINT('',(0.,-7.8,5.2));
#8544=CARTESIAN_POINT('Origin',(0.,-4.35,4.2));
#8545=CARTESIAN_POINT('',(12.95,-4.35,4.2));
#8546=CARTESIAN_POINT('',(12.95,-4.35,4.7));
#8547=CARTESIAN_POINT('',(12.95,-4.35,3.6));
#8548=CARTESIAN_POINT('',(0.,-4.35,4.2));
#8549=CARTESIAN_POINT('',(0.,-4.35,4.7));
#8550=CARTESIAN_POINT('Origin',(0.,-7.8,4.2));
#8551=CARTESIAN_POINT('',(12.95,-7.8,4.2));
#8552=CARTESIAN_POINT('',(12.95,-6.6075,4.2));
#8553=CARTESIAN_POINT('',(0.,-7.8,4.2));
#8554=CARTESIAN_POINT('Origin',(0.,-7.8,4.2));
#8555=CARTESIAN_POINT('',(-12.95,-4.35,4.2));
#8556=CARTESIAN_POINT('',(-12.95,-7.8,4.2));
#8557=CARTESIAN_POINT('',(-12.95,-6.6075,4.2));
#8558=CARTESIAN_POINT('',(0.,-4.35,4.2));
#8559=CARTESIAN_POINT('',(0.,-7.8,4.2));
#8560=CARTESIAN_POINT('Origin',(0.,-4.35,4.7));
#8561=CARTESIAN_POINT('',(12.95,-6.3,5.2));
#8562=CARTESIAN_POINT('',(12.95,-4.64514651449722,4.77567859346082));
#8563=CARTESIAN_POINT('',(0.,-6.3,5.2));
#8564=CARTESIAN_POINT('Origin',(0.,-4.35,4.7));
#8565=CARTESIAN_POINT('',(-12.95,-6.3,5.2));
#8566=CARTESIAN_POINT('',(-12.95,-4.35,4.7));
#8567=CARTESIAN_POINT('',(-12.95,-4.64514651449722,4.77567859346082));
#8568=CARTESIAN_POINT('',(0.,-6.3,5.2));
#8569=CARTESIAN_POINT('',(0.,-4.35,4.7));
#8570=CARTESIAN_POINT('Origin',(0.,-4.35,4.2));
#8571=CARTESIAN_POINT('',(-12.95,-4.35,3.6));
#8572=CARTESIAN_POINT('Origin',(0.,-7.8,6.));
#8573=CARTESIAN_POINT('',(0.,-7.8,5.2));
#8574=CARTESIAN_POINT('Origin',(12.95,-5.415,3.));
#8575=CARTESIAN_POINT('',(12.95,-3.03,5.2));
#8576=CARTESIAN_POINT('',(12.95,-7.8,5.2));
#8577=CARTESIAN_POINT('',(12.95,-3.03,0.8));
#8578=CARTESIAN_POINT('',(12.95,-3.03,5.2));
#8579=CARTESIAN_POINT('',(12.95,-7.8,0.800000000000001));
#8580=CARTESIAN_POINT('',(12.95,-3.03,0.8));
#8581=CARTESIAN_POINT('',(12.95,-7.8,4.5));
#8582=CARTESIAN_POINT('Origin',(-12.95,-5.415,3.));
#8583=CARTESIAN_POINT('',(-12.95,-7.8,0.800000000000001));
#8584=CARTESIAN_POINT('',(-12.95,-7.8,4.5));
#8585=CARTESIAN_POINT('',(-12.95,-3.03,0.8));
#8586=CARTESIAN_POINT('',(-12.95,-3.03,0.8));
#8587=CARTESIAN_POINT('',(-12.95,-3.03,5.2));
#8588=CARTESIAN_POINT('',(-12.95,-3.03,5.2));
#8589=CARTESIAN_POINT('',(-12.95,-7.8,5.2));
#8590=CARTESIAN_POINT('Origin',(0.,-3.03,5.2));
#8591=CARTESIAN_POINT('',(0.,-3.03,5.2));
#8592=CARTESIAN_POINT('Origin',(0.,-3.03,0.8));
#8593=CARTESIAN_POINT('',(0.,-3.03,0.8));
#8594=CARTESIAN_POINT('Origin',(0.,-7.8,0.800000000000001));
#8595=CARTESIAN_POINT('',(0.,-7.8,0.800000000000001));
#8596=CARTESIAN_POINT('Origin',(-13.75,1.31605212866461E-32,4.1));
#8597=CARTESIAN_POINT('',(-12.93,-0.8,4.39499999999979));
#8598=CARTESIAN_POINT('',(-13.75,-0.8,4.39499999999979));
#8599=CARTESIAN_POINT('',(-12.93,0.,4.1));
#8600=CARTESIAN_POINT('',(-12.93,1.31605212866461E-32,4.1));
#8601=CARTESIAN_POINT('',(-13.75,1.31605212866461E-32,4.1));
#8602=CARTESIAN_POINT('Origin',(-12.93,-3.9,3.));
#8603=CARTESIAN_POINT('',(-12.93,3.59506922952284E-33,1.12));
#8604=CARTESIAN_POINT('',(-12.93,-1.5,1.12));
#8605=CARTESIAN_POINT('',(-12.93,-1.95,1.12));
#8606=CARTESIAN_POINT('',(-12.93,0.,0.));
#8607=CARTESIAN_POINT('',(-12.93,-0.8,5.47));
#8608=CARTESIAN_POINT('',(-12.93,-0.8,4.39499999999979));
#8609=CARTESIAN_POINT('',(-12.93,-1.33,5.47));
#8610=CARTESIAN_POINT('',(-12.93,-2.615,5.47));
#8611=CARTESIAN_POINT('',(-12.93,-1.33,4.39499999999979));
#8612=CARTESIAN_POINT('',(-12.93,-1.33,3.6974999999999));
#8613=CARTESIAN_POINT('',(-12.93,-0.9,4.39499999999979));
#8614=CARTESIAN_POINT('',(-12.93,-2.4,4.39499999999979));
#8615=CARTESIAN_POINT('',(-12.93,-0.9,3.14499999999979));
#8616=CARTESIAN_POINT('',(-12.93,-0.9,3.0724999999999));
#8617=CARTESIAN_POINT('',(-12.93,-1.5,3.14499999999979));
#8618=CARTESIAN_POINT('',(-12.93,-2.7,3.14499999999979));
#8619=CARTESIAN_POINT('',(-12.93,-1.5,2.06));
#8620=CARTESIAN_POINT('Origin',(0.,-1.5,3.14499999999979));
#8621=CARTESIAN_POINT('',(12.93,-0.9,3.14499999999979));
#8622=CARTESIAN_POINT('',(0.,-0.9,3.14499999999979));
#8623=CARTESIAN_POINT('',(12.93,-1.5,3.14499999999979));
#8624=CARTESIAN_POINT('',(12.93,-2.7,3.14499999999979));
#8625=CARTESIAN_POINT('',(0.,-1.5,3.14499999999979));
#8626=CARTESIAN_POINT('Origin',(0.,-0.9,3.14499999999979));
#8627=CARTESIAN_POINT('',(12.93,-0.9,4.39499999999979));
#8628=CARTESIAN_POINT('',(0.,-0.9,4.39499999999979));
#8629=CARTESIAN_POINT('',(12.93,-0.9,3.0724999999999));
#8630=CARTESIAN_POINT('Origin',(0.,-0.9,4.39499999999979));
#8631=CARTESIAN_POINT('',(12.93,-1.33,4.39499999999979));
#8632=CARTESIAN_POINT('',(0.,-1.33,4.39499999999979));
#8633=CARTESIAN_POINT('',(12.93,-2.4,4.39499999999979));
#8634=CARTESIAN_POINT('Origin',(0.,-1.33,4.39499999999979));
#8635=CARTESIAN_POINT('',(12.93,-1.33,5.47));
#8636=CARTESIAN_POINT('',(0.,-1.33,5.47));
#8637=CARTESIAN_POINT('',(12.93,-1.33,3.6974999999999));
#8638=CARTESIAN_POINT('Origin',(0.,-1.33,5.47));
#8639=CARTESIAN_POINT('',(12.93,-0.8,5.47));
#8640=CARTESIAN_POINT('',(0.,-0.8,5.47));
#8641=CARTESIAN_POINT('',(12.93,-2.615,5.47));
#8642=CARTESIAN_POINT('Origin',(0.,-0.8,5.47));
#8643=CARTESIAN_POINT('',(12.93,-0.8,4.39499999999979));
#8644=CARTESIAN_POINT('',(13.75,-0.8,4.39499999999979));
#8645=CARTESIAN_POINT('',(12.93,-0.8,4.39499999999979));
#8646=CARTESIAN_POINT('Origin',(12.93,-3.9,3.));
#8647=CARTESIAN_POINT('',(12.93,-1.5,1.12));
#8648=CARTESIAN_POINT('',(12.93,-1.95,1.12));
#8649=CARTESIAN_POINT('',(12.93,-1.5,2.06));
#8650=CARTESIAN_POINT('',(12.93,1.31605212866461E-32,4.1));
#8651=CARTESIAN_POINT('Origin',(13.75,-0.8,4.39499999999979));
#8652=CARTESIAN_POINT('Origin',(0.,0.,1.12));
#8653=CARTESIAN_POINT('',(0.,0.,1.12));
#8654=CARTESIAN_POINT('',(0.,-1.5,1.12));
#8655=CARTESIAN_POINT('Origin',(0.,4.94560820091656E-65,1.54074395550979E-32));
#8656=CARTESIAN_POINT('Origin',(0.,-7.8,6.));
#8657=CARTESIAN_POINT('Origin',(0.,-1.5,1.12));
#8658=CARTESIAN_POINT('Origin',(-10.925,-2.32500000000003,1.995));
#8659=CARTESIAN_POINT('',(-10.925,-0.2,4.08999999999979));
#8660=CARTESIAN_POINT('',(-10.925,-6.25000000000006,4.09));
#8661=CARTESIAN_POINT('',(-10.925,-3.03,4.09));
#8662=CARTESIAN_POINT('',(-10.925,-7.05000000000006,3.94893841543322));
#8663=CARTESIAN_POINT('',(-10.925,-6.25000000000006,4.09));
#8664=CARTESIAN_POINT('',(-10.925,-7.04999999999988,3.59106158456748));
#8665=CARTESIAN_POINT('',(-10.925,-7.05000000000006,3.94893841543322));
#8666=CARTESIAN_POINT('',(-10.925,-6.25,3.45));
#8667=CARTESIAN_POINT('',(-10.925,-7.04999999999988,3.59106158456748));
#8668=CARTESIAN_POINT('',(-10.925,-0.640000000000003,3.44999999999979));
#8669=CARTESIAN_POINT('',(-10.925,-0.9,3.44999999999979));
#8670=CARTESIAN_POINT('',(-10.925,-0.640000000000001,-0.0999999999999995));
#8671=CARTESIAN_POINT('',(-10.925,-0.640000000000001,-0.0999999999999995));
#8672=CARTESIAN_POINT('',(-10.925,2.4,-0.0999999999999995));
#8673=CARTESIAN_POINT('',(-10.925,2.4,-0.0999999999999996));
#8674=CARTESIAN_POINT('',(-10.925,2.4,0.40775476446865));
#8675=CARTESIAN_POINT('',(-10.925,2.4,-0.0999999999999996));
#8676=CARTESIAN_POINT('',(-10.925,1.65,0.54));
#8677=CARTESIAN_POINT('',(-10.925,2.4,0.40775476446865));
#8678=CARTESIAN_POINT('',(-10.925,0.1,0.54));
#8679=CARTESIAN_POINT('',(-10.925,2.4,0.54));
#8680=CARTESIAN_POINT('',(-10.925,0.,0.640000000000001));
#8681=CARTESIAN_POINT('Origin',(-10.925,0.1,0.64));
#8682=CARTESIAN_POINT('',(-10.925,0.,3.88999999999979));
#8683=CARTESIAN_POINT('',(-10.925,0.,0.540000000000001));
#8684=CARTESIAN_POINT('Origin',(-10.925,-0.2,3.88999999999979));
#8685=CARTESIAN_POINT('Origin',(-11.25,-7.05000000000006,3.94893841543322));
#8686=CARTESIAN_POINT('',(-11.575,-6.25000000000006,4.09));
#8687=CARTESIAN_POINT('',(-11.25,-6.25000000000006,4.09));
#8688=CARTESIAN_POINT('',(-11.575,-7.05000000000006,3.94893841543322));
#8689=CARTESIAN_POINT('',(-11.575,-6.25000000000006,4.09));
#8690=CARTESIAN_POINT('',(-11.25,-7.05000000000006,3.94893841543322));
#8691=CARTESIAN_POINT('Origin',(-11.25,-7.04999999999988,3.59106158456748));
#8692=CARTESIAN_POINT('',(-11.575,-7.04999999999988,3.59106158456748));
#8693=CARTESIAN_POINT('',(-11.575,-7.05000000000006,3.94893841543322));
#8694=CARTESIAN_POINT('',(-11.25,-7.04999999999988,3.59106158456748));
#8695=CARTESIAN_POINT('Origin',(-11.25,-6.25,3.45));
#8696=CARTESIAN_POINT('',(-11.575,-6.25,3.45));
#8697=CARTESIAN_POINT('',(-11.575,-7.04999999999988,3.59106158456748));
#8698=CARTESIAN_POINT('',(-11.25,-6.25,3.45));
#8699=CARTESIAN_POINT('Origin',(-11.25,-0.640000000000003,3.44999999999979));
#8700=CARTESIAN_POINT('',(-11.575,-0.640000000000003,3.44999999999979));
#8701=CARTESIAN_POINT('',(-11.575,-0.9,3.44999999999979));
#8702=CARTESIAN_POINT('',(-11.25,-0.640000000000003,3.44999999999979));
#8703=CARTESIAN_POINT('Origin',(-11.25,-0.640000000000001,-0.0999999999999995));
#8704=CARTESIAN_POINT('',(-11.575,-0.640000000000001,-0.0999999999999995));
#8705=CARTESIAN_POINT('',(-11.575,-0.640000000000001,-0.0999999999999995));
#8706=CARTESIAN_POINT('',(-11.25,-0.640000000000001,-0.0999999999999995));
#8707=CARTESIAN_POINT('Origin',(-11.25,2.4,-0.0999999999999996));
#8708=CARTESIAN_POINT('',(-11.575,2.4,-0.0999999999999995));
#8709=CARTESIAN_POINT('',(-11.575,2.4,-0.0999999999999996));
#8710=CARTESIAN_POINT('',(-11.25,2.4,-0.0999999999999996));
#8711=CARTESIAN_POINT('Origin',(-11.25,2.4,0.40775476446865));
#8712=CARTESIAN_POINT('',(-11.575,2.4,0.40775476446865));
#8713=CARTESIAN_POINT('',(-11.575,2.4,-0.0999999999999996));
#8714=CARTESIAN_POINT('',(-11.25,2.4,0.40775476446865));
#8715=CARTESIAN_POINT('Origin',(-11.25,1.65,0.54));
#8716=CARTESIAN_POINT('',(-11.575,1.65,0.54));
#8717=CARTESIAN_POINT('',(-11.575,2.4,0.40775476446865));
#8718=CARTESIAN_POINT('',(-11.25,1.65,0.54));
#8719=CARTESIAN_POINT('Origin',(-11.25,0.1,0.540000000000001));
#8720=CARTESIAN_POINT('',(-11.575,0.1,0.54));
#8721=CARTESIAN_POINT('',(-11.575,2.4,0.54));
#8722=CARTESIAN_POINT('',(-11.25,0.1,0.54));
#8723=CARTESIAN_POINT('Origin',(-11.25,0.1,0.64));
#8724=CARTESIAN_POINT('',(-11.575,0.,0.640000000000001));
#8725=CARTESIAN_POINT('Origin',(-11.575,0.1,0.64));
#8726=CARTESIAN_POINT('',(-11.25,-6.93889390390723E-17,0.64));
#8727=CARTESIAN_POINT('Origin',(-11.25,-2.88499747755325E-15,3.88999999999979));
#8728=CARTESIAN_POINT('',(-11.575,0.,3.88999999999979));
#8729=CARTESIAN_POINT('',(-11.575,0.,0.540000000000001));
#8730=CARTESIAN_POINT('',(-11.25,-2.08166817117217E-16,3.88999999999979));
#8731=CARTESIAN_POINT('Origin',(-11.25,-0.2,3.88999999999979));
#8732=CARTESIAN_POINT('',(-11.575,-0.2,4.08999999999979));
#8733=CARTESIAN_POINT('Origin',(-11.575,-0.2,3.88999999999979));
#8734=CARTESIAN_POINT('',(-11.25,-0.2,4.08999999999979));
#8735=CARTESIAN_POINT('Origin',(-11.25,-6.25000000000006,4.09000000000032));
#8736=CARTESIAN_POINT('',(-11.575,-3.03,4.09));
#8737=CARTESIAN_POINT('Origin',(-11.575,-2.32500000000003,1.995));
#8738=CARTESIAN_POINT('Origin',(-8.425,-2.32500000000003,1.995));
#8739=CARTESIAN_POINT('',(-8.425,-0.2,4.08999999999979));
#8740=CARTESIAN_POINT('',(-8.425,-6.25000000000006,4.09));
#8741=CARTESIAN_POINT('',(-8.425,-3.03,4.09));
#8742=CARTESIAN_POINT('',(-8.425,-7.05000000000006,3.94893841543322));
#8743=CARTESIAN_POINT('',(-8.425,-6.25000000000006,4.09));
#8744=CARTESIAN_POINT('',(-8.425,-7.04999999999988,3.59106158456748));
#8745=CARTESIAN_POINT('',(-8.425,-7.05000000000006,3.94893841543322));
#8746=CARTESIAN_POINT('',(-8.425,-6.25,3.45));
#8747=CARTESIAN_POINT('',(-8.425,-7.04999999999988,3.59106158456748));
#8748=CARTESIAN_POINT('',(-8.425,-0.640000000000003,3.44999999999979));
#8749=CARTESIAN_POINT('',(-8.425,-0.9,3.44999999999979));
#8750=CARTESIAN_POINT('',(-8.425,-0.640000000000001,-0.0999999999999995));
#8751=CARTESIAN_POINT('',(-8.425,-0.640000000000001,-0.0999999999999995));
#8752=CARTESIAN_POINT('',(-8.425,2.4,-0.0999999999999995));
#8753=CARTESIAN_POINT('',(-8.425,2.4,-0.0999999999999996));
#8754=CARTESIAN_POINT('',(-8.425,2.4,0.40775476446865));
#8755=CARTESIAN_POINT('',(-8.425,2.4,-0.0999999999999996));
#8756=CARTESIAN_POINT('',(-8.425,1.65,0.54));
#8757=CARTESIAN_POINT('',(-8.425,2.4,0.40775476446865));
#8758=CARTESIAN_POINT('',(-8.425,0.1,0.54));
#8759=CARTESIAN_POINT('',(-8.425,2.4,0.54));
#8760=CARTESIAN_POINT('',(-8.425,0.,0.640000000000001));
#8761=CARTESIAN_POINT('Origin',(-8.425,0.1,0.64));
#8762=CARTESIAN_POINT('',(-8.425,0.,3.88999999999979));
#8763=CARTESIAN_POINT('',(-8.425,0.,0.540000000000001));
#8764=CARTESIAN_POINT('Origin',(-8.425,-0.2,3.88999999999979));
#8765=CARTESIAN_POINT('Origin',(-8.75,-7.05000000000006,3.94893841543322));
#8766=CARTESIAN_POINT('',(-9.075,-6.25000000000006,4.09));
#8767=CARTESIAN_POINT('',(-8.75,-6.25000000000006,4.09));
#8768=CARTESIAN_POINT('',(-9.075,-7.05000000000006,3.94893841543322));
#8769=CARTESIAN_POINT('',(-9.075,-6.25000000000006,4.09));
#8770=CARTESIAN_POINT('',(-8.75,-7.05000000000006,3.94893841543322));
#8771=CARTESIAN_POINT('Origin',(-8.75,-7.04999999999988,3.59106158456748));
#8772=CARTESIAN_POINT('',(-9.075,-7.04999999999988,3.59106158456748));
#8773=CARTESIAN_POINT('',(-9.075,-7.05000000000006,3.94893841543322));
#8774=CARTESIAN_POINT('',(-8.75,-7.04999999999988,3.59106158456748));
#8775=CARTESIAN_POINT('Origin',(-8.75,-6.25,3.45));
#8776=CARTESIAN_POINT('',(-9.075,-6.25,3.45));
#8777=CARTESIAN_POINT('',(-9.075,-7.04999999999988,3.59106158456748));
#8778=CARTESIAN_POINT('',(-8.75,-6.25,3.45));
#8779=CARTESIAN_POINT('Origin',(-8.75,-0.640000000000003,3.44999999999979));
#8780=CARTESIAN_POINT('',(-9.075,-0.640000000000003,3.44999999999979));
#8781=CARTESIAN_POINT('',(-9.075,-0.9,3.44999999999979));
#8782=CARTESIAN_POINT('',(-8.75,-0.640000000000003,3.44999999999979));
#8783=CARTESIAN_POINT('Origin',(-8.75,-0.640000000000001,-0.0999999999999995));
#8784=CARTESIAN_POINT('',(-9.075,-0.640000000000001,-0.0999999999999995));
#8785=CARTESIAN_POINT('',(-9.075,-0.640000000000001,-0.0999999999999995));
#8786=CARTESIAN_POINT('',(-8.75,-0.640000000000001,-0.0999999999999995));
#8787=CARTESIAN_POINT('Origin',(-8.75,2.4,-0.0999999999999996));
#8788=CARTESIAN_POINT('',(-9.075,2.4,-0.0999999999999995));
#8789=CARTESIAN_POINT('',(-9.075,2.4,-0.0999999999999996));
#8790=CARTESIAN_POINT('',(-8.75,2.4,-0.0999999999999996));
#8791=CARTESIAN_POINT('Origin',(-8.75,2.4,0.40775476446865));
#8792=CARTESIAN_POINT('',(-9.075,2.4,0.40775476446865));
#8793=CARTESIAN_POINT('',(-9.075,2.4,-0.0999999999999996));
#8794=CARTESIAN_POINT('',(-8.75,2.4,0.40775476446865));
#8795=CARTESIAN_POINT('Origin',(-8.75,1.65,0.54));
#8796=CARTESIAN_POINT('',(-9.075,1.65,0.54));
#8797=CARTESIAN_POINT('',(-9.075,2.4,0.40775476446865));
#8798=CARTESIAN_POINT('',(-8.75,1.65,0.54));
#8799=CARTESIAN_POINT('Origin',(-8.75,0.1,0.540000000000001));
#8800=CARTESIAN_POINT('',(-9.075,0.1,0.54));
#8801=CARTESIAN_POINT('',(-9.075,2.4,0.54));
#8802=CARTESIAN_POINT('',(-8.75,0.1,0.54));
#8803=CARTESIAN_POINT('Origin',(-8.75,0.1,0.64));
#8804=CARTESIAN_POINT('',(-9.075,0.,0.640000000000001));
#8805=CARTESIAN_POINT('Origin',(-9.075,0.1,0.64));
#8806=CARTESIAN_POINT('',(-8.75,-6.93889390390723E-17,0.64));
#8807=CARTESIAN_POINT('Origin',(-8.75,-2.88499747755325E-15,3.88999999999979));
#8808=CARTESIAN_POINT('',(-9.075,0.,3.88999999999979));
#8809=CARTESIAN_POINT('',(-9.075,0.,0.540000000000001));
#8810=CARTESIAN_POINT('',(-8.75,-2.08166817117217E-16,3.88999999999979));
#8811=CARTESIAN_POINT('Origin',(-8.75,-0.2,3.88999999999979));
#8812=CARTESIAN_POINT('',(-9.075,-0.2,4.08999999999979));
#8813=CARTESIAN_POINT('Origin',(-9.075,-0.2,3.88999999999979));
#8814=CARTESIAN_POINT('',(-8.75,-0.2,4.08999999999979));
#8815=CARTESIAN_POINT('Origin',(-8.75,-6.25000000000006,4.09000000000032));
#8816=CARTESIAN_POINT('',(-9.075,-3.03,4.09));
#8817=CARTESIAN_POINT('Origin',(-9.075,-2.32500000000003,1.995));
#8818=CARTESIAN_POINT('Origin',(-5.925,-2.32500000000003,1.995));
#8819=CARTESIAN_POINT('',(-5.925,-0.2,4.08999999999979));
#8820=CARTESIAN_POINT('',(-5.925,-6.25000000000006,4.09));
#8821=CARTESIAN_POINT('',(-5.925,-3.03,4.09));
#8822=CARTESIAN_POINT('',(-5.925,-7.05000000000006,3.94893841543322));
#8823=CARTESIAN_POINT('',(-5.925,-6.25000000000006,4.09));
#8824=CARTESIAN_POINT('',(-5.925,-7.04999999999988,3.59106158456748));
#8825=CARTESIAN_POINT('',(-5.925,-7.05000000000006,3.94893841543322));
#8826=CARTESIAN_POINT('',(-5.925,-6.25,3.45));
#8827=CARTESIAN_POINT('',(-5.925,-7.04999999999988,3.59106158456748));
#8828=CARTESIAN_POINT('',(-5.925,-0.640000000000003,3.44999999999979));
#8829=CARTESIAN_POINT('',(-5.925,-0.9,3.44999999999979));
#8830=CARTESIAN_POINT('',(-5.925,-0.640000000000001,-0.0999999999999995));
#8831=CARTESIAN_POINT('',(-5.925,-0.640000000000001,-0.0999999999999995));
#8832=CARTESIAN_POINT('',(-5.925,2.4,-0.0999999999999995));
#8833=CARTESIAN_POINT('',(-5.925,2.4,-0.0999999999999996));
#8834=CARTESIAN_POINT('',(-5.925,2.4,0.40775476446865));
#8835=CARTESIAN_POINT('',(-5.925,2.4,-0.0999999999999996));
#8836=CARTESIAN_POINT('',(-5.925,1.65,0.54));
#8837=CARTESIAN_POINT('',(-5.925,2.4,0.40775476446865));
#8838=CARTESIAN_POINT('',(-5.925,0.1,0.54));
#8839=CARTESIAN_POINT('',(-5.925,2.4,0.54));
#8840=CARTESIAN_POINT('',(-5.925,0.,0.640000000000001));
#8841=CARTESIAN_POINT('Origin',(-5.925,0.1,0.64));
#8842=CARTESIAN_POINT('',(-5.925,0.,3.88999999999979));
#8843=CARTESIAN_POINT('',(-5.925,0.,0.540000000000001));
#8844=CARTESIAN_POINT('Origin',(-5.925,-0.2,3.88999999999979));
#8845=CARTESIAN_POINT('Origin',(-6.25,-7.05000000000006,3.94893841543322));
#8846=CARTESIAN_POINT('',(-6.575,-6.25000000000006,4.09));
#8847=CARTESIAN_POINT('',(-6.25,-6.25000000000006,4.09));
#8848=CARTESIAN_POINT('',(-6.575,-7.05000000000006,3.94893841543322));
#8849=CARTESIAN_POINT('',(-6.575,-6.25000000000006,4.09));
#8850=CARTESIAN_POINT('',(-6.25,-7.05000000000006,3.94893841543322));
#8851=CARTESIAN_POINT('Origin',(-6.25,-7.04999999999988,3.59106158456748));
#8852=CARTESIAN_POINT('',(-6.575,-7.04999999999988,3.59106158456748));
#8853=CARTESIAN_POINT('',(-6.575,-7.05000000000006,3.94893841543322));
#8854=CARTESIAN_POINT('',(-6.25,-7.04999999999988,3.59106158456748));
#8855=CARTESIAN_POINT('Origin',(-6.25,-6.25,3.45));
#8856=CARTESIAN_POINT('',(-6.575,-6.25,3.45));
#8857=CARTESIAN_POINT('',(-6.575,-7.04999999999988,3.59106158456748));
#8858=CARTESIAN_POINT('',(-6.25,-6.25,3.45));
#8859=CARTESIAN_POINT('Origin',(-6.25,-0.640000000000003,3.44999999999979));
#8860=CARTESIAN_POINT('',(-6.575,-0.640000000000003,3.44999999999979));
#8861=CARTESIAN_POINT('',(-6.575,-0.9,3.44999999999979));
#8862=CARTESIAN_POINT('',(-6.25,-0.640000000000003,3.44999999999979));
#8863=CARTESIAN_POINT('Origin',(-6.25,-0.640000000000001,-0.0999999999999995));
#8864=CARTESIAN_POINT('',(-6.575,-0.640000000000001,-0.0999999999999995));
#8865=CARTESIAN_POINT('',(-6.575,-0.640000000000001,-0.0999999999999995));
#8866=CARTESIAN_POINT('',(-6.25,-0.640000000000001,-0.0999999999999995));
#8867=CARTESIAN_POINT('Origin',(-6.25,2.4,-0.0999999999999996));
#8868=CARTESIAN_POINT('',(-6.575,2.4,-0.0999999999999995));
#8869=CARTESIAN_POINT('',(-6.575,2.4,-0.0999999999999996));
#8870=CARTESIAN_POINT('',(-6.25,2.4,-0.0999999999999996));
#8871=CARTESIAN_POINT('Origin',(-6.25,2.4,0.40775476446865));
#8872=CARTESIAN_POINT('',(-6.575,2.4,0.40775476446865));
#8873=CARTESIAN_POINT('',(-6.575,2.4,-0.0999999999999996));
#8874=CARTESIAN_POINT('',(-6.25,2.4,0.40775476446865));
#8875=CARTESIAN_POINT('Origin',(-6.25,1.65,0.54));
#8876=CARTESIAN_POINT('',(-6.575,1.65,0.54));
#8877=CARTESIAN_POINT('',(-6.575,2.4,0.40775476446865));
#8878=CARTESIAN_POINT('',(-6.25,1.65,0.54));
#8879=CARTESIAN_POINT('Origin',(-6.25,0.1,0.540000000000001));
#8880=CARTESIAN_POINT('',(-6.575,0.1,0.54));
#8881=CARTESIAN_POINT('',(-6.575,2.4,0.54));
#8882=CARTESIAN_POINT('',(-6.25,0.1,0.54));
#8883=CARTESIAN_POINT('Origin',(-6.25,0.1,0.64));
#8884=CARTESIAN_POINT('',(-6.575,0.,0.640000000000001));
#8885=CARTESIAN_POINT('Origin',(-6.575,0.1,0.64));
#8886=CARTESIAN_POINT('',(-6.25,-6.93889390390723E-17,0.64));
#8887=CARTESIAN_POINT('Origin',(-6.25,-2.88499747755325E-15,3.88999999999979));
#8888=CARTESIAN_POINT('',(-6.575,0.,3.88999999999979));
#8889=CARTESIAN_POINT('',(-6.575,0.,0.540000000000001));
#8890=CARTESIAN_POINT('',(-6.25,-2.08166817117217E-16,3.88999999999979));
#8891=CARTESIAN_POINT('Origin',(-6.25,-0.2,3.88999999999979));
#8892=CARTESIAN_POINT('',(-6.575,-0.2,4.08999999999979));
#8893=CARTESIAN_POINT('Origin',(-6.575,-0.2,3.88999999999979));
#8894=CARTESIAN_POINT('',(-6.25,-0.2,4.08999999999979));
#8895=CARTESIAN_POINT('Origin',(-6.25,-6.25000000000006,4.09000000000032));
#8896=CARTESIAN_POINT('',(-6.575,-3.03,4.09));
#8897=CARTESIAN_POINT('Origin',(-6.575,-2.32500000000003,1.995));
#8898=CARTESIAN_POINT('Origin',(-3.425,-2.32500000000003,1.995));
#8899=CARTESIAN_POINT('',(-3.425,-0.2,4.08999999999979));
#8900=CARTESIAN_POINT('',(-3.425,-6.25000000000006,4.09));
#8901=CARTESIAN_POINT('',(-3.425,-3.03,4.09));
#8902=CARTESIAN_POINT('',(-3.425,-7.05000000000006,3.94893841543322));
#8903=CARTESIAN_POINT('',(-3.425,-6.25000000000006,4.09));
#8904=CARTESIAN_POINT('',(-3.425,-7.04999999999988,3.59106158456748));
#8905=CARTESIAN_POINT('',(-3.425,-7.05000000000006,3.94893841543322));
#8906=CARTESIAN_POINT('',(-3.425,-6.25,3.45));
#8907=CARTESIAN_POINT('',(-3.425,-7.04999999999988,3.59106158456748));
#8908=CARTESIAN_POINT('',(-3.425,-0.640000000000003,3.44999999999979));
#8909=CARTESIAN_POINT('',(-3.425,-0.9,3.44999999999979));
#8910=CARTESIAN_POINT('',(-3.425,-0.640000000000001,-0.0999999999999995));
#8911=CARTESIAN_POINT('',(-3.425,-0.640000000000001,-0.0999999999999995));
#8912=CARTESIAN_POINT('',(-3.425,2.4,-0.0999999999999995));
#8913=CARTESIAN_POINT('',(-3.425,2.4,-0.0999999999999996));
#8914=CARTESIAN_POINT('',(-3.425,2.4,0.40775476446865));
#8915=CARTESIAN_POINT('',(-3.425,2.4,-0.0999999999999996));
#8916=CARTESIAN_POINT('',(-3.425,1.65,0.54));
#8917=CARTESIAN_POINT('',(-3.425,2.4,0.40775476446865));
#8918=CARTESIAN_POINT('',(-3.425,0.1,0.54));
#8919=CARTESIAN_POINT('',(-3.425,2.4,0.54));
#8920=CARTESIAN_POINT('',(-3.425,0.,0.640000000000001));
#8921=CARTESIAN_POINT('Origin',(-3.425,0.1,0.64));
#8922=CARTESIAN_POINT('',(-3.425,0.,3.88999999999979));
#8923=CARTESIAN_POINT('',(-3.425,0.,0.540000000000001));
#8924=CARTESIAN_POINT('Origin',(-3.425,-0.2,3.88999999999979));
#8925=CARTESIAN_POINT('Origin',(-3.75,-7.05000000000006,3.94893841543322));
#8926=CARTESIAN_POINT('',(-4.075,-6.25000000000006,4.09));
#8927=CARTESIAN_POINT('',(-3.75,-6.25000000000006,4.09));
#8928=CARTESIAN_POINT('',(-4.075,-7.05000000000006,3.94893841543322));
#8929=CARTESIAN_POINT('',(-4.075,-6.25000000000006,4.09));
#8930=CARTESIAN_POINT('',(-3.75,-7.05000000000006,3.94893841543322));
#8931=CARTESIAN_POINT('Origin',(-3.75,-7.04999999999988,3.59106158456748));
#8932=CARTESIAN_POINT('',(-4.075,-7.04999999999988,3.59106158456748));
#8933=CARTESIAN_POINT('',(-4.075,-7.05000000000006,3.94893841543322));
#8934=CARTESIAN_POINT('',(-3.75,-7.04999999999988,3.59106158456748));
#8935=CARTESIAN_POINT('Origin',(-3.75,-6.25,3.45));
#8936=CARTESIAN_POINT('',(-4.075,-6.25,3.45));
#8937=CARTESIAN_POINT('',(-4.075,-7.04999999999988,3.59106158456748));
#8938=CARTESIAN_POINT('',(-3.75,-6.25,3.45));
#8939=CARTESIAN_POINT('Origin',(-3.75,-0.640000000000003,3.44999999999979));
#8940=CARTESIAN_POINT('',(-4.075,-0.640000000000003,3.44999999999979));
#8941=CARTESIAN_POINT('',(-4.075,-0.9,3.44999999999979));
#8942=CARTESIAN_POINT('',(-3.75,-0.640000000000003,3.44999999999979));
#8943=CARTESIAN_POINT('Origin',(-3.75,-0.640000000000001,-0.0999999999999995));
#8944=CARTESIAN_POINT('',(-4.075,-0.640000000000001,-0.0999999999999995));
#8945=CARTESIAN_POINT('',(-4.075,-0.640000000000001,-0.0999999999999995));
#8946=CARTESIAN_POINT('',(-3.75,-0.640000000000001,-0.0999999999999995));
#8947=CARTESIAN_POINT('Origin',(-3.75,2.4,-0.0999999999999996));
#8948=CARTESIAN_POINT('',(-4.075,2.4,-0.0999999999999995));
#8949=CARTESIAN_POINT('',(-4.075,2.4,-0.0999999999999996));
#8950=CARTESIAN_POINT('',(-3.75,2.4,-0.0999999999999996));
#8951=CARTESIAN_POINT('Origin',(-3.75,2.4,0.40775476446865));
#8952=CARTESIAN_POINT('',(-4.075,2.4,0.40775476446865));
#8953=CARTESIAN_POINT('',(-4.075,2.4,-0.0999999999999996));
#8954=CARTESIAN_POINT('',(-3.75,2.4,0.40775476446865));
#8955=CARTESIAN_POINT('Origin',(-3.75,1.65,0.54));
#8956=CARTESIAN_POINT('',(-4.075,1.65,0.54));
#8957=CARTESIAN_POINT('',(-4.075,2.4,0.40775476446865));
#8958=CARTESIAN_POINT('',(-3.75,1.65,0.54));
#8959=CARTESIAN_POINT('Origin',(-3.75,0.1,0.540000000000001));
#8960=CARTESIAN_POINT('',(-4.075,0.1,0.54));
#8961=CARTESIAN_POINT('',(-4.075,2.4,0.54));
#8962=CARTESIAN_POINT('',(-3.75,0.1,0.54));
#8963=CARTESIAN_POINT('Origin',(-3.75,0.1,0.64));
#8964=CARTESIAN_POINT('',(-4.075,0.,0.640000000000001));
#8965=CARTESIAN_POINT('Origin',(-4.075,0.1,0.64));
#8966=CARTESIAN_POINT('',(-3.75,-6.93889390390723E-17,0.64));
#8967=CARTESIAN_POINT('Origin',(-3.75,-2.88499747755325E-15,3.88999999999979));
#8968=CARTESIAN_POINT('',(-4.075,0.,3.88999999999979));
#8969=CARTESIAN_POINT('',(-4.075,0.,0.540000000000001));
#8970=CARTESIAN_POINT('',(-3.75,-2.08166817117217E-16,3.88999999999979));
#8971=CARTESIAN_POINT('Origin',(-3.75,-0.2,3.88999999999979));
#8972=CARTESIAN_POINT('',(-4.075,-0.2,4.08999999999979));
#8973=CARTESIAN_POINT('Origin',(-4.075,-0.2,3.88999999999979));
#8974=CARTESIAN_POINT('',(-3.75,-0.2,4.08999999999979));
#8975=CARTESIAN_POINT('Origin',(-3.75,-6.25000000000006,4.09000000000032));
#8976=CARTESIAN_POINT('',(-4.075,-3.03,4.09));
#8977=CARTESIAN_POINT('Origin',(-4.075,-2.32500000000003,1.995));
#8978=CARTESIAN_POINT('Origin',(-0.925,-2.32500000000003,1.995));
#8979=CARTESIAN_POINT('',(-0.925,-0.2,4.08999999999979));
#8980=CARTESIAN_POINT('',(-0.925,-6.25000000000006,4.09));
#8981=CARTESIAN_POINT('',(-0.925,-3.03,4.09));
#8982=CARTESIAN_POINT('',(-0.925,-7.05000000000006,3.94893841543322));
#8983=CARTESIAN_POINT('',(-0.925,-6.25000000000006,4.09));
#8984=CARTESIAN_POINT('',(-0.925,-7.04999999999988,3.59106158456748));
#8985=CARTESIAN_POINT('',(-0.925,-7.05000000000006,3.94893841543322));
#8986=CARTESIAN_POINT('',(-0.925,-6.25,3.45));
#8987=CARTESIAN_POINT('',(-0.925,-7.04999999999988,3.59106158456748));
#8988=CARTESIAN_POINT('',(-0.925,-0.640000000000003,3.44999999999979));
#8989=CARTESIAN_POINT('',(-0.925,-0.9,3.44999999999979));
#8990=CARTESIAN_POINT('',(-0.925,-0.640000000000001,-0.0999999999999995));
#8991=CARTESIAN_POINT('',(-0.925,-0.640000000000001,-0.0999999999999995));
#8992=CARTESIAN_POINT('',(-0.925,2.4,-0.0999999999999995));
#8993=CARTESIAN_POINT('',(-0.925,2.4,-0.0999999999999996));
#8994=CARTESIAN_POINT('',(-0.925,2.4,0.40775476446865));
#8995=CARTESIAN_POINT('',(-0.925,2.4,-0.0999999999999996));
#8996=CARTESIAN_POINT('',(-0.925,1.65,0.54));
#8997=CARTESIAN_POINT('',(-0.925,2.4,0.40775476446865));
#8998=CARTESIAN_POINT('',(-0.925,0.1,0.54));
#8999=CARTESIAN_POINT('',(-0.925,2.4,0.54));
#9000=CARTESIAN_POINT('',(-0.925,0.,0.640000000000001));
#9001=CARTESIAN_POINT('Origin',(-0.925,0.1,0.64));
#9002=CARTESIAN_POINT('',(-0.925,0.,3.88999999999979));
#9003=CARTESIAN_POINT('',(-0.925,0.,0.540000000000001));
#9004=CARTESIAN_POINT('Origin',(-0.925,-0.2,3.88999999999979));
#9005=CARTESIAN_POINT('Origin',(-1.25,-7.05000000000006,3.94893841543322));
#9006=CARTESIAN_POINT('',(-1.575,-6.25000000000006,4.09));
#9007=CARTESIAN_POINT('',(-1.25,-6.25000000000006,4.09));
#9008=CARTESIAN_POINT('',(-1.575,-7.05000000000006,3.94893841543322));
#9009=CARTESIAN_POINT('',(-1.575,-6.25000000000006,4.09));
#9010=CARTESIAN_POINT('',(-1.25,-7.05000000000006,3.94893841543322));
#9011=CARTESIAN_POINT('Origin',(-1.25,-7.04999999999988,3.59106158456748));
#9012=CARTESIAN_POINT('',(-1.575,-7.04999999999988,3.59106158456748));
#9013=CARTESIAN_POINT('',(-1.575,-7.05000000000006,3.94893841543322));
#9014=CARTESIAN_POINT('',(-1.25,-7.04999999999988,3.59106158456748));
#9015=CARTESIAN_POINT('Origin',(-1.25,-6.25,3.45));
#9016=CARTESIAN_POINT('',(-1.575,-6.25,3.45));
#9017=CARTESIAN_POINT('',(-1.575,-7.04999999999988,3.59106158456748));
#9018=CARTESIAN_POINT('',(-1.25,-6.25,3.45));
#9019=CARTESIAN_POINT('Origin',(-1.25,-0.640000000000003,3.44999999999979));
#9020=CARTESIAN_POINT('',(-1.575,-0.640000000000003,3.44999999999979));
#9021=CARTESIAN_POINT('',(-1.575,-0.9,3.44999999999979));
#9022=CARTESIAN_POINT('',(-1.25,-0.640000000000003,3.44999999999979));
#9023=CARTESIAN_POINT('Origin',(-1.25,-0.640000000000001,-0.0999999999999995));
#9024=CARTESIAN_POINT('',(-1.575,-0.640000000000001,-0.0999999999999995));
#9025=CARTESIAN_POINT('',(-1.575,-0.640000000000001,-0.0999999999999995));
#9026=CARTESIAN_POINT('',(-1.25,-0.640000000000001,-0.0999999999999995));
#9027=CARTESIAN_POINT('Origin',(-1.25,2.4,-0.0999999999999996));
#9028=CARTESIAN_POINT('',(-1.575,2.4,-0.0999999999999995));
#9029=CARTESIAN_POINT('',(-1.575,2.4,-0.0999999999999996));
#9030=CARTESIAN_POINT('',(-1.25,2.4,-0.0999999999999996));
#9031=CARTESIAN_POINT('Origin',(-1.25,2.4,0.40775476446865));
#9032=CARTESIAN_POINT('',(-1.575,2.4,0.40775476446865));
#9033=CARTESIAN_POINT('',(-1.575,2.4,-0.0999999999999996));
#9034=CARTESIAN_POINT('',(-1.25,2.4,0.40775476446865));
#9035=CARTESIAN_POINT('Origin',(-1.25,1.65,0.54));
#9036=CARTESIAN_POINT('',(-1.575,1.65,0.54));
#9037=CARTESIAN_POINT('',(-1.575,2.4,0.40775476446865));
#9038=CARTESIAN_POINT('',(-1.25,1.65,0.54));
#9039=CARTESIAN_POINT('Origin',(-1.25,0.1,0.540000000000001));
#9040=CARTESIAN_POINT('',(-1.575,0.1,0.54));
#9041=CARTESIAN_POINT('',(-1.575,2.4,0.54));
#9042=CARTESIAN_POINT('',(-1.25,0.1,0.54));
#9043=CARTESIAN_POINT('Origin',(-1.25,0.1,0.64));
#9044=CARTESIAN_POINT('',(-1.575,0.,0.640000000000001));
#9045=CARTESIAN_POINT('Origin',(-1.575,0.1,0.64));
#9046=CARTESIAN_POINT('',(-1.25,-6.93889390390723E-17,0.64));
#9047=CARTESIAN_POINT('Origin',(-1.25,-2.88499747755325E-15,3.88999999999979));
#9048=CARTESIAN_POINT('',(-1.575,0.,3.88999999999979));
#9049=CARTESIAN_POINT('',(-1.575,0.,0.540000000000001));
#9050=CARTESIAN_POINT('',(-1.25,-2.08166817117217E-16,3.88999999999979));
#9051=CARTESIAN_POINT('Origin',(-1.25,-0.2,3.88999999999979));
#9052=CARTESIAN_POINT('',(-1.575,-0.2,4.08999999999979));
#9053=CARTESIAN_POINT('Origin',(-1.575,-0.2,3.88999999999979));
#9054=CARTESIAN_POINT('',(-1.25,-0.2,4.08999999999979));
#9055=CARTESIAN_POINT('Origin',(-1.25,-6.25000000000006,4.09000000000032));
#9056=CARTESIAN_POINT('',(-1.575,-3.03,4.09));
#9057=CARTESIAN_POINT('Origin',(-1.575,-2.32500000000003,1.995));
#9058=CARTESIAN_POINT('Origin',(1.575,-2.32500000000003,1.995));
#9059=CARTESIAN_POINT('',(1.575,-0.2,4.08999999999979));
#9060=CARTESIAN_POINT('',(1.575,-6.25000000000006,4.09));
#9061=CARTESIAN_POINT('',(1.575,-3.03,4.09));
#9062=CARTESIAN_POINT('',(1.575,-7.05000000000006,3.94893841543322));
#9063=CARTESIAN_POINT('',(1.575,-6.25000000000006,4.09));
#9064=CARTESIAN_POINT('',(1.575,-7.04999999999988,3.59106158456748));
#9065=CARTESIAN_POINT('',(1.575,-7.05000000000006,3.94893841543322));
#9066=CARTESIAN_POINT('',(1.575,-6.25,3.45));
#9067=CARTESIAN_POINT('',(1.575,-7.04999999999988,3.59106158456748));
#9068=CARTESIAN_POINT('',(1.575,-0.640000000000003,3.44999999999979));
#9069=CARTESIAN_POINT('',(1.575,-0.9,3.44999999999979));
#9070=CARTESIAN_POINT('',(1.575,-0.640000000000001,-0.0999999999999995));
#9071=CARTESIAN_POINT('',(1.575,-0.640000000000001,-0.0999999999999995));
#9072=CARTESIAN_POINT('',(1.575,2.4,-0.0999999999999995));
#9073=CARTESIAN_POINT('',(1.575,2.4,-0.0999999999999996));
#9074=CARTESIAN_POINT('',(1.575,2.4,0.40775476446865));
#9075=CARTESIAN_POINT('',(1.575,2.4,-0.0999999999999996));
#9076=CARTESIAN_POINT('',(1.575,1.65,0.54));
#9077=CARTESIAN_POINT('',(1.575,2.4,0.40775476446865));
#9078=CARTESIAN_POINT('',(1.575,0.1,0.54));
#9079=CARTESIAN_POINT('',(1.575,2.4,0.54));
#9080=CARTESIAN_POINT('',(1.575,0.,0.640000000000001));
#9081=CARTESIAN_POINT('Origin',(1.575,0.1,0.64));
#9082=CARTESIAN_POINT('',(1.575,0.,3.88999999999979));
#9083=CARTESIAN_POINT('',(1.575,0.,0.540000000000001));
#9084=CARTESIAN_POINT('Origin',(1.575,-0.2,3.88999999999979));
#9085=CARTESIAN_POINT('Origin',(1.25,-7.05000000000006,3.94893841543322));
#9086=CARTESIAN_POINT('',(0.925,-6.25000000000006,4.09));
#9087=CARTESIAN_POINT('',(1.25,-6.25000000000006,4.09));
#9088=CARTESIAN_POINT('',(0.925,-7.05000000000006,3.94893841543322));
#9089=CARTESIAN_POINT('',(0.925,-6.25000000000006,4.09));
#9090=CARTESIAN_POINT('',(1.25,-7.05000000000006,3.94893841543322));
#9091=CARTESIAN_POINT('Origin',(1.25,-7.04999999999988,3.59106158456748));
#9092=CARTESIAN_POINT('',(0.925,-7.04999999999988,3.59106158456748));
#9093=CARTESIAN_POINT('',(0.925,-7.05000000000006,3.94893841543322));
#9094=CARTESIAN_POINT('',(1.25,-7.04999999999988,3.59106158456748));
#9095=CARTESIAN_POINT('Origin',(1.25,-6.25,3.45));
#9096=CARTESIAN_POINT('',(0.925,-6.25,3.45));
#9097=CARTESIAN_POINT('',(0.925,-7.04999999999988,3.59106158456748));
#9098=CARTESIAN_POINT('',(1.25,-6.25,3.45));
#9099=CARTESIAN_POINT('Origin',(1.25,-0.640000000000003,3.44999999999979));
#9100=CARTESIAN_POINT('',(0.925,-0.640000000000003,3.44999999999979));
#9101=CARTESIAN_POINT('',(0.925,-0.9,3.44999999999979));
#9102=CARTESIAN_POINT('',(1.25,-0.640000000000003,3.44999999999979));
#9103=CARTESIAN_POINT('Origin',(1.25,-0.640000000000001,-0.0999999999999995));
#9104=CARTESIAN_POINT('',(0.925,-0.640000000000001,-0.0999999999999995));
#9105=CARTESIAN_POINT('',(0.925,-0.640000000000001,-0.0999999999999995));
#9106=CARTESIAN_POINT('',(1.25,-0.640000000000001,-0.0999999999999995));
#9107=CARTESIAN_POINT('Origin',(1.25,2.4,-0.0999999999999996));
#9108=CARTESIAN_POINT('',(0.925,2.4,-0.0999999999999995));
#9109=CARTESIAN_POINT('',(0.925,2.4,-0.0999999999999996));
#9110=CARTESIAN_POINT('',(1.25,2.4,-0.0999999999999996));
#9111=CARTESIAN_POINT('Origin',(1.25,2.4,0.40775476446865));
#9112=CARTESIAN_POINT('',(0.925,2.4,0.40775476446865));
#9113=CARTESIAN_POINT('',(0.925,2.4,-0.0999999999999996));
#9114=CARTESIAN_POINT('',(1.25,2.4,0.40775476446865));
#9115=CARTESIAN_POINT('Origin',(1.25,1.65,0.54));
#9116=CARTESIAN_POINT('',(0.925,1.65,0.54));
#9117=CARTESIAN_POINT('',(0.925,2.4,0.40775476446865));
#9118=CARTESIAN_POINT('',(1.25,1.65,0.54));
#9119=CARTESIAN_POINT('Origin',(1.25,0.1,0.540000000000001));
#9120=CARTESIAN_POINT('',(0.925,0.1,0.54));
#9121=CARTESIAN_POINT('',(0.925,2.4,0.54));
#9122=CARTESIAN_POINT('',(1.25,0.1,0.54));
#9123=CARTESIAN_POINT('Origin',(1.25,0.1,0.64));
#9124=CARTESIAN_POINT('',(0.925,0.,0.640000000000001));
#9125=CARTESIAN_POINT('Origin',(0.925,0.1,0.64));
#9126=CARTESIAN_POINT('',(1.25,-6.93889390390723E-17,0.64));
#9127=CARTESIAN_POINT('Origin',(1.25,-2.88499747755325E-15,3.88999999999979));
#9128=CARTESIAN_POINT('',(0.925,0.,3.88999999999979));
#9129=CARTESIAN_POINT('',(0.925,0.,0.540000000000001));
#9130=CARTESIAN_POINT('',(1.25,-2.08166817117217E-16,3.88999999999979));
#9131=CARTESIAN_POINT('Origin',(1.25,-0.2,3.88999999999979));
#9132=CARTESIAN_POINT('',(0.925,-0.2,4.08999999999979));
#9133=CARTESIAN_POINT('Origin',(0.925,-0.2,3.88999999999979));
#9134=CARTESIAN_POINT('',(1.25,-0.2,4.08999999999979));
#9135=CARTESIAN_POINT('Origin',(1.25,-6.25000000000006,4.09000000000032));
#9136=CARTESIAN_POINT('',(0.925,-3.03,4.09));
#9137=CARTESIAN_POINT('Origin',(0.925,-2.32500000000003,1.995));
#9138=CARTESIAN_POINT('Origin',(4.075,-2.32500000000003,1.995));
#9139=CARTESIAN_POINT('',(4.075,-0.2,4.08999999999979));
#9140=CARTESIAN_POINT('',(4.075,-6.25000000000006,4.09));
#9141=CARTESIAN_POINT('',(4.075,-3.03,4.09));
#9142=CARTESIAN_POINT('',(4.075,-7.05000000000006,3.94893841543322));
#9143=CARTESIAN_POINT('',(4.075,-6.25000000000006,4.09));
#9144=CARTESIAN_POINT('',(4.075,-7.04999999999988,3.59106158456748));
#9145=CARTESIAN_POINT('',(4.075,-7.05000000000006,3.94893841543322));
#9146=CARTESIAN_POINT('',(4.075,-6.25,3.45));
#9147=CARTESIAN_POINT('',(4.075,-7.04999999999988,3.59106158456748));
#9148=CARTESIAN_POINT('',(4.075,-0.640000000000003,3.44999999999979));
#9149=CARTESIAN_POINT('',(4.075,-0.9,3.44999999999979));
#9150=CARTESIAN_POINT('',(4.075,-0.640000000000001,-0.0999999999999995));
#9151=CARTESIAN_POINT('',(4.075,-0.640000000000001,-0.0999999999999995));
#9152=CARTESIAN_POINT('',(4.075,2.4,-0.0999999999999995));
#9153=CARTESIAN_POINT('',(4.075,2.4,-0.0999999999999996));
#9154=CARTESIAN_POINT('',(4.075,2.4,0.40775476446865));
#9155=CARTESIAN_POINT('',(4.075,2.4,-0.0999999999999996));
#9156=CARTESIAN_POINT('',(4.075,1.65,0.54));
#9157=CARTESIAN_POINT('',(4.075,2.4,0.40775476446865));
#9158=CARTESIAN_POINT('',(4.075,0.1,0.54));
#9159=CARTESIAN_POINT('',(4.075,2.4,0.54));
#9160=CARTESIAN_POINT('',(4.075,0.,0.640000000000001));
#9161=CARTESIAN_POINT('Origin',(4.075,0.1,0.64));
#9162=CARTESIAN_POINT('',(4.075,0.,3.88999999999979));
#9163=CARTESIAN_POINT('',(4.075,0.,0.540000000000001));
#9164=CARTESIAN_POINT('Origin',(4.075,-0.2,3.88999999999979));
#9165=CARTESIAN_POINT('Origin',(3.75,-7.05000000000006,3.94893841543322));
#9166=CARTESIAN_POINT('',(3.425,-6.25000000000006,4.09));
#9167=CARTESIAN_POINT('',(3.75,-6.25000000000006,4.09));
#9168=CARTESIAN_POINT('',(3.425,-7.05000000000006,3.94893841543322));
#9169=CARTESIAN_POINT('',(3.425,-6.25000000000006,4.09));
#9170=CARTESIAN_POINT('',(3.75,-7.05000000000006,3.94893841543322));
#9171=CARTESIAN_POINT('Origin',(3.75,-7.04999999999988,3.59106158456748));
#9172=CARTESIAN_POINT('',(3.425,-7.04999999999988,3.59106158456748));
#9173=CARTESIAN_POINT('',(3.425,-7.05000000000006,3.94893841543322));
#9174=CARTESIAN_POINT('',(3.75,-7.04999999999988,3.59106158456748));
#9175=CARTESIAN_POINT('Origin',(3.75,-6.25,3.45));
#9176=CARTESIAN_POINT('',(3.425,-6.25,3.45));
#9177=CARTESIAN_POINT('',(3.425,-7.04999999999988,3.59106158456748));
#9178=CARTESIAN_POINT('',(3.75,-6.25,3.45));
#9179=CARTESIAN_POINT('Origin',(3.75,-0.640000000000003,3.44999999999979));
#9180=CARTESIAN_POINT('',(3.425,-0.640000000000003,3.44999999999979));
#9181=CARTESIAN_POINT('',(3.425,-0.9,3.44999999999979));
#9182=CARTESIAN_POINT('',(3.75,-0.640000000000003,3.44999999999979));
#9183=CARTESIAN_POINT('Origin',(3.75,-0.640000000000001,-0.0999999999999995));
#9184=CARTESIAN_POINT('',(3.425,-0.640000000000001,-0.0999999999999995));
#9185=CARTESIAN_POINT('',(3.425,-0.640000000000001,-0.0999999999999995));
#9186=CARTESIAN_POINT('',(3.75,-0.640000000000001,-0.0999999999999995));
#9187=CARTESIAN_POINT('Origin',(3.75,2.4,-0.0999999999999996));
#9188=CARTESIAN_POINT('',(3.425,2.4,-0.0999999999999995));
#9189=CARTESIAN_POINT('',(3.425,2.4,-0.0999999999999996));
#9190=CARTESIAN_POINT('',(3.75,2.4,-0.0999999999999996));
#9191=CARTESIAN_POINT('Origin',(3.75,2.4,0.40775476446865));
#9192=CARTESIAN_POINT('',(3.425,2.4,0.40775476446865));
#9193=CARTESIAN_POINT('',(3.425,2.4,-0.0999999999999996));
#9194=CARTESIAN_POINT('',(3.75,2.4,0.40775476446865));
#9195=CARTESIAN_POINT('Origin',(3.75,1.65,0.54));
#9196=CARTESIAN_POINT('',(3.425,1.65,0.54));
#9197=CARTESIAN_POINT('',(3.425,2.4,0.40775476446865));
#9198=CARTESIAN_POINT('',(3.75,1.65,0.54));
#9199=CARTESIAN_POINT('Origin',(3.75,0.1,0.540000000000001));
#9200=CARTESIAN_POINT('',(3.425,0.1,0.54));
#9201=CARTESIAN_POINT('',(3.425,2.4,0.54));
#9202=CARTESIAN_POINT('',(3.75,0.1,0.54));
#9203=CARTESIAN_POINT('Origin',(3.75,0.1,0.64));
#9204=CARTESIAN_POINT('',(3.425,0.,0.640000000000001));
#9205=CARTESIAN_POINT('Origin',(3.425,0.1,0.64));
#9206=CARTESIAN_POINT('',(3.75,-6.93889390390723E-17,0.64));
#9207=CARTESIAN_POINT('Origin',(3.75,-2.88499747755325E-15,3.88999999999979));
#9208=CARTESIAN_POINT('',(3.425,0.,3.88999999999979));
#9209=CARTESIAN_POINT('',(3.425,0.,0.540000000000001));
#9210=CARTESIAN_POINT('',(3.75,-2.08166817117217E-16,3.88999999999979));
#9211=CARTESIAN_POINT('Origin',(3.75,-0.2,3.88999999999979));
#9212=CARTESIAN_POINT('',(3.425,-0.2,4.08999999999979));
#9213=CARTESIAN_POINT('Origin',(3.425,-0.2,3.88999999999979));
#9214=CARTESIAN_POINT('',(3.75,-0.2,4.08999999999979));
#9215=CARTESIAN_POINT('Origin',(3.75,-6.25000000000006,4.09000000000032));
#9216=CARTESIAN_POINT('',(3.425,-3.03,4.09));
#9217=CARTESIAN_POINT('Origin',(3.425,-2.32500000000003,1.995));
#9218=CARTESIAN_POINT('Origin',(6.575,-2.32500000000003,1.995));
#9219=CARTESIAN_POINT('',(6.575,-0.2,4.08999999999979));
#9220=CARTESIAN_POINT('',(6.575,-6.25000000000006,4.09));
#9221=CARTESIAN_POINT('',(6.575,-3.03,4.09));
#9222=CARTESIAN_POINT('',(6.575,-7.05000000000006,3.94893841543322));
#9223=CARTESIAN_POINT('',(6.575,-6.25000000000006,4.09));
#9224=CARTESIAN_POINT('',(6.575,-7.04999999999988,3.59106158456748));
#9225=CARTESIAN_POINT('',(6.575,-7.05000000000006,3.94893841543322));
#9226=CARTESIAN_POINT('',(6.575,-6.25,3.45));
#9227=CARTESIAN_POINT('',(6.575,-7.04999999999988,3.59106158456748));
#9228=CARTESIAN_POINT('',(6.575,-0.640000000000003,3.44999999999979));
#9229=CARTESIAN_POINT('',(6.575,-0.9,3.44999999999979));
#9230=CARTESIAN_POINT('',(6.575,-0.640000000000001,-0.0999999999999995));
#9231=CARTESIAN_POINT('',(6.575,-0.640000000000001,-0.0999999999999995));
#9232=CARTESIAN_POINT('',(6.575,2.4,-0.0999999999999995));
#9233=CARTESIAN_POINT('',(6.575,2.4,-0.0999999999999996));
#9234=CARTESIAN_POINT('',(6.575,2.4,0.40775476446865));
#9235=CARTESIAN_POINT('',(6.575,2.4,-0.0999999999999996));
#9236=CARTESIAN_POINT('',(6.575,1.65,0.54));
#9237=CARTESIAN_POINT('',(6.575,2.4,0.40775476446865));
#9238=CARTESIAN_POINT('',(6.575,0.1,0.54));
#9239=CARTESIAN_POINT('',(6.575,2.4,0.54));
#9240=CARTESIAN_POINT('',(6.575,0.,0.640000000000001));
#9241=CARTESIAN_POINT('Origin',(6.575,0.1,0.64));
#9242=CARTESIAN_POINT('',(6.575,0.,3.88999999999979));
#9243=CARTESIAN_POINT('',(6.575,0.,0.540000000000001));
#9244=CARTESIAN_POINT('Origin',(6.575,-0.2,3.88999999999979));
#9245=CARTESIAN_POINT('Origin',(6.25,-7.05000000000006,3.94893841543322));
#9246=CARTESIAN_POINT('',(5.925,-6.25000000000006,4.09));
#9247=CARTESIAN_POINT('',(6.25,-6.25000000000006,4.09));
#9248=CARTESIAN_POINT('',(5.925,-7.05000000000006,3.94893841543322));
#9249=CARTESIAN_POINT('',(5.925,-6.25000000000006,4.09));
#9250=CARTESIAN_POINT('',(6.25,-7.05000000000006,3.94893841543322));
#9251=CARTESIAN_POINT('Origin',(6.25,-7.04999999999988,3.59106158456748));
#9252=CARTESIAN_POINT('',(5.925,-7.04999999999988,3.59106158456748));
#9253=CARTESIAN_POINT('',(5.925,-7.05000000000006,3.94893841543322));
#9254=CARTESIAN_POINT('',(6.25,-7.04999999999988,3.59106158456748));
#9255=CARTESIAN_POINT('Origin',(6.25,-6.25,3.45));
#9256=CARTESIAN_POINT('',(5.925,-6.25,3.45));
#9257=CARTESIAN_POINT('',(5.925,-7.04999999999988,3.59106158456748));
#9258=CARTESIAN_POINT('',(6.25,-6.25,3.45));
#9259=CARTESIAN_POINT('Origin',(6.25,-0.640000000000003,3.44999999999979));
#9260=CARTESIAN_POINT('',(5.925,-0.640000000000003,3.44999999999979));
#9261=CARTESIAN_POINT('',(5.925,-0.9,3.44999999999979));
#9262=CARTESIAN_POINT('',(6.25,-0.640000000000003,3.44999999999979));
#9263=CARTESIAN_POINT('Origin',(6.25,-0.640000000000001,-0.0999999999999995));
#9264=CARTESIAN_POINT('',(5.925,-0.640000000000001,-0.0999999999999995));
#9265=CARTESIAN_POINT('',(5.925,-0.640000000000001,-0.0999999999999995));
#9266=CARTESIAN_POINT('',(6.25,-0.640000000000001,-0.0999999999999995));
#9267=CARTESIAN_POINT('Origin',(6.25,2.4,-0.0999999999999996));
#9268=CARTESIAN_POINT('',(5.925,2.4,-0.0999999999999995));
#9269=CARTESIAN_POINT('',(5.925,2.4,-0.0999999999999996));
#9270=CARTESIAN_POINT('',(6.25,2.4,-0.0999999999999996));
#9271=CARTESIAN_POINT('Origin',(6.25,2.4,0.40775476446865));
#9272=CARTESIAN_POINT('',(5.925,2.4,0.40775476446865));
#9273=CARTESIAN_POINT('',(5.925,2.4,-0.0999999999999996));
#9274=CARTESIAN_POINT('',(6.25,2.4,0.40775476446865));
#9275=CARTESIAN_POINT('Origin',(6.25,1.65,0.54));
#9276=CARTESIAN_POINT('',(5.925,1.65,0.54));
#9277=CARTESIAN_POINT('',(5.925,2.4,0.40775476446865));
#9278=CARTESIAN_POINT('',(6.25,1.65,0.54));
#9279=CARTESIAN_POINT('Origin',(6.25,0.1,0.540000000000001));
#9280=CARTESIAN_POINT('',(5.925,0.1,0.54));
#9281=CARTESIAN_POINT('',(5.925,2.4,0.54));
#9282=CARTESIAN_POINT('',(6.25,0.1,0.54));
#9283=CARTESIAN_POINT('Origin',(6.25,0.1,0.64));
#9284=CARTESIAN_POINT('',(5.925,0.,0.640000000000001));
#9285=CARTESIAN_POINT('Origin',(5.925,0.1,0.64));
#9286=CARTESIAN_POINT('',(6.25,-6.93889390390723E-17,0.64));
#9287=CARTESIAN_POINT('Origin',(6.25,-2.88499747755325E-15,3.88999999999979));
#9288=CARTESIAN_POINT('',(5.925,0.,3.88999999999979));
#9289=CARTESIAN_POINT('',(5.925,0.,0.540000000000001));
#9290=CARTESIAN_POINT('',(6.25,-2.08166817117217E-16,3.88999999999979));
#9291=CARTESIAN_POINT('Origin',(6.25,-0.2,3.88999999999979));
#9292=CARTESIAN_POINT('',(5.925,-0.2,4.08999999999979));
#9293=CARTESIAN_POINT('Origin',(5.925,-0.2,3.88999999999979));
#9294=CARTESIAN_POINT('',(6.25,-0.2,4.08999999999979));
#9295=CARTESIAN_POINT('Origin',(6.25,-6.25000000000006,4.09000000000032));
#9296=CARTESIAN_POINT('',(5.925,-3.03,4.09));
#9297=CARTESIAN_POINT('Origin',(5.925,-2.32500000000003,1.995));
#9298=CARTESIAN_POINT('Origin',(9.075,-2.32500000000003,1.995));
#9299=CARTESIAN_POINT('',(9.075,-0.2,4.08999999999979));
#9300=CARTESIAN_POINT('',(9.075,-6.25000000000006,4.09));
#9301=CARTESIAN_POINT('',(9.075,-3.03,4.09));
#9302=CARTESIAN_POINT('',(9.075,-7.05000000000006,3.94893841543322));
#9303=CARTESIAN_POINT('',(9.075,-6.25000000000006,4.09));
#9304=CARTESIAN_POINT('',(9.075,-7.04999999999988,3.59106158456748));
#9305=CARTESIAN_POINT('',(9.075,-7.05000000000006,3.94893841543322));
#9306=CARTESIAN_POINT('',(9.075,-6.25,3.45));
#9307=CARTESIAN_POINT('',(9.075,-7.04999999999988,3.59106158456748));
#9308=CARTESIAN_POINT('',(9.075,-0.640000000000003,3.44999999999979));
#9309=CARTESIAN_POINT('',(9.075,-0.9,3.44999999999979));
#9310=CARTESIAN_POINT('',(9.075,-0.640000000000001,-0.0999999999999995));
#9311=CARTESIAN_POINT('',(9.075,-0.640000000000001,-0.0999999999999995));
#9312=CARTESIAN_POINT('',(9.075,2.4,-0.0999999999999995));
#9313=CARTESIAN_POINT('',(9.075,2.4,-0.0999999999999996));
#9314=CARTESIAN_POINT('',(9.075,2.4,0.40775476446865));
#9315=CARTESIAN_POINT('',(9.075,2.4,-0.0999999999999996));
#9316=CARTESIAN_POINT('',(9.075,1.65,0.54));
#9317=CARTESIAN_POINT('',(9.075,2.4,0.40775476446865));
#9318=CARTESIAN_POINT('',(9.075,0.1,0.54));
#9319=CARTESIAN_POINT('',(9.075,2.4,0.54));
#9320=CARTESIAN_POINT('',(9.075,0.,0.640000000000001));
#9321=CARTESIAN_POINT('Origin',(9.075,0.1,0.64));
#9322=CARTESIAN_POINT('',(9.075,0.,3.88999999999979));
#9323=CARTESIAN_POINT('',(9.075,0.,0.540000000000001));
#9324=CARTESIAN_POINT('Origin',(9.075,-0.2,3.88999999999979));
#9325=CARTESIAN_POINT('Origin',(8.75,-7.05000000000006,3.94893841543322));
#9326=CARTESIAN_POINT('',(8.425,-6.25000000000006,4.09));
#9327=CARTESIAN_POINT('',(8.75,-6.25000000000006,4.09));
#9328=CARTESIAN_POINT('',(8.425,-7.05000000000006,3.94893841543322));
#9329=CARTESIAN_POINT('',(8.425,-6.25000000000006,4.09));
#9330=CARTESIAN_POINT('',(8.75,-7.05000000000006,3.94893841543322));
#9331=CARTESIAN_POINT('Origin',(8.75,-7.04999999999988,3.59106158456748));
#9332=CARTESIAN_POINT('',(8.425,-7.04999999999988,3.59106158456748));
#9333=CARTESIAN_POINT('',(8.425,-7.05000000000006,3.94893841543322));
#9334=CARTESIAN_POINT('',(8.75,-7.04999999999988,3.59106158456748));
#9335=CARTESIAN_POINT('Origin',(8.75,-6.25,3.45));
#9336=CARTESIAN_POINT('',(8.425,-6.25,3.45));
#9337=CARTESIAN_POINT('',(8.425,-7.04999999999988,3.59106158456748));
#9338=CARTESIAN_POINT('',(8.75,-6.25,3.45));
#9339=CARTESIAN_POINT('Origin',(8.75,-0.640000000000003,3.44999999999979));
#9340=CARTESIAN_POINT('',(8.425,-0.640000000000003,3.44999999999979));
#9341=CARTESIAN_POINT('',(8.425,-0.9,3.44999999999979));
#9342=CARTESIAN_POINT('',(8.75,-0.640000000000003,3.44999999999979));
#9343=CARTESIAN_POINT('Origin',(8.75,-0.640000000000001,-0.0999999999999995));
#9344=CARTESIAN_POINT('',(8.425,-0.640000000000001,-0.0999999999999995));
#9345=CARTESIAN_POINT('',(8.425,-0.640000000000001,-0.0999999999999995));
#9346=CARTESIAN_POINT('',(8.75,-0.640000000000001,-0.0999999999999995));
#9347=CARTESIAN_POINT('Origin',(8.75,2.4,-0.0999999999999996));
#9348=CARTESIAN_POINT('',(8.425,2.4,-0.0999999999999995));
#9349=CARTESIAN_POINT('',(8.425,2.4,-0.0999999999999996));
#9350=CARTESIAN_POINT('',(8.75,2.4,-0.0999999999999996));
#9351=CARTESIAN_POINT('Origin',(8.75,2.4,0.40775476446865));
#9352=CARTESIAN_POINT('',(8.425,2.4,0.40775476446865));
#9353=CARTESIAN_POINT('',(8.425,2.4,-0.0999999999999996));
#9354=CARTESIAN_POINT('',(8.75,2.4,0.40775476446865));
#9355=CARTESIAN_POINT('Origin',(8.75,1.65,0.54));
#9356=CARTESIAN_POINT('',(8.425,1.65,0.54));
#9357=CARTESIAN_POINT('',(8.425,2.4,0.40775476446865));
#9358=CARTESIAN_POINT('',(8.75,1.65,0.54));
#9359=CARTESIAN_POINT('Origin',(8.75,0.1,0.540000000000001));
#9360=CARTESIAN_POINT('',(8.425,0.1,0.54));
#9361=CARTESIAN_POINT('',(8.425,2.4,0.54));
#9362=CARTESIAN_POINT('',(8.75,0.1,0.54));
#9363=CARTESIAN_POINT('Origin',(8.75,0.1,0.64));
#9364=CARTESIAN_POINT('',(8.425,0.,0.640000000000001));
#9365=CARTESIAN_POINT('Origin',(8.425,0.1,0.64));
#9366=CARTESIAN_POINT('',(8.75,-6.93889390390723E-17,0.64));
#9367=CARTESIAN_POINT('Origin',(8.75,-2.88499747755325E-15,3.88999999999979));
#9368=CARTESIAN_POINT('',(8.425,0.,3.88999999999979));
#9369=CARTESIAN_POINT('',(8.425,0.,0.540000000000001));
#9370=CARTESIAN_POINT('',(8.75,-2.08166817117217E-16,3.88999999999979));
#9371=CARTESIAN_POINT('Origin',(8.75,-0.2,3.88999999999979));
#9372=CARTESIAN_POINT('',(8.425,-0.2,4.08999999999979));
#9373=CARTESIAN_POINT('Origin',(8.425,-0.2,3.88999999999979));
#9374=CARTESIAN_POINT('',(8.75,-0.2,4.08999999999979));
#9375=CARTESIAN_POINT('Origin',(8.75,-6.25000000000006,4.09000000000032));
#9376=CARTESIAN_POINT('',(8.425,-3.03,4.09));
#9377=CARTESIAN_POINT('Origin',(8.425,-2.32500000000003,1.995));
#9378=CARTESIAN_POINT('Origin',(11.575,-2.32500000000003,1.995));
#9379=CARTESIAN_POINT('',(11.575,-0.2,4.08999999999979));
#9380=CARTESIAN_POINT('',(11.575,-6.25000000000006,4.09));
#9381=CARTESIAN_POINT('',(11.575,-3.03,4.09));
#9382=CARTESIAN_POINT('',(11.575,-7.05000000000006,3.94893841543322));
#9383=CARTESIAN_POINT('',(11.575,-6.25000000000006,4.09));
#9384=CARTESIAN_POINT('',(11.575,-7.04999999999988,3.59106158456748));
#9385=CARTESIAN_POINT('',(11.575,-7.05000000000006,3.94893841543322));
#9386=CARTESIAN_POINT('',(11.575,-6.25,3.45));
#9387=CARTESIAN_POINT('',(11.575,-7.04999999999988,3.59106158456748));
#9388=CARTESIAN_POINT('',(11.575,-0.640000000000003,3.44999999999979));
#9389=CARTESIAN_POINT('',(11.575,-0.9,3.44999999999979));
#9390=CARTESIAN_POINT('',(11.575,-0.640000000000001,-0.0999999999999995));
#9391=CARTESIAN_POINT('',(11.575,-0.640000000000001,-0.0999999999999995));
#9392=CARTESIAN_POINT('',(11.575,2.4,-0.0999999999999995));
#9393=CARTESIAN_POINT('',(11.575,2.4,-0.0999999999999996));
#9394=CARTESIAN_POINT('',(11.575,2.4,0.40775476446865));
#9395=CARTESIAN_POINT('',(11.575,2.4,-0.0999999999999996));
#9396=CARTESIAN_POINT('',(11.575,1.65,0.54));
#9397=CARTESIAN_POINT('',(11.575,2.4,0.40775476446865));
#9398=CARTESIAN_POINT('',(11.575,0.1,0.54));
#9399=CARTESIAN_POINT('',(11.575,2.4,0.54));
#9400=CARTESIAN_POINT('',(11.575,0.,0.640000000000001));
#9401=CARTESIAN_POINT('Origin',(11.575,0.1,0.64));
#9402=CARTESIAN_POINT('',(11.575,0.,3.88999999999979));
#9403=CARTESIAN_POINT('',(11.575,0.,0.540000000000001));
#9404=CARTESIAN_POINT('Origin',(11.575,-0.2,3.88999999999979));
#9405=CARTESIAN_POINT('Origin',(11.25,-7.05000000000006,3.94893841543322));
#9406=CARTESIAN_POINT('',(10.925,-6.25000000000006,4.09));
#9407=CARTESIAN_POINT('',(11.25,-6.25000000000006,4.09));
#9408=CARTESIAN_POINT('',(10.925,-7.05000000000006,3.94893841543322));
#9409=CARTESIAN_POINT('',(10.925,-6.25000000000006,4.09));
#9410=CARTESIAN_POINT('',(11.25,-7.05000000000006,3.94893841543322));
#9411=CARTESIAN_POINT('Origin',(11.25,-7.04999999999988,3.59106158456748));
#9412=CARTESIAN_POINT('',(10.925,-7.04999999999988,3.59106158456748));
#9413=CARTESIAN_POINT('',(10.925,-7.05000000000006,3.94893841543322));
#9414=CARTESIAN_POINT('',(11.25,-7.04999999999988,3.59106158456748));
#9415=CARTESIAN_POINT('Origin',(11.25,-6.25,3.45));
#9416=CARTESIAN_POINT('',(10.925,-6.25,3.45));
#9417=CARTESIAN_POINT('',(10.925,-7.04999999999988,3.59106158456748));
#9418=CARTESIAN_POINT('',(11.25,-6.25,3.45));
#9419=CARTESIAN_POINT('Origin',(11.25,-0.640000000000003,3.44999999999979));
#9420=CARTESIAN_POINT('',(10.925,-0.640000000000003,3.44999999999979));
#9421=CARTESIAN_POINT('',(10.925,-0.9,3.44999999999979));
#9422=CARTESIAN_POINT('',(11.25,-0.640000000000003,3.44999999999979));
#9423=CARTESIAN_POINT('Origin',(11.25,-0.640000000000001,-0.0999999999999995));
#9424=CARTESIAN_POINT('',(10.925,-0.640000000000001,-0.0999999999999995));
#9425=CARTESIAN_POINT('',(10.925,-0.640000000000001,-0.0999999999999995));
#9426=CARTESIAN_POINT('',(11.25,-0.640000000000001,-0.0999999999999995));
#9427=CARTESIAN_POINT('Origin',(11.25,2.4,-0.0999999999999996));
#9428=CARTESIAN_POINT('',(10.925,2.4,-0.0999999999999995));
#9429=CARTESIAN_POINT('',(10.925,2.4,-0.0999999999999996));
#9430=CARTESIAN_POINT('',(11.25,2.4,-0.0999999999999996));
#9431=CARTESIAN_POINT('Origin',(11.25,2.4,0.40775476446865));
#9432=CARTESIAN_POINT('',(10.925,2.4,0.40775476446865));
#9433=CARTESIAN_POINT('',(10.925,2.4,-0.0999999999999996));
#9434=CARTESIAN_POINT('',(11.25,2.4,0.40775476446865));
#9435=CARTESIAN_POINT('Origin',(11.25,1.65,0.54));
#9436=CARTESIAN_POINT('',(10.925,1.65,0.54));
#9437=CARTESIAN_POINT('',(10.925,2.4,0.40775476446865));
#9438=CARTESIAN_POINT('',(11.25,1.65,0.54));
#9439=CARTESIAN_POINT('Origin',(11.25,0.1,0.540000000000001));
#9440=CARTESIAN_POINT('',(10.925,0.1,0.54));
#9441=CARTESIAN_POINT('',(10.925,2.4,0.54));
#9442=CARTESIAN_POINT('',(11.25,0.1,0.54));
#9443=CARTESIAN_POINT('Origin',(11.25,0.1,0.64));
#9444=CARTESIAN_POINT('',(10.925,0.,0.640000000000001));
#9445=CARTESIAN_POINT('Origin',(10.925,0.1,0.64));
#9446=CARTESIAN_POINT('',(11.25,-6.93889390390723E-17,0.64));
#9447=CARTESIAN_POINT('Origin',(11.25,-2.88499747755325E-15,3.88999999999979));
#9448=CARTESIAN_POINT('',(10.925,0.,3.88999999999979));
#9449=CARTESIAN_POINT('',(10.925,0.,0.540000000000001));
#9450=CARTESIAN_POINT('',(11.25,-2.08166817117217E-16,3.88999999999979));
#9451=CARTESIAN_POINT('Origin',(11.25,-0.2,3.88999999999979));
#9452=CARTESIAN_POINT('',(10.925,-0.2,4.08999999999979));
#9453=CARTESIAN_POINT('Origin',(10.925,-0.2,3.88999999999979));
#9454=CARTESIAN_POINT('',(11.25,-0.2,4.08999999999979));
#9455=CARTESIAN_POINT('Origin',(11.25,-6.25000000000006,4.09000000000032));
#9456=CARTESIAN_POINT('',(10.925,-3.03,4.09));
#9457=CARTESIAN_POINT('Origin',(10.925,-2.32500000000003,1.995));
#9458=CARTESIAN_POINT('Origin',(13.76,-7.95,1.055));
#9459=CARTESIAN_POINT('',(13.76,-7.8,0.855));
#9460=CARTESIAN_POINT('',(13.76,-7.8,1.255));
#9461=CARTESIAN_POINT('Origin',(13.76,-7.95,1.055));
#9462=CARTESIAN_POINT('',(14.26,-7.8,0.855));
#9463=CARTESIAN_POINT('',(13.76,-7.8,0.855));
#9464=CARTESIAN_POINT('',(14.26,-7.8,1.255));
#9465=CARTESIAN_POINT('Origin',(14.26,-7.95,1.055));
#9466=CARTESIAN_POINT('',(13.76,-7.8,1.255));
#9467=CARTESIAN_POINT('Origin',(13.76,-7.8,2.21));
#9468=CARTESIAN_POINT('',(13.76,-7.8,2.21));
#9469=CARTESIAN_POINT('',(13.76,-7.8,-0.1));
#9470=CARTESIAN_POINT('',(14.26,-7.8,2.21));
#9471=CARTESIAN_POINT('',(14.26,-7.8,-0.1));
#9472=CARTESIAN_POINT('',(13.76,-7.8,2.21));
#9473=CARTESIAN_POINT('Origin',(13.76,-4.8,2.21));
#9474=CARTESIAN_POINT('',(13.76,-4.8,2.21));
#9475=CARTESIAN_POINT('',(13.76,-7.8,2.21));
#9476=CARTESIAN_POINT('',(14.26,-4.8,2.21));
#9477=CARTESIAN_POINT('',(14.26,-7.8,2.21));
#9478=CARTESIAN_POINT('',(13.76,-4.8,2.21));
#9479=CARTESIAN_POINT('Origin',(13.76,-4.8,-0.0999999999999998));
#9480=CARTESIAN_POINT('',(13.76,-4.8,-0.0999999999999997));
#9481=CARTESIAN_POINT('',(13.76,-4.8,2.21));
#9482=CARTESIAN_POINT('',(14.26,-4.8,-0.0999999999999997));
#9483=CARTESIAN_POINT('',(14.26,-4.8,2.21));
#9484=CARTESIAN_POINT('',(13.76,-4.8,-0.0999999999999997));
#9485=CARTESIAN_POINT('Origin',(13.76,-7.8,-0.1));
#9486=CARTESIAN_POINT('',(13.76,-7.8,-0.1));
#9487=CARTESIAN_POINT('',(13.76,-4.8,-0.0999999999999997));
#9488=CARTESIAN_POINT('',(14.26,-7.8,-0.1));
#9489=CARTESIAN_POINT('',(14.26,-4.8,-0.0999999999999997));
#9490=CARTESIAN_POINT('',(13.76,-7.8,-0.1));
#9491=CARTESIAN_POINT('Origin',(13.76,-7.8,0.855));
#9492=CARTESIAN_POINT('',(13.76,-7.8,-0.1));
#9493=CARTESIAN_POINT('',(14.26,-7.8,-0.1));
#9494=CARTESIAN_POINT('Origin',(14.26,-6.3,1.055));
#9495=CARTESIAN_POINT('Origin',(13.76,-6.3,1.055));
#9496=CARTESIAN_POINT('Origin',(-13.76,-7.95,1.055));
#9497=CARTESIAN_POINT('',(-13.76,-7.8,0.855));
#9498=CARTESIAN_POINT('',(-13.76,-7.8,1.255));
#9499=CARTESIAN_POINT('Origin',(-13.76,-7.95,1.055));
#9500=CARTESIAN_POINT('',(-14.26,-7.8,1.255));
#9501=CARTESIAN_POINT('',(-13.76,-7.8,1.255));
#9502=CARTESIAN_POINT('',(-14.26,-7.8,0.855));
#9503=CARTESIAN_POINT('Origin',(-14.26,-7.95,1.055));
#9504=CARTESIAN_POINT('',(-13.76,-7.8,0.855));
#9505=CARTESIAN_POINT('Origin',(-13.76,-7.8,2.21));
#9506=CARTESIAN_POINT('',(-13.76,-7.8,2.21));
#9507=CARTESIAN_POINT('',(-13.76,-7.8,-0.1));
#9508=CARTESIAN_POINT('',(-14.26,-7.8,2.21));
#9509=CARTESIAN_POINT('',(-13.76,-7.8,2.21));
#9510=CARTESIAN_POINT('',(-14.26,-7.8,-0.1));
#9511=CARTESIAN_POINT('Origin',(-13.76,-4.8,2.21));
#9512=CARTESIAN_POINT('',(-13.76,-4.8,2.21));
#9513=CARTESIAN_POINT('',(-13.76,-7.8,2.21));
#9514=CARTESIAN_POINT('',(-14.26,-4.8,2.21));
#9515=CARTESIAN_POINT('',(-13.76,-4.8,2.21));
#9516=CARTESIAN_POINT('',(-14.26,-7.8,2.21));
#9517=CARTESIAN_POINT('Origin',(-13.76,-4.8,-0.0999999999999998));
#9518=CARTESIAN_POINT('',(-13.76,-4.8,-0.0999999999999997));
#9519=CARTESIAN_POINT('',(-13.76,-4.8,2.21));
#9520=CARTESIAN_POINT('',(-14.26,-4.8,-0.0999999999999997));
#9521=CARTESIAN_POINT('',(-13.76,-4.8,-0.0999999999999997));
#9522=CARTESIAN_POINT('',(-14.26,-4.8,2.21));
#9523=CARTESIAN_POINT('Origin',(-13.76,-7.8,-0.1));
#9524=CARTESIAN_POINT('',(-13.76,-7.8,-0.1));
#9525=CARTESIAN_POINT('',(-13.76,-4.8,-0.0999999999999997));
#9526=CARTESIAN_POINT('',(-14.26,-7.8,-0.1));
#9527=CARTESIAN_POINT('',(-13.76,-7.8,-0.1));
#9528=CARTESIAN_POINT('',(-14.26,-4.8,-0.0999999999999997));
#9529=CARTESIAN_POINT('Origin',(-13.76,-7.8,0.855));
#9530=CARTESIAN_POINT('',(-13.76,-7.8,-0.1));
#9531=CARTESIAN_POINT('',(-14.26,-7.8,-0.1));
#9532=CARTESIAN_POINT('Origin',(-14.26,-6.3,1.055));
#9533=CARTESIAN_POINT('Origin',(-13.76,-6.3,1.055));
#9534=UNCERTAINTY_MEASURE_WITH_UNIT(LENGTH_MEASURE(0.01),#9538,
'DISTANCE_ACCURACY_VALUE',
'Maximum model space distance between geometric entities at asserted c
onnectivities');
#9535=UNCERTAINTY_MEASURE_WITH_UNIT(LENGTH_MEASURE(0.01),#9538,
'DISTANCE_ACCURACY_VALUE',
'Maximum model space distance between geometric entities at asserted c
onnectivities');
#9536=(
GEOMETRIC_REPRESENTATION_CONTEXT(3)
GLOBAL_UNCERTAINTY_ASSIGNED_CONTEXT((#9534))
GLOBAL_UNIT_ASSIGNED_CONTEXT((#9538,#9540,#9541))
REPRESENTATION_CONTEXT('','3D')
);
#9537=(
GEOMETRIC_REPRESENTATION_CONTEXT(3)
GLOBAL_UNCERTAINTY_ASSIGNED_CONTEXT((#9535))
GLOBAL_UNIT_ASSIGNED_CONTEXT((#9538,#9540,#9541))
REPRESENTATION_CONTEXT('','3D')
);
#9538=(
LENGTH_UNIT()
NAMED_UNIT(*)
SI_UNIT(.MILLI.,.METRE.)
);
#9539=(
LENGTH_UNIT()
NAMED_UNIT(*)
SI_UNIT($,.METRE.)
);
#9540=(
NAMED_UNIT(*)
PLANE_ANGLE_UNIT()
SI_UNIT($,.RADIAN.)
);
#9541=(
NAMED_UNIT(*)
SI_UNIT($,.STERADIAN.)
SOLID_ANGLE_UNIT()
);
#9542=SHAPE_DEFINITION_REPRESENTATION(#9543,#9544);
#9543=PRODUCT_DEFINITION_SHAPE('',$,#9546);
#9544=SHAPE_REPRESENTATION('',(#6002),#9536);
#9545=PRODUCT_DEFINITION_CONTEXT('part definition',#9550,'design');
#9546=PRODUCT_DEFINITION('(Unsaved)','(Unsaved)',#9547,#9545);
#9547=PRODUCT_DEFINITION_FORMATION('',$,#9552);
#9548=PRODUCT_RELATED_PRODUCT_CATEGORY('(Unsaved)','(Unsaved)',(#9552));
#9549=APPLICATION_PROTOCOL_DEFINITION('international standard',
'automotive_design',2009,#9550);
#9550=APPLICATION_CONTEXT(
'Core Data for Automotive Mechanical Design Process');
#9551=PRODUCT_CONTEXT('part definition',#9550,'mechanical');
#9552=PRODUCT('(Unsaved)','(Unsaved)',$,(#9551));
#9553=PRESENTATION_STYLE_ASSIGNMENT((#9556));
#9554=PRESENTATION_STYLE_ASSIGNMENT((#9557));
#9555=PRESENTATION_STYLE_ASSIGNMENT((#9558));
#9556=SURFACE_STYLE_USAGE(.BOTH.,#9559);
#9557=SURFACE_STYLE_USAGE(.BOTH.,#9560);
#9558=SURFACE_STYLE_USAGE(.BOTH.,#9561);
#9559=SURFACE_SIDE_STYLE('',(#9562));
#9560=SURFACE_SIDE_STYLE('',(#9563));
#9561=SURFACE_SIDE_STYLE('',(#9564));
#9562=SURFACE_STYLE_FILL_AREA(#9565);
#9563=SURFACE_STYLE_FILL_AREA(#9566);
#9564=SURFACE_STYLE_FILL_AREA(#9567);
#9565=FILL_AREA_STYLE('Steel - Satin',(#9568));
#9566=FILL_AREA_STYLE('Nylon 6-6 (White)',(#9569));
#9567=FILL_AREA_STYLE('Silver - Polished',(#9570));
#9568=FILL_AREA_STYLE_COLOUR('Steel - Satin',#9571);
#9569=FILL_AREA_STYLE_COLOUR('Nylon 6-6 (White)',#9572);
#9570=FILL_AREA_STYLE_COLOUR('Silver - Polished',#9573);
#9571=COLOUR_RGB('Steel - Satin',0.627450980392157,0.627450980392157,0.627450980392157);
#9572=COLOUR_RGB('Nylon 6-6 (White)',1.,0.976470588235294,0.862745098039216);
#9573=COLOUR_RGB('Silver - Polished',0.984313725490196,0.980392156862745,
0.96078431372549);
ENDSEC;
END-ISO-10303-21;
